$MeshFormat
2.000000 0 8
$EndMeshFormat
$Nodes
1140
1 0.353553 -3.934062 0.000000
2 0.137746 -4.053109 0.000000
3 -0.107192 -4.059187 0.000000
4 -0.327651 -3.951369 0.000000
5 -0.466523 -3.748808 0.000000
6 -0.500000 -3.502368 0.000000
7 -0.500000 -3.252632 0.000000
8 -0.500000 -3.002895 0.000000
9 -0.500000 -2.753159 0.000000
10 -0.500000 -2.503422 0.000000
11 -0.500000 -2.253686 0.000000
12 -0.500000 -2.003950 0.000000
13 -0.500000 -1.754213 0.000000
14 -0.500000 -1.504477 0.000000
15 -0.500000 -1.254740 0.000000
16 -0.500000 -1.005004 0.000000
17 -0.542649 -0.760357 0.000000
18 -0.672396 -0.549206 0.000000
19 -0.871949 -0.402414 0.000000
20 -1.111973 -0.341468 0.000000
21 -1.361533 -0.337868 0.000000
22 -1.611269 -0.337868 0.000000
23 -1.861006 -0.337868 0.000000
24 -2.110742 -0.337868 0.000000
25 -2.360479 -0.337868 0.000000
26 -2.610215 -0.337868 0.000000
27 -2.859952 -0.337868 0.000000
28 -3.109688 -0.337868 0.000000
29 -3.359425 -0.337868 0.000000
30 -3.609161 -0.337868 0.000000
31 -3.856664 -0.315187 0.000000
32 -4.076083 -0.204859 0.000000
33 -4.210522 0.000664 0.000000
34 -4.226037 0.245602 0.000000
35 -4.126938 0.469673 0.000000
36 -3.934558 0.623687 0.000000
37 -3.688687 0.662132 0.000000
38 -3.438950 0.662132 0.000000
39 -3.189214 0.662132 0.000000
40 -2.939478 0.662132 0.000000
41 -2.689741 0.662132 0.000000
42 -2.440005 0.662132 0.000000
43 -2.190268 0.662132 0.000000
44 -1.940532 0.662132 0.000000
45 -1.690795 0.662132 0.000000
46 -1.441059 0.662132 0.000000
47 -1.191322 0.662132 0.000000
48 -0.945635 0.697761 0.000000
49 -0.730035 0.819184 0.000000
50 -0.575947 1.012750 0.000000
51 -0.505971 1.250035 0.000000
52 -0.500000 1.499478 0.000000
53 -0.500000 1.749215 0.000000
54 -0.500000 1.998951 0.000000
55 -0.500000 2.248688 0.000000
56 -0.500000 2.498424 0.000000
57 -0.472601 2.745462 0.000000
58 -0.353553 2.961269 0.000000
59 -0.137746 3.080317 0.000000
60 0.107192 3.086395 0.000000
61 0.327651 2.978577 0.000000
62 0.466523 2.776015 0.000000
63 0.500000 2.529576 0.000000
64 0.500000 2.279840 0.000000
65 0.500000 2.030103 0.000000
66 0.500000 1.780367 0.000000
67 0.500000 1.530630 0.000000
68 0.502918 1.281037 0.000000
69 0.561262 1.040224 0.000000
70 0.705954 0.838947 0.000000
71 0.915824 0.706804 0.000000
72 1.160170 0.662132 0.000000
73 1.409907 0.662132 0.000000
74 1.659643 0.662132 0.000000
75 1.909380 0.662132 0.000000
76 2.159116 0.662132 0.000000
77 2.408853 0.662132 0.000000
78 2.658589 0.662132 0.000000
79 2.908325 0.662132 0.000000
80 3.158062 0.662132 0.000000
81 3.407798 0.662132 0.000000
82 3.657535 0.662132 0.000000
83 3.904108 0.630014 0.000000
84 4.109631 0.495575 0.000000
85 4.219960 0.276155 0.000000
86 4.216600 0.031218 0.000000
87 4.100063 -0.185630 0.000000
88 3.887217 -0.309110 0.000000
89 3.640313 -0.337868 0.000000
90 3.390577 -0.337868 0.000000
91 3.140840 -0.337868 0.000000
92 2.891104 -0.337868 0.000000
93 2.641367 -0.337868 0.000000
94 2.391631 -0.337868 0.000000
95 2.141894 -0.337868 0.000000
96 1.892158 -0.337868 0.000000
97 1.642421 -0.337868 0.000000
98 1.392685 -0.337868 0.000000
99 1.142975 -0.338414 0.000000
100 0.899422 -0.387729 0.000000
101 0.692641 -0.525608 0.000000
102 0.553144 -0.731148 0.000000
103 0.501230 -0.973912 0.000000
104 0.500000 -1.223588 0.000000
105 0.500000 -1.473325 0.000000
106 0.500000 -1.723061 0.000000
107 0.500000 -1.972798 0.000000
108 0.500000 -2.222534 0.000000
109 0.500000 -2.472270 0.000000
110 0.500000 -2.722007 0.000000
111 0.500000 -2.971743 0.000000
112 0.500000 -3.221480 0.000000
113 0.500000 -3.471216 0.000000
114 0.472601 -3.718254 0.000000
115 -0.500000 2.607716 1.000000
116 -0.431580 2.844494 1.000000
117 -0.262680 3.021989 1.000000
118 -0.030553 3.101639 1.000000
119 0.210877 3.056603 1.000000
120 0.396966 2.896298 1.000000
121 0.487845 2.668823 1.000000
122 0.500000 2.420283 1.000000
123 0.500000 2.170547 1.000000
124 0.500000 1.920810 1.000000
125 0.500000 1.671074 1.000000
126 0.500000 1.421337 1.000000
127 0.515923 1.172727 1.000000
128 0.613988 0.944641 1.000000
129 0.790750 0.770078 1.000000
130 1.020410 0.675077 1.000000
131 1.269463 0.662132 1.000000
132 1.519199 0.662132 1.000000
133 1.768936 0.662132 1.000000
134 2.018672 0.662132 1.000000
135 2.268409 0.662132 1.000000
136 2.518145 0.662132 1.000000
137 2.767881 0.662132 1.000000
138 3.017618 0.662132 1.000000
139 3.267354 0.662132 1.000000
140 3.517091 0.662132 1.000000
141 3.766363 0.657413 1.000000
142 3.999529 0.580274 1.000000
143 4.170351 0.404701 1.000000
144 4.241282 0.168963 1.000000
145 4.178090 -0.068856 1.000000
146 4.011112 -0.248272 1.000000
147 3.780025 -0.330432 1.000000
148 3.531021 -0.337868 1.000000
149 3.281284 -0.337868 1.000000
150 3.031548 -0.337868 1.000000
151 2.781811 -0.337868 1.000000
152 2.532075 -0.337868 1.000000
153 2.282338 -0.337868 1.000000
154 2.032602 -0.337868 1.000000
155 1.782865 -0.337868 1.000000
156 1.533129 -0.337868 1.000000
157 1.283392 -0.337868 1.000000
158 1.034209 -0.349128 1.000000
159 0.803035 -0.439249 1.000000
160 0.622825 -0.609610 1.000000
161 0.519966 -0.835134 1.000000
162 0.500000 -1.083145 1.000000
163 0.500000 -1.332881 1.000000
164 0.500000 -1.582617 1.000000
165 0.500000 -1.832354 1.000000
166 0.500000 -2.082090 1.000000
167 0.500000 -2.331827 1.000000
168 0.500000 -2.581563 1.000000
169 0.500000 -2.831300 1.000000
170 0.500000 -3.081036 1.000000
171 0.500000 -3.330773 1.000000
172 0.500000 -3.580509 1.000000
173 0.431580 -3.817287 1.000000
174 0.262680 -3.994782 1.000000
175 0.030553 -4.074432 1.000000
176 -0.210877 -4.029396 1.000000
177 -0.396966 -3.869091 1.000000
178 -0.487845 -3.641616 1.000000
179 -0.500000 -3.393076 1.000000
180 -0.500000 -3.143340 1.000000
181 -0.500000 -2.893603 1.000000
182 -0.500000 -2.643867 1.000000
183 -0.500000 -2.394130 1.000000
184 -0.500000 -2.144394 1.000000
185 -0.500000 -1.894658 1.000000
186 -0.500000 -1.644921 1.000000
187 -0.500000 -1.395185 1.000000
188 -0.500000 -1.145448 1.000000
189 -0.508888 -0.896148 1.000000
190 -0.589979 -0.662235 1.000000
191 -0.753045 -0.476037 1.000000
192 -0.974119 -0.364856 1.000000
193 -1.221089 -0.337868 1.000000
194 -1.470825 -0.337868 1.000000
195 -1.720562 -0.337868 1.000000
196 -1.970298 -0.337868 1.000000
197 -2.220035 -0.337868 1.000000
198 -2.469771 -0.337868 1.000000
199 -2.719508 -0.337868 1.000000
200 -2.969244 -0.337868 1.000000
201 -3.218981 -0.337868 1.000000
202 -3.468717 -0.337868 1.000000
203 -3.718453 -0.337868 1.000000
204 -3.959308 -0.282886 1.000000
205 -4.143476 -0.120659 1.000000
206 -4.231845 0.107856 1.000000
207 -4.204715 0.352794 1.000000
208 -4.051333 0.545660 1.000000
209 -3.827469 0.645258 1.000000
210 -3.579394 0.662132 1.000000
211 -3.329658 0.662132 1.000000
212 -3.079922 0.662132 1.000000
213 -2.830185 0.662132 1.000000
214 -2.580449 0.662132 1.000000
215 -2.330712 0.662132 1.000000
216 -2.080976 0.662132 1.000000
217 -1.831239 0.662132 1.000000
218 -1.581503 0.662132 1.000000
219 -1.331766 0.662132 1.000000
220 -1.082350 0.668650 1.000000
221 -0.845697 0.740709 1.000000
222 -0.653512 0.896480 1.000000
223 -0.534008 1.113106 1.000000
224 -0.500000 1.359034 1.000000
225 -0.500000 1.608770 1.000000
226 -0.500000 1.858507 1.000000
227 -0.500000 2.108243 1.000000
228 -0.500000 2.357980 1.000000
229 0.185771 -3.788958 0.000000
230 -0.062089 -3.850849 0.000000
231 -0.254200 -3.673672 0.000000
232 -0.204675 -3.401902 0.000000
233 -0.237432 -3.124665 0.000000
234 -0.245912 -2.869603 0.000000
235 -0.248530 -2.618723 0.000000
236 -0.249356 -2.368220 0.000000
237 -0.249537 -2.116890 0.000000
238 -0.249466 -1.863840 0.000000
239 -0.249573 -1.607784 0.000000
240 -0.252792 -1.348030 0.000000
241 -0.283208 -1.096327 0.000000
242 -0.325573 -0.838685 0.000000
243 -0.373680 -0.583269 0.000000
244 -0.687138 -0.244578 0.000000
245 -0.945888 -0.166931 0.000000
246 -1.215739 -0.114322 0.000000
247 -1.486608 -0.098316 0.000000
248 -1.725380 -0.138902 0.000000
249 -1.957891 -0.083660 0.000000
250 -2.223768 -0.075901 0.000000
251 -2.488091 -0.082938 0.000000
252 -2.744361 -0.087276 0.000000
253 -2.994716 -0.091249 0.000000
254 -3.239047 -0.098188 0.000000
255 -3.475643 -0.110415 0.000000
256 -3.712799 -0.094679 0.000000
257 -3.940700 -0.033968 0.000000
258 -4.015051 0.209212 0.000000
259 -3.847120 0.410027 0.000000
260 -3.572027 0.364644 0.000000
261 -3.296257 0.398790 0.000000
262 -3.040639 0.408009 0.000000
263 -2.787985 0.411538 0.000000
264 -2.534686 0.414815 0.000000
265 -2.283172 0.423957 0.000000
266 -2.058179 0.465821 0.000000
267 -1.824721 0.411468 0.000000
268 -1.549963 0.402953 0.000000
269 -1.281584 0.440205 0.000000
270 -1.012368 0.486496 0.000000
271 -0.749299 0.563922 0.000000
272 -0.482500 0.730726 0.000000
273 -0.360475 1.031202 0.000000
274 -0.303744 1.308536 0.000000
275 -0.268270 1.579384 0.000000
276 -0.252762 1.845374 0.000000
277 -0.258447 2.103128 0.000000
278 -0.270319 2.346979 0.000000
279 -0.251195 2.586468 0.000000
280 -0.185560 2.813895 0.000000
281 0.062281 2.876268 0.000000
282 0.254565 2.698394 0.000000
283 0.205978 2.421764 0.000000
284 0.237939 2.137217 0.000000
285 0.248588 1.870978 0.000000
286 0.278304 1.614468 0.000000
287 0.308335 1.349146 0.000000
288 0.350279 1.077930 0.000000
289 0.472771 0.811334 0.000000
290 0.681547 0.563399 0.000000
291 0.982388 0.492274 0.000000
292 1.250197 0.447771 0.000000
293 1.504786 0.415926 0.000000
294 1.765911 0.412138 0.000000
295 2.022666 0.411793 0.000000
296 2.276372 0.411825 0.000000
297 2.528631 0.411802 0.000000
298 2.780622 0.411576 0.000000
299 3.033552 0.410874 0.000000
300 3.289299 0.409049 0.000000
301 3.551031 0.405699 0.000000
302 3.816949 0.415256 0.000000
303 3.992873 0.222106 0.000000
304 3.943030 -0.026755 0.000000
305 3.740154 -0.122997 0.000000
306 3.520450 -0.095449 0.000000
307 3.274223 -0.089664 0.000000
308 3.022992 -0.088263 0.000000
309 2.771381 -0.087856 0.000000
310 2.519746 -0.087660 0.000000
311 2.267488 -0.087416 0.000000
312 2.013442 -0.086938 0.000000
313 1.755506 -0.086087 0.000000
314 1.490131 -0.086178 0.000000
315 1.219156 -0.105330 0.000000
316 0.936704 -0.154304 0.000000
317 0.628589 -0.246344 0.000000
318 0.430249 -0.503026 0.000000
319 0.322194 -0.771656 0.000000
320 0.270264 -1.053705 0.000000
321 0.249656 -1.324953 0.000000
322 0.248802 -1.589976 0.000000
323 0.249394 -1.847478 0.000000
324 0.249887 -2.100871 0.000000
325 0.250438 -2.351978 0.000000
326 0.251512 -2.601336 0.000000
327 0.254122 -2.848437 0.000000
328 0.260343 -3.091418 0.000000
329 0.271518 -3.327696 0.000000
330 0.252152 -3.563819 0.000000
331 -0.006870 -3.623853 0.000000
332 0.008832 -2.978440 0.000000
333 0.003267 -2.732766 0.000000
334 0.001209 -2.483982 0.000000
335 0.000441 -2.233227 0.000000
336 0.000115 -1.980072 0.000000
337 -0.000172 -1.722638 0.000000
338 -0.000838 -1.455381 0.000000
339 -0.002135 -1.156743 0.000000
340 -0.124813 -0.927525 0.000000
341 -0.426759 -0.317661 0.000000
342 -0.137467 1.096473 0.000000
343 -0.122423 -0.681507 0.000000
344 -0.765916 0.011240 0.000000
345 -1.342986 0.155765 0.000000
346 -2.060610 0.199069 0.000000
347 -2.367382 0.172281 0.000000
348 -2.633429 0.164457 0.000000
349 -2.888278 0.159966 0.000000
350 -3.136323 0.153314 0.000000
351 -3.373981 0.137416 0.000000
352 -3.582917 0.094781 0.000000
353 -3.784353 0.162334 0.000000
354 -1.707515 0.129567 0.000000
355 -0.827776 0.287527 0.000000
356 0.829615 0.292002 0.000000
357 -1.100974 0.283458 0.000000
358 -0.537524 0.417751 0.000000
359 -0.208586 0.799452 0.000000
360 -0.086727 1.375709 0.000000
361 -0.022310 2.226994 0.000000
362 -0.062821 2.444165 0.000000
363 0.007634 2.646044 0.000000
364 -0.006946 1.971760 0.000000
365 -1.030697 0.069052 0.000000
366 -0.000265 1.675281 0.000000
367 0.111317 1.153527 0.000000
368 0.118330 1.437284 0.000000
369 0.228145 0.839307 0.000000
370 0.088255 -0.851970 0.000000
371 1.080976 0.292375 0.000000
372 0.363269 0.559554 0.000000
373 1.315975 0.168125 0.000000
374 2.143016 0.162344 0.000000
375 2.397315 0.162139 0.000000
376 2.650169 0.161944 0.000000
377 2.903188 0.161515 0.000000
378 3.158284 0.160279 0.000000
379 3.420099 0.156327 0.000000
380 3.709477 0.141020 0.000000
381 1.616612 0.164185 0.000000
382 1.015965 0.079674 0.000000
383 0.305198 -0.249226 0.000000
384 0.064435 -3.425858 0.000000
385 0.725621 0.044068 0.000000
386 0.130497 -0.531908 0.000000
387 0.023785 -3.215825 0.000000
388 1.884770 0.162815 0.000000
389 -0.493529 -0.047623 0.000000
390 -0.160319 -0.407620 0.000000
391 0.542123 0.295181 0.000000
392 -0.261184 0.498517 0.000000
393 0.042603 0.587004 0.000000
394 -0.593579 0.176935 0.000000
395 0.042899 -0.252207 0.000000
396 0.427627 0.021537 0.000000
397 -0.189252 -0.079471 0.000000
398 -0.344598 0.202777 0.000000
399 0.007090 0.893126 0.000000
400 0.127390 0.003080 0.000000
401 0.238928 0.286115 0.000000
402 -0.060841 0.250576 0.000000
403 -0.500000 2.204706 0.750062
404 0.248033 -4.004568 0.206943
405 0.008564 -4.078805 0.228562
406 -0.234879 -4.013358 0.248933
407 -0.417255 -3.838726 0.250802
408 -0.495942 -3.600908 0.250467
409 -0.500000 -3.350679 0.250144
410 -0.500000 -3.100705 0.250048
411 -0.500000 -2.850844 0.250018
412 -0.500000 -2.601048 0.250006
413 -0.500000 -2.351291 0.250001
414 -0.500000 -2.101562 0.249997
415 -0.500000 -1.851866 0.249993
416 -0.500000 -1.602217 0.249989
417 -0.500000 -1.352652 0.249991
418 -0.500000 -1.103224 0.250037
419 -0.514211 -0.854106 0.250238
420 -0.610816 -0.624243 0.250269
421 -0.786888 -0.448262 0.250213
422 -1.016287 -0.352065 0.250087
423 -1.264837 -0.337868 0.249980
424 -1.514167 -0.337868 0.249975
425 -1.763687 -0.337868 0.249983
426 -2.013302 -0.337868 0.249989
427 -2.262955 -0.337868 0.249990
428 -2.512615 -0.337868 0.249987
429 -2.762243 -0.337868 0.249980
430 -3.011794 -0.337868 0.249965
431 -3.261179 -0.337868 0.249940
432 -3.510248 -0.337868 0.249908
433 -3.758670 -0.334679 0.249888
434 -3.993178 -0.260254 0.249927
435 -4.166335 -0.086448 0.250022
436 -4.239667 0.147183 0.249734
437 -4.181954 0.387335 0.249660
438 -4.015600 0.569536 0.250028
439 -3.783520 0.654001 0.250088
440 -3.535184 0.662132 0.249962
441 -3.286123 0.662132 0.249965
442 -3.036705 0.662132 0.249980
443 -2.787132 0.662132 0.249989
444 -2.537486 0.662132 0.249992
445 -2.287818 0.662132 0.249992
446 -2.038152 0.662132 0.249988
447 -1.788530 0.662132 0.249982
448 -1.538997 0.662132 0.249972
449 -1.289666 0.662132 0.249968
450 -1.040703 0.672752 0.250031
451 -0.808091 0.760810 0.249980
452 -0.626236 0.929717 0.249914
453 -0.521439 1.154543 0.249903
454 -0.500000 1.402698 0.249928
455 -0.500000 1.651835 0.249937
456 -0.500000 1.901104 0.249927
457 -0.500000 2.150225 0.249890
458 -0.500000 2.398872 0.249824
459 -0.492300 2.646426 0.249752
460 -0.409423 2.877655 0.249948
461 0.420694 -3.833579 0.201301
462 -0.230293 3.043630 0.249896
463 0.008587 3.106008 0.249680
464 0.244796 3.033939 0.249808
465 0.419828 2.862083 0.249868
466 0.496457 2.625530 0.249954
467 0.500000 2.376542 0.249907
468 0.500000 2.127330 0.249936
469 0.500000 1.878003 0.249951
470 0.500000 1.628774 0.249950
471 0.500000 1.379975 0.249958
472 0.527825 1.133489 0.250000
473 0.640325 0.912549 0.249945
474 0.827954 0.750193 0.249908
475 1.063610 0.670496 0.249863
476 1.312990 0.662132 0.249896
477 1.562541 0.662132 0.249951
478 1.812210 0.662132 0.249996
479 2.062027 0.662132 0.250041
480 2.312039 0.662132 0.250111
481 2.562389 0.662132 0.250255
482 2.813356 0.662132 0.250575
483 3.065494 0.662132 0.251289
484 3.319659 0.662132 0.252720
485 3.576122 0.662132 0.253826
486 3.825317 0.645687 0.237519
487 4.058671 0.540757 0.227782
488 4.208535 0.333588 0.248797
489 4.225874 0.077841 0.250522
490 4.122689 -0.151768 0.250756
491 3.923868 -0.301819 0.249878
492 3.675915 -0.337868 0.249887
493 3.425906 -0.337868 0.249945
494 3.176055 -0.337868 0.249974
495 2.926271 -0.337868 0.249985
496 2.676529 -0.337868 0.249987
497 2.426815 -0.337868 0.249980
498 2.177148 -0.337868 0.249963
499 1.927552 -0.337868 0.249923
500 1.678107 -0.337868 0.249836
501 1.428950 -0.337868 0.249652
502 1.180401 -0.337868 0.249285
503 0.936021 -0.376413 0.248340
504 0.724555 -0.499417 0.245328
505 0.576403 -0.687634 0.237777
506 0.507635 -0.908878 0.221888
507 0.500000 -1.146464 0.216822
508 0.500000 -1.384495 0.234452
509 0.500000 -1.629080 0.243706
510 0.500000 -1.877023 0.247365
511 0.500000 -2.126383 0.248298
512 0.500000 -2.376177 0.247330
513 0.500000 -2.625216 0.243277
514 0.500000 -2.869324 0.231521
515 0.500000 -3.093270 0.200434
516 0.500000 -3.325110 0.302884
517 0.497448 -3.593336 0.234947
518 -0.481633 2.700056 0.750151
519 -0.378671 2.923678 0.750093
520 -0.182323 3.071450 0.749642
521 0.063284 3.095128 0.749666
522 0.291521 3.002718 0.749794
523 0.451836 2.814179 0.749844
524 0.500000 2.570762 0.749875
525 0.500000 2.321946 0.750015
526 0.500000 2.072727 0.750036
527 0.500000 1.823370 0.750045
528 0.500000 1.574025 0.750054
529 0.500000 1.324821 0.750017
530 0.544288 1.079220 0.749934
531 0.676662 0.868272 0.749929
532 0.878342 0.723260 0.749886
533 1.119320 0.665009 0.749882
534 1.367933 0.662132 0.749972
535 1.617253 0.662132 0.749995
536 1.866881 0.662132 0.749999
537 2.116700 0.662132 0.750002
538 2.366743 0.662132 0.750012
539 2.617141 0.662132 0.750054
540 2.868204 0.662132 0.750194
541 3.120515 0.662132 0.750646
542 3.375079 0.662132 0.752202
543 3.632596 0.662132 0.758509
544 3.882771 0.634258 0.788966
545 4.077520 0.528162 0.837898
546 4.192754 0.371171 0.775593
547 4.238550 0.141568 0.752902
548 4.161919 -0.093057 0.749627
549 3.984495 -0.266056 0.749521
550 3.745753 -0.337249 0.749711
551 3.496042 -0.337868 0.749870
552 3.246265 -0.337868 0.749940
553 2.996496 -0.337868 0.749972
554 2.746745 -0.337868 0.749986
555 2.497022 -0.337868 0.749991
556 2.247327 -0.337868 0.749990
557 1.997688 -0.337868 0.749979
558 1.748137 -0.337868 0.749949
559 1.498764 -0.337868 0.749864
560 1.249717 -0.337868 0.749609
561 1.001655 -0.356504 0.748978
562 0.775285 -0.457784 0.747358
563 0.603803 -0.636373 0.742786
564 0.511640 -0.868207 0.729644
565 0.500000 -1.129215 0.688222
566 0.500000 -1.417779 0.732477
567 0.500000 -1.676983 0.744019
568 0.500000 -1.929815 0.747469
569 0.500000 -2.181388 0.748006
570 0.500000 -2.433758 0.746407
571 0.500000 -2.689199 0.740927
572 0.500000 -2.953130 0.725362
573 0.500000 -3.242883 0.683723
574 0.500000 -3.472130 0.795572
575 -0.500000 2.453155 0.750069
576 0.476551 -3.698395 0.787575
577 0.366271 -3.915029 0.800913
578 0.168423 -4.047008 0.807328
579 -0.071139 -4.066359 0.784031
580 -0.287687 -3.978073 0.754903
581 -0.449590 -3.790334 0.750594
582 -0.500000 -3.545795 0.749956
583 -0.500000 -3.295889 0.749988
584 -0.500000 -3.046000 0.749993
585 -0.500000 -2.796174 0.749995
586 -0.500000 -2.546393 0.749997
587 -0.500000 -2.296644 0.750000
588 -0.500000 -2.046923 0.750003
589 -0.500000 -1.797238 0.750010
590 -0.500000 -1.547618 0.750023
591 -0.500000 -1.298127 0.750050
592 -0.500000 -1.048917 0.750086
593 -0.530155 -0.801547 0.750121
594 -0.645836 -0.581570 0.750212
595 -0.835523 -0.421884 0.750211
596 -1.071245 -0.345480 0.750099
597 -1.319610 -0.337868 0.750066
598 -1.568827 -0.337868 0.750037
599 -1.818325 -0.337868 0.750021
600 -2.067935 -0.337868 0.750013
601 -2.317590 -0.337868 0.750009
602 -2.567244 -0.337868 0.750010
603 -2.816862 -0.337868 0.750016
604 -3.066382 -0.337868 0.750032
605 -3.315704 -0.337868 0.750064
606 -3.564611 -0.337868 0.750120
607 -3.812316 -0.324009 0.750187
608 -4.039202 -0.229502 0.750033
609 -4.197222 -0.040221 0.750027
610 -4.234658 0.202262 0.749581
611 -4.151123 0.433478 0.749678
612 -3.969541 0.600312 0.749917
613 -3.729656 0.662132 0.749938
614 -3.480860 0.662132 0.750041
615 -3.231596 0.662132 0.750041
616 -2.982110 0.662132 0.750026
617 -2.732508 0.662132 0.750015
618 -2.482855 0.662132 0.750010
619 -2.233183 0.662132 0.750008
620 -1.983526 0.662132 0.750011
621 -1.733918 0.662132 0.750020
622 -1.484433 0.662132 0.750039
623 -1.235217 0.662132 0.750070
624 -0.987144 0.685169 0.750120
625 -0.762833 0.792267 0.750171
626 -0.595773 0.975658 0.750135
627 -0.510071 1.208403 0.749956
628 -0.500000 1.457199 0.750026
629 -0.500000 1.706392 0.750035
630 -0.500000 1.955650 0.750045
631 0.354356 -3.932859 0.403322
632 -0.121250 -4.056391 0.502586
633 -0.358480 -3.926688 0.501105
634 -0.476352 -3.699398 0.500221
635 -0.500000 -3.448739 0.500118
636 -0.500000 -3.198474 0.500042
637 -0.500000 -2.948498 0.500013
638 -0.500000 -2.698650 0.500003
639 -0.500000 -2.448866 0.500000
640 -0.500000 -2.199125 0.499999
641 -0.500000 -1.949427 0.500000
642 -0.500000 -1.699787 0.500002
643 -0.500000 -1.450253 0.500012
644 -0.500000 -1.200910 0.500047
645 -0.503406 -0.951819 0.500215
646 -0.564141 -0.710574 0.500302
647 -0.711290 -0.510303 0.500307
648 -0.922981 -0.380369 0.500213
649 -1.167922 -0.337868 0.500028
650 -1.417011 -0.337868 0.500010
651 -1.666351 -0.337868 0.500004
652 -1.915867 -0.337868 0.500002
653 -2.165466 -0.337868 0.500000
654 -2.415097 -0.337868 0.499998
655 -2.664704 -0.337868 0.499997
656 -2.914234 -0.337868 0.499995
657 -3.163584 -0.337868 0.499995
658 -3.412591 -0.337868 0.500005
659 -3.660944 -0.337868 0.500076
660 -3.905794 -0.305415 0.500000
661 -4.111543 -0.168450 0.499728
662 -4.220707 0.051866 0.499735
663 -4.215979 0.296169 0.499582
664 -4.097381 0.513909 0.499647
665 -3.879543 0.634900 0.499714
666 -3.632044 0.662132 0.499948
667 -3.383221 0.662132 0.500006
668 -3.133999 0.662132 0.500009
669 -2.884543 0.662132 0.500006
670 -2.634959 0.662132 0.500003
671 -2.385326 0.662132 0.500001
672 -2.135680 0.662132 0.499999
673 -1.886075 0.662132 0.499999
674 -1.636557 0.662132 0.500001
675 -1.387224 0.662132 0.500015
676 -1.138138 0.663156 0.500095
677 -0.894604 0.714568 0.500060
678 -0.688395 0.853975 0.499997
679 -0.550251 1.060823 0.499882
680 -0.500519 1.305393 0.499899
681 -0.500000 1.554545 0.499972
682 -0.500000 1.803697 0.499980
683 -0.500000 2.052732 0.499971
684 -0.500000 2.301409 0.499951
685 -0.500000 2.549449 0.499972
686 -0.462902 2.794221 0.499881
687 -0.311317 2.989491 0.499685
688 -0.087341 3.090343 0.499746
689 0.157234 3.076441 0.499744
690 0.365905 2.942783 0.499626
691 0.477478 2.720943 0.499563
692 0.500000 2.473232 0.499886
693 0.500000 2.224443 0.499963
694 0.500000 1.975317 0.499992
695 0.500000 1.726138 0.500007
696 0.500000 1.477127 0.500017
697 0.508106 1.228356 0.500061
698 0.586771 0.992501 0.499955
699 0.748450 0.804071 0.499870
700 0.969260 0.690594 0.499786
701 1.216232 0.662132 0.499817
702 1.465388 0.662132 0.499925
703 1.714869 0.662132 0.499979
704 1.964605 0.662132 0.500013
705 2.214586 0.662132 0.500056
706 2.464949 0.662132 0.500143
707 2.715983 0.662132 0.500354
708 2.968375 0.662132 0.500880
709 3.223650 0.662132 0.502237
710 3.486016 0.662132 0.505996
711 3.771998 0.656293 0.519715
712 3.985841 0.589420 0.421958
713 4.176853 0.394969 0.501990
714 4.234730 0.122362 0.500172
715 4.144665 -0.118879 0.499952
716 3.956261 -0.284922 0.499857
717 3.711217 -0.337868 0.499699
718 3.461105 -0.337868 0.499866
719 3.211211 -0.337868 0.499940
720 2.961405 -0.337868 0.499971
721 2.711654 -0.337868 0.499982
722 2.461939 -0.337868 0.499982
723 2.212282 -0.337868 0.499969
724 1.962705 -0.337868 0.499937
725 1.713299 -0.337868 0.499860
726 1.464199 -0.337868 0.499680
727 1.215704 -0.337868 0.499264
728 0.969701 -0.366196 0.498213
729 0.751267 -0.477495 0.495224
730 0.592488 -0.657541 0.487312
731 0.511343 -0.871230 0.467290
732 0.500000 -1.068226 0.414535
733 0.500000 -1.285631 0.465178
734 0.500000 -1.529690 0.486760
735 0.500000 -1.778804 0.494818
736 0.500000 -2.029090 0.497350
737 0.500000 -2.280165 0.497022
738 0.500000 -2.532660 0.493396
739 0.500000 -2.788211 0.482086
740 0.500000 -3.051402 0.447188
741 0.500000 -3.543565 0.538925
742 0.273274 -3.987703 0.607455
743 0.075941 -4.065403 0.621412
744 0.146413 -4.051386 0.419175
745 0.467426 -3.744271 0.395896
746 4.037763 0.554727 0.634590
747 0.432621 -3.815730 0.595360
748 -0.254843 2.236902 1.000000
749 -0.279724 2.682822 1.000000
750 -0.146526 2.854916 1.000000
751 0.105389 2.845959 1.000000
752 0.233073 2.589884 1.000000
753 0.243803 2.291063 1.000000
754 0.247175 2.024305 1.000000
755 0.250456 1.762646 1.000000
756 0.277336 1.511817 1.000000
757 0.305675 1.254930 1.000000
758 0.319406 0.992049 1.000000
759 0.575724 0.624349 1.000000
760 0.825459 0.521497 1.000000
761 1.090209 0.442775 1.000000
762 1.359821 0.411923 1.000000
763 1.627749 0.410479 1.000000
764 1.887191 0.411171 1.000000
765 2.141841 0.411655 1.000000
766 2.394017 0.411913 1.000000
767 2.644895 0.412059 1.000000
768 2.895024 0.412166 1.000000
769 3.144601 0.412240 1.000000
770 3.393612 0.411935 1.000000
771 3.641890 0.408520 1.000000
772 3.889734 0.389286 1.000000
773 4.017281 0.166438 1.000000
774 3.896154 -0.059011 1.000000
775 3.648750 -0.081611 1.000000
776 3.400617 -0.086721 1.000000
777 3.151603 -0.087619 1.000000
778 2.902015 -0.087770 1.000000
779 2.651889 -0.087758 1.000000
780 2.401031 -0.087678 1.000000
781 2.148897 -0.087528 1.000000
782 1.894318 -0.087317 1.000000
783 1.634946 -0.087354 1.000000
784 1.366855 -0.090724 1.000000
785 1.096101 -0.125688 1.000000
786 0.823315 -0.215810 1.000000
787 0.540311 -0.369769 1.000000
788 0.390463 -0.648669 1.000000
789 0.298084 -0.918544 1.000000
790 0.256121 -1.186903 1.000000
791 0.250702 -1.454231 1.000000
792 0.249950 -1.713315 1.000000
793 0.249893 -1.967764 1.000000
794 0.249957 -2.219852 1.000000
795 0.250072 -2.470679 1.000000
796 0.250284 -2.720775 1.000000
797 0.250715 -2.970309 1.000000
798 0.251411 -3.219278 1.000000
799 0.250994 -3.467709 1.000000
800 -0.265819 2.473967 1.000000
801 0.237679 -3.716133 1.000000
802 0.019220 -3.853264 1.000000
803 -0.210793 -3.744846 1.000000
804 -0.239145 -3.498381 1.000000
805 -0.247142 -3.250600 1.000000
806 -0.249091 -3.001617 1.000000
807 -0.249633 -2.752031 1.000000
808 -0.249750 -2.501929 1.000000
809 -0.249660 -2.251148 1.000000
810 -0.249356 -1.999175 1.000000
811 -0.248691 -1.744969 1.000000
812 -0.247537 -1.486444 1.000000
813 -0.247844 -1.220637 1.000000
814 -0.274237 -0.954359 1.000000
815 -0.345994 -0.691684 1.000000
816 -0.436545 -0.435268 1.000000
817 -0.795300 -0.128902 1.000000
818 -1.072396 -0.087576 1.000000
819 -1.347041 -0.083818 1.000000
820 -1.609825 -0.085714 1.000000
821 -1.866172 -0.086901 1.000000
822 -2.119245 -0.087467 1.000000
823 -2.370629 -0.087756 1.000000
824 -2.621105 -0.087981 1.000000
825 -2.871009 -0.088324 1.000000
826 -3.120432 -0.089044 1.000000
827 -3.369312 -0.090493 1.000000
828 -3.617769 -0.092155 1.000000
829 -3.867180 -0.085317 1.000000
830 -4.013629 0.128289 1.000000
831 -3.917940 0.362720 1.000000
832 -3.672439 0.396844 1.000000
833 -3.424981 0.407654 1.000000
834 -3.176042 0.410624 1.000000
835 -2.926521 0.411566 1.000000
836 -2.676604 0.411877 1.000000
837 -2.426209 0.411964 1.000000
838 -2.175031 0.411976 1.000000
839 -1.922363 0.412036 1.000000
840 -1.666745 0.412493 1.000000
841 -1.405111 0.414950 1.000000
842 -1.131819 0.428700 1.000000
843 -0.854430 0.503023 1.000000
844 -0.594612 0.668857 1.000000
845 -0.409345 0.904597 1.000000
846 -0.321541 1.180663 1.000000
847 -0.275549 1.455580 1.000000
848 -0.252536 1.722420 1.000000
849 -0.251220 1.984606 1.000000
850 -0.051658 2.634117 1.000000
851 -0.004104 2.130137 1.000000
852 0.610649 0.360290 1.000000
853 0.878646 0.275543 1.000000
854 -0.002158 1.862732 1.000000
855 -0.004526 1.568638 1.000000
856 0.111156 1.345934 1.000000
857 -0.012835 2.389441 1.000000
858 0.320397 0.711924 1.000000
859 1.482321 0.160711 1.000000
860 1.755289 0.161646 1.000000
861 2.015406 0.161968 1.000000
862 2.270117 0.162084 1.000000
863 2.522237 0.162137 1.000000
864 2.772985 0.162186 1.000000
865 3.022855 0.162285 1.000000
866 3.271914 0.162529 1.000000
867 3.519909 0.163127 1.000000
868 3.766883 0.164328 1.000000
869 0.012737 -1.010864 1.000000
870 0.601368 -0.087653 1.000000
871 0.878414 0.022766 1.000000
872 0.151138 -0.724679 1.000000
873 -0.521295 -0.176792 1.000000
874 0.003857 -1.322568 1.000000
875 0.001454 -1.594191 1.000000
876 0.000595 -1.853755 1.000000
877 0.000277 -2.108194 1.000000
878 0.000203 -2.360200 1.000000
879 0.000309 -2.610885 1.000000
880 0.000710 -2.860723 1.000000
881 0.001791 -3.109734 1.000000
882 0.004466 -3.357610 1.000000
883 -1.500016 0.165166 1.000000
884 0.009825 -3.604203 1.000000
885 -1.221063 0.171297 1.000000
886 -0.101913 -0.738318 1.000000
887 -0.177935 -0.471931 1.000000
888 -0.893036 0.197794 1.000000
889 -1.762938 0.163155 1.000000
890 -2.019039 0.162449 1.000000
891 -2.271913 0.162171 1.000000
892 -2.523141 0.161988 1.000000
893 -2.773453 0.161692 1.000000
894 -3.023096 0.160978 1.000000
895 -3.272000 0.159162 1.000000
896 -3.519737 0.154668 1.000000
897 -3.766035 0.145157 1.000000
898 -0.099496 1.272512 1.000000
899 -0.273961 0.645035 1.000000
900 -0.152772 0.983352 1.000000
901 0.090156 1.103191 1.000000
902 -0.586609 0.399655 1.000000
903 0.255567 -0.455161 1.000000
904 1.166169 0.157172 1.000000
905 -0.200609 -0.176657 1.000000
906 0.056754 0.814107 1.000000
907 0.327265 -0.184266 1.000000
908 -0.587556 0.111788 1.000000
909 0.346807 0.426650 1.000000
910 0.671005 0.138825 1.000000
911 0.034985 -0.536365 1.000000
912 -0.315068 0.311619 1.000000
913 0.053122 -0.298068 1.000000
914 -0.344219 0.040967 1.000000
915 0.401299 0.121777 1.000000
916 0.020149 0.477592 1.000000
917 0.106693 -0.027958 1.000000
918 0.155868 0.232087 1.000000
919 -0.097616 0.144514 1.000000
920 -0.206404 -3.650864 0.340976
921 -0.208711 -3.628850 0.704551
922 -0.244453 -3.134700 0.393857
923 -0.220429 -2.882462 0.361983
924 -0.281968 -2.029141 0.393624
925 -0.231778 -2.545236 0.339279
926 -0.250570 -2.570336 0.728687
927 0.214949 -2.560821 0.701244
928 -0.175205 -2.299400 0.593021
929 0.167535 -1.444002 0.342906
930 0.202982 -1.849259 0.326147
931 -0.143773 -1.676536 0.285515
932 -0.228091 -1.953785 0.763357
933 -0.191959 -1.284728 0.305616
934 -0.170327 -1.725752 0.653137
935 -0.268556 -1.098311 0.522362
936 0.240163 -1.088192 0.284766
937 -0.235097 -0.835160 0.527558
938 -0.213112 -0.846324 0.796570
939 -0.213230 -1.113799 0.783954
940 -1.706720 0.077303 0.394733
941 -2.968658 0.446262 0.438719
942 -2.753706 0.081967 0.381889
943 -2.890382 -0.046581 0.696089
944 -3.071280 0.224423 0.682717
945 -3.556835 0.189327 0.697336
946 -3.261417 0.440511 0.388996
947 -3.269937 -0.045958 0.673969
948 -3.893391 0.214092 0.616826
949 -3.292763 0.355036 0.723403
950 -2.858933 0.419061 0.711478
951 -2.328709 0.435070 0.350565
952 -2.666864 0.409465 0.312832
953 -2.046379 0.385370 0.266647
954 -1.824829 0.458548 0.779530
955 -1.759246 0.363818 0.384329
956 -1.389294 0.430547 0.347823
957 -1.301118 0.411035 0.655529
958 -0.978525 0.422038 0.336413
959 -0.752609 0.419059 0.657537
960 -1.054106 0.102700 0.642903
961 -0.509105 0.551200 0.334298
962 0.038145 1.026099 0.323140
963 0.263836 1.024524 0.675905
964 -0.216762 1.618087 0.317322
965 -0.244722 1.240236 0.361028
966 -0.258011 1.384871 0.732068
967 -0.199046 0.705494 0.358979
968 -0.317537 0.833036 0.753489
969 -0.126281 1.160617 0.682795
970 0.139976 1.914619 0.286944
971 0.189482 1.581200 0.296012
972 -0.177778 2.193653 0.301329
973 -0.246686 1.655146 0.738104
974 -0.217027 2.361622 0.612626
975 -0.182413 1.957363 0.658449
976 0.174912 2.413794 0.323460
977 -0.045585 2.728811 0.320661
978 0.143390 1.302241 0.336283
979 0.156375 1.351158 0.749825
980 0.190200 1.661150 0.720424
981 1.004126 0.354943 0.303371
982 0.774342 0.128935 0.472732
983 0.777963 0.104136 0.776324
984 0.694909 0.477234 0.326569
985 0.564536 0.582786 0.625110
986 0.916676 0.435879 0.741407
987 1.333051 0.458613 0.389761
988 1.667165 0.346076 0.351812
989 1.638154 0.430113 0.765672
990 1.905117 0.493964 0.407055
991 3.148228 0.404809 0.393273
992 2.886705 0.159294 0.371065
993 2.546609 0.332155 0.311309
994 2.502964 0.414472 0.638058
995 2.202414 0.294756 0.750717
996 2.570069 0.075304 0.723150
997 2.226282 0.359222 0.394384
998 2.798592 0.388427 0.740294
999 3.282402 0.023035 0.373571
1000 3.107358 0.493659 0.743605
1001 3.912476 0.240902 0.352926
1002 2.135239 0.017468 0.275611
1003 1.828258 -0.008457 0.320659
1004 0.251151 -0.023648 0.395151
1005 0.648324 -0.119559 0.460703
1006 0.226294 -0.766951 0.524576
1007 0.148050 -2.336517 0.341264
1008 0.227080 -2.296296 0.717445
1009 0.127771 -2.660694 0.468380
1010 0.215938 -2.891943 0.532618
1011 0.066266 -3.093892 0.341190
1012 0.147387 -3.713040 0.522253
1013 -0.715438 0.145822 0.499607
1014 -0.790907 -0.019391 0.735922
1015 -0.172404 -0.368140 0.501939
1016 -0.288949 -0.172980 0.343557
1017 0.187589 -0.450321 0.396157
1018 0.127840 -0.445828 0.762334
1019 -0.572348 -0.243233 0.560997
1020 -0.414092 0.105232 0.390371
1021 -0.460904 0.121021 0.745344
1022 -2.145735 0.028539 0.368181
1023 -2.070570 0.106294 0.782649
1024 -1.440255 0.138433 0.410289
1025 1.091925 -0.039784 0.348232
1026 1.457232 0.312125 0.616656
1027 2.444515 -0.046979 0.333189
1028 2.856357 -0.030925 0.737610
1029 3.115222 0.184712 0.747323
1030 3.464025 0.003264 0.700087
1031 3.857148 0.098390 0.713009
1032 0.212152 -1.658134 0.696243
1033 1.569022 -0.035514 0.337682
1034 1.305996 0.026902 0.672480
1035 0.200376 -1.964341 0.703914
1036 0.197153 -2.855343 0.795823
1037 0.233012 0.711357 0.332825
1038 0.478064 0.219777 0.401899
1039 0.087162 0.274873 0.489997
1040 0.048489 -0.216272 0.492868
1041 0.076706 -0.128903 0.777222
1042 -0.054001 0.432409 0.253988
1043 0.465587 0.125814 0.728860
1044 0.177073 0.075856 0.764524
1045 -0.072606 2.704507 0.701874
1046 0.196526 1.957616 0.628653
1047 0.119818 2.267678 0.723298
1048 1.243808 0.436796 0.775739
1049 1.923230 0.360463 0.657293
1050 1.648380 0.004786 0.690462
1051 0.434369 -0.313735 0.690739
1052 0.210069 -1.370632 0.698125
1053 0.172053 -3.228471 0.722396
1054 -0.202714 -3.213205 0.797075
1055 -0.258113 -2.968161 0.675146
1056 -0.171464 -1.391279 0.659087
1057 0.143262 -1.096290 0.616391
1058 -2.473033 -0.016219 0.696357
1059 -2.531540 0.355572 0.646491
1060 -2.319256 0.364897 0.802432
1061 -1.627826 0.223118 0.701400
1062 -1.372934 0.065198 0.737206
1063 0.012946 0.370511 0.761917
1064 -0.161549 0.097465 0.756558
1065 -0.347561 0.508926 0.729041
1066 -0.020980 -0.661043 0.742382
1067 -0.098220 -3.361464 0.252057
1068 -0.077274 -2.124876 0.243022
1069 -0.052610 -2.718334 0.614988
1070 -0.032128 -2.071819 0.543974
1071 -0.293520 -0.904155 0.258799
1072 -0.049566 -0.967870 0.266109
1073 -0.339942 -0.548662 0.294594
1074 -1.518594 -0.094500 0.276070
1075 -1.810510 -0.118552 0.320067
1076 -3.013166 0.306867 0.240555
1077 -3.520283 -0.008277 0.278412
1078 -3.113967 -0.053269 0.300134
1079 -3.283259 0.182385 0.365635
1080 -3.621158 0.337340 0.290110
1081 -3.646202 -0.134346 0.496651
1082 -3.929542 0.082808 0.275364
1083 -3.106029 0.491107 0.665236
1084 -2.096691 0.363168 0.588831
1085 -1.172221 -0.099338 0.390190
1086 -0.805923 -0.048889 0.289998
1087 -1.136182 0.189009 0.280524
1088 -0.622850 0.251941 0.218753
1089 -0.308164 0.326196 0.211953
1090 0.309286 1.001361 0.247443
1091 -0.330162 0.958745 0.252284
1092 -0.052321 0.897420 0.605160
1093 -0.350288 1.002631 0.568104
1094 -0.040465 1.546080 0.542522
1095 0.688905 0.179727 0.236413
1096 0.864153 -0.041653 0.259528
1097 0.305979 0.377025 0.265269
1098 0.654229 0.307114 0.608658
1099 0.618577 0.344627 0.820840
1100 1.980559 0.307323 0.252853
1101 2.691044 -0.048395 0.225820
1102 2.307955 0.002729 0.627986
1103 3.338679 0.368911 0.234390
1104 3.607140 0.345525 0.300450
1105 3.320613 0.335194 0.656416
1106 3.652322 0.356625 0.658398
1107 3.655839 -0.033171 0.309641
1108 2.000359 -0.017610 0.647658
1109 0.505552 -0.333808 0.312038
1110 -0.017746 -2.738813 0.262076
1111 0.270486 -2.661702 0.298087
1112 0.264045 -2.951318 0.234436
1113 0.222156 -3.347350 0.294085
1114 -0.061311 -3.327000 0.560375
1115 -0.063285 -0.631230 0.303205
1116 -0.294406 -0.570128 0.645859
1117 -0.341845 -0.207626 0.720368
1118 -0.092490 -0.234235 0.719780
1119 -0.589202 -0.314387 0.272900
1120 -2.541284 -0.104239 0.268346
1121 -2.393640 0.188947 0.197973
1122 1.332427 -0.035786 0.250293
1123 1.309674 0.227818 0.275610
1124 0.973979 -0.103808 0.670158
1125 0.949843 0.197865 0.612664
1126 3.096622 -0.088868 0.704295
1127 -0.012983 -3.021352 0.643862
1128 -0.053905 0.099545 0.260036
1129 -0.022368 0.574749 0.560181
1130 0.234873 0.689021 0.698221
1131 -0.036801 0.658156 0.808732
1132 -0.077876 0.014873 0.533857
1133 0.003044 -0.271416 0.228458
1134 0.313258 0.356026 0.652784
1135 0.266404 2.562348 0.638794
1136 1.139004 0.338000 0.564461
1137 -0.306266 -3.315723 0.553315
1138 -1.867212 -0.047488 0.638429
1139 -1.588917 -0.113707 0.635116
1140 -0.209555 0.331379 0.495379
$EndNodes
$Elements
5514
1 2 2 1 1  1 2 229
2 2 2 1 1  2 3 230
3 2 2 1 1  2 230 229
4 2 2 1 1  3 4 230
5 2 2 1 1  4 5 231
6 2 2 1 1  4 231 230
7 2 2 1 1  5 6 231
8 2 2 1 1  6 7 232
9 2 2 1 1  6 232 231
10 2 2 1 1  7 8 233
11 2 2 1 1  7 233 232
12 2 2 1 1  8 9 234
13 2 2 1 1  8 234 233
14 2 2 1 1  9 10 235
15 2 2 1 1  9 235 234
16 2 2 1 1  10 11 236
17 2 2 1 1  10 236 235
18 2 2 1 1  11 12 237
19 2 2 1 1  11 237 236
20 2 2 1 1  12 13 238
21 2 2 1 1  12 238 237
22 2 2 1 1  13 14 239
23 2 2 1 1  13 239 238
24 2 2 1 1  14 15 240
25 2 2 1 1  14 240 239
26 2 2 1 1  15 16 241
27 2 2 1 1  15 241 240
28 2 2 1 1  16 17 242
29 2 2 1 1  16 242 241
30 2 2 1 1  17 18 243
31 2 2 1 1  18 19 244
32 2 2 1 1  19 20 245
33 2 2 1 1  20 21 246
34 2 2 1 1  21 22 247
35 2 2 1 1  21 247 246
36 2 2 1 1  22 23 248
37 2 2 1 1  22 248 247
38 2 2 1 1  23 24 249
39 2 2 1 1  23 249 248
40 2 2 1 1  24 25 250
41 2 2 1 1  24 250 249
42 2 2 1 1  25 26 251
43 2 2 1 1  25 251 250
44 2 2 1 1  26 27 252
45 2 2 1 1  26 252 251
46 2 2 1 1  27 28 253
47 2 2 1 1  27 253 252
48 2 2 1 1  28 29 254
49 2 2 1 1  28 254 253
50 2 2 1 1  29 30 255
51 2 2 1 1  29 255 254
52 2 2 1 1  30 31 256
53 2 2 1 1  30 256 255
54 2 2 1 1  31 32 257
55 2 2 1 1  31 257 256
56 2 2 1 1  32 33 257
57 2 2 1 1  33 34 258
58 2 2 1 1  257 33 258
59 2 2 1 1  34 35 258
60 2 2 1 1  35 36 259
61 2 2 1 1  35 259 258
62 2 2 1 1  36 37 259
63 2 2 1 1  37 38 260
64 2 2 1 1  37 260 259
65 2 2 1 1  38 39 261
66 2 2 1 1  38 261 260
67 2 2 1 1  39 40 262
68 2 2 1 1  39 262 261
69 2 2 1 1  40 41 263
70 2 2 1 1  40 263 262
71 2 2 1 1  41 42 264
72 2 2 1 1  41 264 263
73 2 2 1 1  42 43 265
74 2 2 1 1  42 265 264
75 2 2 1 1  43 44 266
76 2 2 1 1  43 266 265
77 2 2 1 1  44 45 267
78 2 2 1 1  44 267 266
79 2 2 1 1  45 46 268
80 2 2 1 1  45 268 267
81 2 2 1 1  46 47 269
82 2 2 1 1  46 269 268
83 2 2 1 1  47 48 270
84 2 2 1 1  48 49 271
85 2 2 1 1  49 50 272
86 2 2 1 1  50 51 273
87 2 2 1 1  51 52 274
88 2 2 1 1  52 53 275
89 2 2 1 1  52 275 274
90 2 2 1 1  53 54 276
91 2 2 1 1  53 276 275
92 2 2 1 1  54 55 277
93 2 2 1 1  54 277 276
94 2 2 1 1  55 56 278
95 2 2 1 1  55 278 277
96 2 2 1 1  56 57 279
97 2 2 1 1  56 279 278
98 2 2 1 1  57 58 280
99 2 2 1 1  279 57 280
100 2 2 1 1  58 59 280
101 2 2 1 1  114 1 229
102 2 2 1 1  59 60 281
103 2 2 1 1  59 281 280
104 2 2 1 1  60 61 281
105 2 2 1 1  61 62 282
106 2 2 1 1  281 61 282
107 2 2 1 1  62 63 282
108 2 2 1 1  63 64 283
109 2 2 1 1  64 65 284
110 2 2 1 1  64 284 283
111 2 2 1 1  65 66 285
112 2 2 1 1  65 285 284
113 2 2 1 1  66 67 286
114 2 2 1 1  66 286 285
115 2 2 1 1  67 68 287
116 2 2 1 1  67 287 286
117 2 2 1 1  68 69 288
118 2 2 1 1  69 70 289
119 2 2 1 1  70 71 290
120 2 2 1 1  71 72 291
121 2 2 1 1  72 73 292
122 2 2 1 1  73 74 293
123 2 2 1 1  73 293 292
124 2 2 1 1  74 75 294
125 2 2 1 1  74 294 293
126 2 2 1 1  75 76 295
127 2 2 1 1  75 295 294
128 2 2 1 1  76 77 296
129 2 2 1 1  76 296 295
130 2 2 1 1  77 78 297
131 2 2 1 1  77 297 296
132 2 2 1 1  78 79 298
133 2 2 1 1  78 298 297
134 2 2 1 1  79 80 299
135 2 2 1 1  79 299 298
136 2 2 1 1  80 81 300
137 2 2 1 1  80 300 299
138 2 2 1 1  81 82 301
139 2 2 1 1  81 301 300
140 2 2 1 1  82 83 302
141 2 2 1 1  82 302 301
142 2 2 1 1  83 84 302
143 2 2 1 1  84 85 303
144 2 2 1 1  302 84 303
145 2 2 1 1  85 86 303
146 2 2 1 1  86 87 304
147 2 2 1 1  303 86 304
148 2 2 1 1  87 88 304
149 2 2 1 1  88 89 305
150 2 2 1 1  88 305 304
151 2 2 1 1  89 90 306
152 2 2 1 1  89 306 305
153 2 2 1 1  90 91 307
154 2 2 1 1  90 307 306
155 2 2 1 1  91 92 308
156 2 2 1 1  91 308 307
157 2 2 1 1  92 93 309
158 2 2 1 1  92 309 308
159 2 2 1 1  93 94 310
160 2 2 1 1  93 310 309
161 2 2 1 1  94 95 311
162 2 2 1 1  94 311 310
163 2 2 1 1  95 96 312
164 2 2 1 1  95 312 311
165 2 2 1 1  96 97 313
166 2 2 1 1  96 313 312
167 2 2 1 1  97 98 314
168 2 2 1 1  97 314 313
169 2 2 1 1  98 99 315
170 2 2 1 1  98 315 314
171 2 2 1 1  99 100 316
172 2 2 1 1  99 316 315
173 2 2 1 1  100 101 317
174 2 2 1 1  101 102 318
175 2 2 1 1  102 103 319
176 2 2 1 1  103 104 320
177 2 2 1 1  104 105 321
178 2 2 1 1  104 321 320
179 2 2 1 1  105 106 322
180 2 2 1 1  105 322 321
181 2 2 1 1  106 107 323
182 2 2 1 1  106 323 322
183 2 2 1 1  107 108 324
184 2 2 1 1  107 324 323
185 2 2 1 1  108 109 325
186 2 2 1 1  108 325 324
187 2 2 1 1  109 110 326
188 2 2 1 1  109 326 325
189 2 2 1 1  110 111 327
190 2 2 1 1  110 327 326
191 2 2 1 1  111 112 328
192 2 2 1 1  111 328 327
193 2 2 1 1  112 113 329
194 2 2 1 1  112 329 328
195 2 2 1 1  113 114 330
196 2 2 1 1  114 229 330
197 2 2 1 1  245 20 246
198 2 2 1 1  244 19 245
199 2 2 1 1  17 243 242
200 2 2 1 1  244 341 18
201 2 2 1 1  273 51 274
202 2 2 1 1  272 50 273
203 2 2 1 1  271 49 272
204 2 2 1 1  47 270 269
205 2 2 1 1  270 48 271
206 2 2 1 1  290 71 291
207 2 2 1 1  291 72 292
208 2 2 1 1  289 70 290
209 2 2 1 1  282 63 283
210 2 2 1 1  68 288 287
211 2 2 1 1  288 69 289
212 2 2 1 1  319 103 320
213 2 2 1 1  318 102 319
214 2 2 1 1  100 317 316
215 2 2 1 1  317 101 318
216 2 2 1 1  113 330 329
217 2 2 1 1  229 230 331
218 2 2 1 1  330 229 331
219 2 2 1 1  230 231 331
220 2 2 1 1  231 232 331
221 2 2 1 1  233 234 332
222 2 2 1 1  234 235 333
223 2 2 1 1  234 333 332
224 2 2 1 1  235 236 334
225 2 2 1 1  235 334 333
226 2 2 1 1  236 237 335
227 2 2 1 1  236 335 334
228 2 2 1 1  237 238 336
229 2 2 1 1  237 336 335
230 2 2 1 1  238 239 337
231 2 2 1 1  238 337 336
232 2 2 1 1  239 240 338
233 2 2 1 1  239 338 337
234 2 2 1 1  240 241 339
235 2 2 1 1  240 339 338
236 2 2 1 1  241 242 340
237 2 2 1 1  243 18 341
238 2 2 1 1  273 274 342
239 2 2 1 1  242 243 343
240 2 2 1 1  244 245 344
241 2 2 1 1  246 247 345
242 2 2 1 1  249 250 346
243 2 2 1 1  250 251 347
244 2 2 1 1  250 347 346
245 2 2 1 1  251 252 348
246 2 2 1 1  251 348 347
247 2 2 1 1  252 253 349
248 2 2 1 1  252 349 348
249 2 2 1 1  253 254 350
250 2 2 1 1  253 350 349
251 2 2 1 1  254 255 351
252 2 2 1 1  254 351 350
253 2 2 1 1  255 256 352
254 2 2 1 1  255 352 351
255 2 2 1 1  256 257 353
256 2 2 1 1  352 256 353
257 2 2 1 1  257 258 353
258 2 2 1 1  260 261 351
259 2 2 1 1  258 259 353
260 2 2 1 1  261 262 350
261 2 2 1 1  262 263 349
262 2 2 1 1  263 264 348
263 2 2 1 1  264 265 347
264 2 2 1 1  265 266 346
265 2 2 1 1  266 267 346
266 2 2 1 1  267 268 354
267 2 2 1 1  268 269 345
268 2 2 1 1  270 271 355
269 2 2 1 1  290 291 356
270 2 2 1 1  269 270 357
271 2 2 1 1  345 269 357
272 2 2 1 1  270 355 357
273 2 2 1 1  271 272 358
274 2 2 1 1  272 273 359
275 2 2 1 1  274 275 360
276 2 2 1 1  277 278 361
277 2 2 1 1  278 279 362
278 2 2 1 1  278 362 361
279 2 2 1 1  279 280 363
280 2 2 1 1  362 279 363
281 2 2 1 1  280 281 363
282 2 2 1 1  284 285 364
283 2 2 1 1  281 282 363
284 2 2 1 1  245 246 365
285 2 2 1 1  344 245 365
286 2 2 1 1  246 345 365
287 2 2 1 1  285 286 366
288 2 2 1 1  285 366 364
289 2 2 1 1  287 288 367
290 2 2 1 1  283 284 361
291 2 2 1 1  286 287 368
292 2 2 1 1  366 286 368
293 2 2 1 1  287 367 368
294 2 2 1 1  288 289 369
295 2 2 1 1  319 320 370
296 2 2 1 1  282 283 363
297 2 2 1 1  291 292 371
298 2 2 1 1  289 290 372
299 2 2 1 1  292 293 373
300 2 2 1 1  295 296 374
301 2 2 1 1  296 297 375
302 2 2 1 1  296 375 374
303 2 2 1 1  297 298 376
304 2 2 1 1  297 376 375
305 2 2 1 1  298 299 377
306 2 2 1 1  298 377 376
307 2 2 1 1  299 300 378
308 2 2 1 1  299 378 377
309 2 2 1 1  300 301 379
310 2 2 1 1  300 379 378
311 2 2 1 1  301 302 380
312 2 2 1 1  301 380 379
313 2 2 1 1  305 306 380
314 2 2 1 1  302 303 380
315 2 2 1 1  321 322 338
316 2 2 1 1  306 307 379
317 2 2 1 1  303 304 380
318 2 2 1 1  304 305 380
319 2 2 1 1  307 308 378
320 2 2 1 1  308 309 377
321 2 2 1 1  309 310 376
322 2 2 1 1  310 311 375
323 2 2 1 1  311 312 374
324 2 2 1 1  313 314 381
325 2 2 1 1  314 315 373
326 2 2 1 1  315 316 382
327 2 2 1 1  317 318 383
328 2 2 1 1  329 330 384
329 2 2 1 1  330 331 384
330 2 2 1 1  316 317 385
331 2 2 1 1  318 319 386
332 2 2 1 1  320 321 339
333 2 2 1 1  323 324 336
334 2 2 1 1  324 325 335
335 2 2 1 1  325 326 334
336 2 2 1 1  326 327 333
337 2 2 1 1  327 328 332
338 2 2 1 1  328 329 387
339 2 2 1 1  332 328 387
340 2 2 1 1  329 384 387
341 2 2 1 1  232 233 387
342 2 2 1 1  247 248 354
343 2 2 1 1  248 249 354
344 2 2 1 1  275 276 366
345 2 2 1 1  276 277 364
346 2 2 1 1  293 294 381
347 2 2 1 1  294 295 388
348 2 2 1 1  381 294 388
349 2 2 1 1  295 374 388
350 2 2 1 1  322 323 337
351 2 2 1 1  341 244 389
352 2 2 1 1  244 344 389
353 2 2 1 1  373 293 381
354 2 2 1 1  241 340 339
355 2 2 1 1  340 242 343
356 2 2 1 1  243 341 390
357 2 2 1 1  243 390 343
358 2 2 1 1  372 290 391
359 2 2 1 1  290 356 391
360 2 2 1 1  273 342 359
361 2 2 1 1  288 369 367
362 2 2 1 1  249 346 354
363 2 2 1 1  351 261 350
364 2 2 1 1  349 263 348
365 2 2 1 1  259 260 353
366 2 2 1 1  350 262 349
367 2 2 1 1  264 347 348
368 2 2 1 1  265 346 347
369 2 2 1 1  346 267 354
370 2 2 1 1  354 268 345
371 2 2 1 1  271 358 355
372 2 2 1 1  356 291 371
373 2 2 1 1  272 359 392
374 2 2 1 1  272 392 358
375 2 2 1 1  274 360 342
376 2 2 1 1  277 361 364
377 2 2 1 1  361 284 364
378 2 2 1 1  319 370 386
379 2 2 1 1  371 292 373
380 2 2 1 1  393 369 372
381 2 2 1 1  289 372 369
382 2 2 1 1  322 337 338
383 2 2 1 1  378 308 377
384 2 2 1 1  321 338 339
385 2 2 1 1  380 306 379
386 2 2 1 1  376 310 375
387 2 2 1 1  307 378 379
388 2 2 1 1  345 247 354
389 2 2 1 1  375 311 374
390 2 2 1 1  377 309 376
391 2 2 1 1  313 381 388
392 2 2 1 1  312 313 388
393 2 2 1 1  314 373 381
394 2 2 1 1  383 396 317
395 2 2 1 1  232 387 384
396 2 2 1 1  232 384 331
397 2 2 1 1  318 386 383
398 2 2 1 1  323 336 337
399 2 2 1 1  324 335 336
400 2 2 1 1  325 334 335
401 2 2 1 1  326 333 334
402 2 2 1 1  327 332 333
403 2 2 1 1  233 332 387
404 2 2 1 1  316 385 382
405 2 2 1 1  366 276 364
406 2 2 1 1  312 388 374
407 2 2 1 1  260 351 352
408 2 2 1 1  360 275 366
409 2 2 1 1  355 358 394
410 2 2 1 1  342 360 367
411 2 2 1 1  283 361 362
412 2 2 1 1  370 320 339
413 2 2 1 1  353 260 352
414 2 2 1 1  363 283 362
415 2 2 1 1  315 382 373
416 2 2 1 1  383 386 395
417 2 2 1 1  385 317 396
418 2 2 1 1  390 341 397
419 2 2 1 1  341 389 397
420 2 2 1 1  360 366 368
421 2 2 1 1  367 360 368
422 2 2 1 1  394 358 398
423 2 2 1 1  358 392 398
424 2 2 1 1  342 367 399
425 2 2 1 1  342 399 359
426 2 2 1 1  392 359 393
427 2 2 1 1  345 357 365
428 2 2 1 1  367 369 399
429 2 2 1 1  396 383 400
430 2 2 1 1  383 395 400
431 2 2 1 1  393 372 401
432 2 2 1 1  372 391 401
433 2 2 1 1  395 386 390
434 2 2 1 1  385 396 391
435 2 2 1 1  389 344 394
436 2 2 1 1  394 344 355
437 2 2 1 1  390 386 343
438 2 2 1 1  385 391 356
439 2 2 1 1  385 356 382
440 2 2 1 1  343 386 370
441 2 2 1 1  355 344 365
442 2 2 1 1  340 343 370
443 2 2 1 1  382 356 371
444 2 2 1 1  357 355 365
445 2 2 1 1  392 393 402
446 2 2 1 1  398 392 402
447 2 2 1 1  393 401 402
448 2 2 1 1  391 396 401
449 2 2 1 1  370 339 340
450 2 2 1 1  399 369 393
451 2 2 1 1  395 390 397
452 2 2 1 1  389 394 398
453 2 2 1 1  373 382 371
454 2 2 1 1  396 400 401
455 2 2 1 1  393 359 399
456 2 2 1 1  400 395 397
457 2 2 1 1  397 389 398
458 2 2 1 1  400 397 402
459 2 2 1 1  397 398 402
460 2 2 1 1  401 400 402
461 2 2 2 2  227 228 403
462 2 2 2 2  2 1 404
463 2 2 2 2  3 2 405
464 2 2 2 2  2 404 405
465 2 2 2 2  4 3 406
466 2 2 2 2  3 405 406
467 2 2 2 2  5 4 407
468 2 2 2 2  4 406 407
469 2 2 2 2  6 5 408
470 2 2 2 2  5 407 408
471 2 2 2 2  7 6 409
472 2 2 2 2  6 408 409
473 2 2 2 2  8 7 410
474 2 2 2 2  7 409 410
475 2 2 2 2  9 8 411
476 2 2 2 2  8 410 411
477 2 2 2 2  10 9 412
478 2 2 2 2  9 411 412
479 2 2 2 2  11 10 413
480 2 2 2 2  10 412 413
481 2 2 2 2  12 11 414
482 2 2 2 2  11 413 414
483 2 2 2 2  13 12 415
484 2 2 2 2  12 414 415
485 2 2 2 2  14 13 416
486 2 2 2 2  13 415 416
487 2 2 2 2  15 14 417
488 2 2 2 2  14 416 417
489 2 2 2 2  16 15 418
490 2 2 2 2  15 417 418
491 2 2 2 2  17 16 419
492 2 2 2 2  16 418 419
493 2 2 2 2  18 17 420
494 2 2 2 2  17 419 420
495 2 2 2 2  19 18 421
496 2 2 2 2  18 420 421
497 2 2 2 2  20 19 422
498 2 2 2 2  19 421 422
499 2 2 2 2  21 20 423
500 2 2 2 2  20 422 423
501 2 2 2 2  22 21 424
502 2 2 2 2  21 423 424
503 2 2 2 2  23 22 425
504 2 2 2 2  22 424 425
505 2 2 2 2  24 23 426
506 2 2 2 2  23 425 426
507 2 2 2 2  25 24 427
508 2 2 2 2  24 426 427
509 2 2 2 2  26 25 428
510 2 2 2 2  25 427 428
511 2 2 2 2  27 26 429
512 2 2 2 2  26 428 429
513 2 2 2 2  28 27 430
514 2 2 2 2  27 429 430
515 2 2 2 2  29 28 431
516 2 2 2 2  28 430 431
517 2 2 2 2  30 29 432
518 2 2 2 2  29 431 432
519 2 2 2 2  31 30 433
520 2 2 2 2  30 432 433
521 2 2 2 2  32 31 434
522 2 2 2 2  31 433 434
523 2 2 2 2  33 32 435
524 2 2 2 2  32 434 435
525 2 2 2 2  34 33 436
526 2 2 2 2  33 435 436
527 2 2 2 2  35 34 437
528 2 2 2 2  34 436 437
529 2 2 2 2  36 35 438
530 2 2 2 2  35 437 438
531 2 2 2 2  37 36 439
532 2 2 2 2  36 438 439
533 2 2 2 2  38 37 440
534 2 2 2 2  37 439 440
535 2 2 2 2  39 38 441
536 2 2 2 2  38 440 441
537 2 2 2 2  40 39 442
538 2 2 2 2  39 441 442
539 2 2 2 2  41 40 443
540 2 2 2 2  40 442 443
541 2 2 2 2  42 41 444
542 2 2 2 2  41 443 444
543 2 2 2 2  43 42 445
544 2 2 2 2  42 444 445
545 2 2 2 2  44 43 446
546 2 2 2 2  43 445 446
547 2 2 2 2  45 44 447
548 2 2 2 2  44 446 447
549 2 2 2 2  46 45 448
550 2 2 2 2  45 447 448
551 2 2 2 2  47 46 449
552 2 2 2 2  46 448 449
553 2 2 2 2  48 47 450
554 2 2 2 2  47 449 450
555 2 2 2 2  49 48 451
556 2 2 2 2  48 450 451
557 2 2 2 2  50 49 452
558 2 2 2 2  49 451 452
559 2 2 2 2  51 50 453
560 2 2 2 2  50 452 453
561 2 2 2 2  52 51 454
562 2 2 2 2  51 453 454
563 2 2 2 2  53 52 455
564 2 2 2 2  52 454 455
565 2 2 2 2  54 53 456
566 2 2 2 2  53 455 456
567 2 2 2 2  55 54 457
568 2 2 2 2  54 456 457
569 2 2 2 2  56 55 458
570 2 2 2 2  55 457 458
571 2 2 2 2  57 56 459
572 2 2 2 2  56 458 459
573 2 2 2 2  58 57 460
574 2 2 2 2  57 459 460
575 2 2 2 2  1 114 461
576 2 2 2 2  1 461 404
577 2 2 2 2  59 58 462
578 2 2 2 2  58 460 462
579 2 2 2 2  60 59 463
580 2 2 2 2  59 462 463
581 2 2 2 2  61 60 464
582 2 2 2 2  60 463 464
583 2 2 2 2  62 61 465
584 2 2 2 2  61 464 465
585 2 2 2 2  63 62 466
586 2 2 2 2  62 465 466
587 2 2 2 2  64 63 467
588 2 2 2 2  63 466 467
589 2 2 2 2  65 64 468
590 2 2 2 2  64 467 468
591 2 2 2 2  66 65 469
592 2 2 2 2  65 468 469
593 2 2 2 2  67 66 470
594 2 2 2 2  66 469 470
595 2 2 2 2  68 67 471
596 2 2 2 2  67 470 471
597 2 2 2 2  69 68 472
598 2 2 2 2  68 471 472
599 2 2 2 2  70 69 473
600 2 2 2 2  69 472 473
601 2 2 2 2  71 70 474
602 2 2 2 2  70 473 474
603 2 2 2 2  72 71 475
604 2 2 2 2  71 474 475
605 2 2 2 2  73 72 476
606 2 2 2 2  72 475 476
607 2 2 2 2  74 73 477
608 2 2 2 2  73 476 477
609 2 2 2 2  75 74 478
610 2 2 2 2  74 477 478
611 2 2 2 2  76 75 479
612 2 2 2 2  75 478 479
613 2 2 2 2  77 76 480
614 2 2 2 2  76 479 480
615 2 2 2 2  78 77 481
616 2 2 2 2  77 480 481
617 2 2 2 2  79 78 482
618 2 2 2 2  78 481 482
619 2 2 2 2  80 79 483
620 2 2 2 2  79 482 483
621 2 2 2 2  81 80 484
622 2 2 2 2  80 483 484
623 2 2 2 2  82 81 485
624 2 2 2 2  81 484 485
625 2 2 2 2  83 82 486
626 2 2 2 2  82 485 486
627 2 2 2 2  84 83 487
628 2 2 2 2  83 486 487
629 2 2 2 2  85 84 488
630 2 2 2 2  84 487 488
631 2 2 2 2  86 85 489
632 2 2 2 2  85 488 489
633 2 2 2 2  87 86 490
634 2 2 2 2  86 489 490
635 2 2 2 2  88 87 491
636 2 2 2 2  87 490 491
637 2 2 2 2  89 88 492
638 2 2 2 2  88 491 492
639 2 2 2 2  90 89 493
640 2 2 2 2  89 492 493
641 2 2 2 2  91 90 494
642 2 2 2 2  90 493 494
643 2 2 2 2  92 91 495
644 2 2 2 2  91 494 495
645 2 2 2 2  93 92 496
646 2 2 2 2  92 495 496
647 2 2 2 2  94 93 497
648 2 2 2 2  93 496 497
649 2 2 2 2  95 94 498
650 2 2 2 2  94 497 498
651 2 2 2 2  96 95 499
652 2 2 2 2  95 498 499
653 2 2 2 2  97 96 500
654 2 2 2 2  96 499 500
655 2 2 2 2  98 97 501
656 2 2 2 2  97 500 501
657 2 2 2 2  99 98 502
658 2 2 2 2  98 501 502
659 2 2 2 2  100 99 503
660 2 2 2 2  99 502 503
661 2 2 2 2  101 100 504
662 2 2 2 2  100 503 504
663 2 2 2 2  102 101 505
664 2 2 2 2  101 504 505
665 2 2 2 2  103 102 506
666 2 2 2 2  102 505 506
667 2 2 2 2  104 103 507
668 2 2 2 2  103 506 507
669 2 2 2 2  105 104 508
670 2 2 2 2  104 507 508
671 2 2 2 2  106 105 509
672 2 2 2 2  105 508 509
673 2 2 2 2  107 106 510
674 2 2 2 2  106 509 510
675 2 2 2 2  108 107 511
676 2 2 2 2  107 510 511
677 2 2 2 2  109 108 512
678 2 2 2 2  108 511 512
679 2 2 2 2  110 109 513
680 2 2 2 2  109 512 513
681 2 2 2 2  111 110 514
682 2 2 2 2  110 513 514
683 2 2 2 2  112 111 515
684 2 2 2 2  111 514 515
685 2 2 2 2  113 112 516
686 2 2 2 2  112 515 516
687 2 2 2 2  114 113 517
688 2 2 2 2  461 114 517
689 2 2 2 2  113 516 517
690 2 2 2 2  115 116 518
691 2 2 2 2  116 117 519
692 2 2 2 2  116 519 518
693 2 2 2 2  117 118 520
694 2 2 2 2  117 520 519
695 2 2 2 2  118 119 521
696 2 2 2 2  118 521 520
697 2 2 2 2  119 120 522
698 2 2 2 2  119 522 521
699 2 2 2 2  120 121 523
700 2 2 2 2  120 523 522
701 2 2 2 2  121 122 524
702 2 2 2 2  121 524 523
703 2 2 2 2  122 123 525
704 2 2 2 2  122 525 524
705 2 2 2 2  123 124 526
706 2 2 2 2  123 526 525
707 2 2 2 2  124 125 527
708 2 2 2 2  124 527 526
709 2 2 2 2  125 126 528
710 2 2 2 2  125 528 527
711 2 2 2 2  126 127 529
712 2 2 2 2  126 529 528
713 2 2 2 2  127 128 530
714 2 2 2 2  127 530 529
715 2 2 2 2  128 129 531
716 2 2 2 2  128 531 530
717 2 2 2 2  129 130 532
718 2 2 2 2  130 131 533
719 2 2 2 2  130 533 532
720 2 2 2 2  131 132 534
721 2 2 2 2  131 534 533
722 2 2 2 2  132 133 535
723 2 2 2 2  132 535 534
724 2 2 2 2  133 134 536
725 2 2 2 2  133 536 535
726 2 2 2 2  134 135 537
727 2 2 2 2  134 537 536
728 2 2 2 2  135 136 538
729 2 2 2 2  135 538 537
730 2 2 2 2  136 137 539
731 2 2 2 2  136 539 538
732 2 2 2 2  137 138 540
733 2 2 2 2  137 540 539
734 2 2 2 2  138 139 541
735 2 2 2 2  138 541 540
736 2 2 2 2  139 140 542
737 2 2 2 2  139 542 541
738 2 2 2 2  140 141 543
739 2 2 2 2  140 543 542
740 2 2 2 2  141 142 544
741 2 2 2 2  141 544 543
742 2 2 2 2  142 143 545
743 2 2 2 2  142 545 544
744 2 2 2 2  143 144 546
745 2 2 2 2  143 546 545
746 2 2 2 2  144 145 547
747 2 2 2 2  144 547 546
748 2 2 2 2  145 146 548
749 2 2 2 2  146 147 549
750 2 2 2 2  146 549 548
751 2 2 2 2  147 148 550
752 2 2 2 2  147 550 549
753 2 2 2 2  148 149 551
754 2 2 2 2  148 551 550
755 2 2 2 2  149 150 552
756 2 2 2 2  149 552 551
757 2 2 2 2  150 151 553
758 2 2 2 2  150 553 552
759 2 2 2 2  151 152 554
760 2 2 2 2  151 554 553
761 2 2 2 2  152 153 555
762 2 2 2 2  152 555 554
763 2 2 2 2  153 154 556
764 2 2 2 2  153 556 555
765 2 2 2 2  154 155 557
766 2 2 2 2  154 557 556
767 2 2 2 2  155 156 558
768 2 2 2 2  155 558 557
769 2 2 2 2  156 157 559
770 2 2 2 2  156 559 558
771 2 2 2 2  157 158 560
772 2 2 2 2  157 560 559
773 2 2 2 2  158 159 561
774 2 2 2 2  158 561 560
775 2 2 2 2  159 160 562
776 2 2 2 2  159 562 561
777 2 2 2 2  160 161 563
778 2 2 2 2  160 563 562
779 2 2 2 2  161 162 564
780 2 2 2 2  161 564 563
781 2 2 2 2  162 163 565
782 2 2 2 2  163 164 566
783 2 2 2 2  163 566 565
784 2 2 2 2  164 165 567
785 2 2 2 2  164 567 566
786 2 2 2 2  165 166 568
787 2 2 2 2  165 568 567
788 2 2 2 2  166 167 569
789 2 2 2 2  166 569 568
790 2 2 2 2  167 168 570
791 2 2 2 2  167 570 569
792 2 2 2 2  168 169 571
793 2 2 2 2  168 571 570
794 2 2 2 2  169 170 572
795 2 2 2 2  169 572 571
796 2 2 2 2  170 171 573
797 2 2 2 2  170 573 572
798 2 2 2 2  171 172 574
799 2 2 2 2  171 574 573
800 2 2 2 2  228 115 575
801 2 2 2 2  115 518 575
802 2 2 2 2  172 173 576
803 2 2 2 2  172 576 574
804 2 2 2 2  173 174 577
805 2 2 2 2  173 577 576
806 2 2 2 2  174 175 578
807 2 2 2 2  174 578 577
808 2 2 2 2  175 176 579
809 2 2 2 2  175 579 578
810 2 2 2 2  176 177 580
811 2 2 2 2  176 580 579
812 2 2 2 2  177 178 581
813 2 2 2 2  177 581 580
814 2 2 2 2  178 179 582
815 2 2 2 2  179 180 583
816 2 2 2 2  179 583 582
817 2 2 2 2  180 181 584
818 2 2 2 2  180 584 583
819 2 2 2 2  181 182 585
820 2 2 2 2  181 585 584
821 2 2 2 2  182 183 586
822 2 2 2 2  182 586 585
823 2 2 2 2  183 184 587
824 2 2 2 2  183 587 586
825 2 2 2 2  184 185 588
826 2 2 2 2  184 588 587
827 2 2 2 2  185 186 589
828 2 2 2 2  185 589 588
829 2 2 2 2  186 187 590
830 2 2 2 2  186 590 589
831 2 2 2 2  187 188 591
832 2 2 2 2  187 591 590
833 2 2 2 2  188 189 592
834 2 2 2 2  188 592 591
835 2 2 2 2  189 190 593
836 2 2 2 2  189 593 592
837 2 2 2 2  190 191 594
838 2 2 2 2  190 594 593
839 2 2 2 2  191 192 595
840 2 2 2 2  191 595 594
841 2 2 2 2  192 193 596
842 2 2 2 2  192 596 595
843 2 2 2 2  193 194 597
844 2 2 2 2  193 597 596
845 2 2 2 2  194 195 598
846 2 2 2 2  194 598 597
847 2 2 2 2  195 196 599
848 2 2 2 2  195 599 598
849 2 2 2 2  196 197 600
850 2 2 2 2  196 600 599
851 2 2 2 2  197 198 601
852 2 2 2 2  197 601 600
853 2 2 2 2  198 199 602
854 2 2 2 2  198 602 601
855 2 2 2 2  199 200 603
856 2 2 2 2  199 603 602
857 2 2 2 2  200 201 604
858 2 2 2 2  200 604 603
859 2 2 2 2  201 202 605
860 2 2 2 2  201 605 604
861 2 2 2 2  202 203 606
862 2 2 2 2  202 606 605
863 2 2 2 2  203 204 607
864 2 2 2 2  203 607 606
865 2 2 2 2  204 205 608
866 2 2 2 2  204 608 607
867 2 2 2 2  205 206 609
868 2 2 2 2  205 609 608
869 2 2 2 2  206 207 610
870 2 2 2 2  206 610 609
871 2 2 2 2  207 208 611
872 2 2 2 2  207 611 610
873 2 2 2 2  208 209 612
874 2 2 2 2  209 210 613
875 2 2 2 2  209 613 612
876 2 2 2 2  210 211 614
877 2 2 2 2  210 614 613
878 2 2 2 2  211 212 615
879 2 2 2 2  211 615 614
880 2 2 2 2  212 213 616
881 2 2 2 2  212 616 615
882 2 2 2 2  213 214 617
883 2 2 2 2  213 617 616
884 2 2 2 2  214 215 618
885 2 2 2 2  214 618 617
886 2 2 2 2  215 216 619
887 2 2 2 2  215 619 618
888 2 2 2 2  216 217 620
889 2 2 2 2  216 620 619
890 2 2 2 2  217 218 621
891 2 2 2 2  217 621 620
892 2 2 2 2  218 219 622
893 2 2 2 2  218 622 621
894 2 2 2 2  219 220 623
895 2 2 2 2  219 623 622
896 2 2 2 2  220 221 624
897 2 2 2 2  220 624 623
898 2 2 2 2  221 222 625
899 2 2 2 2  221 625 624
900 2 2 2 2  222 223 626
901 2 2 2 2  222 626 625
902 2 2 2 2  223 224 627
903 2 2 2 2  223 627 626
904 2 2 2 2  224 225 628
905 2 2 2 2  224 628 627
906 2 2 2 2  225 226 629
907 2 2 2 2  225 629 628
908 2 2 2 2  226 227 630
909 2 2 2 2  227 403 630
910 2 2 2 2  129 532 531
911 2 2 2 2  145 548 547
912 2 2 2 2  162 565 564
913 2 2 2 2  228 575 403
914 2 2 2 2  178 582 581
915 2 2 2 2  208 612 611
916 2 2 2 2  226 630 629
917 2 2 2 2  404 461 631
918 2 2 2 2  406 405 632
919 2 2 2 2  407 406 633
920 2 2 2 2  406 632 633
921 2 2 2 2  408 407 634
922 2 2 2 2  407 633 634
923 2 2 2 2  409 408 635
924 2 2 2 2  408 634 635
925 2 2 2 2  410 409 636
926 2 2 2 2  409 635 636
927 2 2 2 2  411 410 637
928 2 2 2 2  410 636 637
929 2 2 2 2  412 411 638
930 2 2 2 2  411 637 638
931 2 2 2 2  413 412 639
932 2 2 2 2  412 638 639
933 2 2 2 2  414 413 640
934 2 2 2 2  413 639 640
935 2 2 2 2  415 414 641
936 2 2 2 2  414 640 641
937 2 2 2 2  416 415 642
938 2 2 2 2  415 641 642
939 2 2 2 2  417 416 643
940 2 2 2 2  416 642 643
941 2 2 2 2  418 417 644
942 2 2 2 2  417 643 644
943 2 2 2 2  419 418 645
944 2 2 2 2  418 644 645
945 2 2 2 2  420 419 646
946 2 2 2 2  419 645 646
947 2 2 2 2  421 420 647
948 2 2 2 2  420 646 647
949 2 2 2 2  422 421 648
950 2 2 2 2  421 647 648
951 2 2 2 2  423 422 649
952 2 2 2 2  422 648 649
953 2 2 2 2  424 423 650
954 2 2 2 2  423 649 650
955 2 2 2 2  425 424 651
956 2 2 2 2  424 650 651
957 2 2 2 2  426 425 652
958 2 2 2 2  425 651 652
959 2 2 2 2  427 426 653
960 2 2 2 2  426 652 653
961 2 2 2 2  428 427 654
962 2 2 2 2  427 653 654
963 2 2 2 2  429 428 655
964 2 2 2 2  428 654 655
965 2 2 2 2  430 429 656
966 2 2 2 2  429 655 656
967 2 2 2 2  431 430 657
968 2 2 2 2  430 656 657
969 2 2 2 2  432 431 658
970 2 2 2 2  431 657 658
971 2 2 2 2  433 432 659
972 2 2 2 2  432 658 659
973 2 2 2 2  434 433 660
974 2 2 2 2  433 659 660
975 2 2 2 2  435 434 661
976 2 2 2 2  434 660 661
977 2 2 2 2  436 435 662
978 2 2 2 2  435 661 662
979 2 2 2 2  437 436 663
980 2 2 2 2  436 662 663
981 2 2 2 2  438 437 664
982 2 2 2 2  437 663 664
983 2 2 2 2  439 438 665
984 2 2 2 2  438 664 665
985 2 2 2 2  440 439 666
986 2 2 2 2  439 665 666
987 2 2 2 2  441 440 667
988 2 2 2 2  440 666 667
989 2 2 2 2  442 441 668
990 2 2 2 2  441 667 668
991 2 2 2 2  443 442 669
992 2 2 2 2  442 668 669
993 2 2 2 2  444 443 670
994 2 2 2 2  443 669 670
995 2 2 2 2  445 444 671
996 2 2 2 2  444 670 671
997 2 2 2 2  446 445 672
998 2 2 2 2  445 671 672
999 2 2 2 2  447 446 673
1000 2 2 2 2  446 672 673
1001 2 2 2 2  448 447 674
1002 2 2 2 2  447 673 674
1003 2 2 2 2  449 448 675
1004 2 2 2 2  448 674 675
1005 2 2 2 2  450 449 676
1006 2 2 2 2  449 675 676
1007 2 2 2 2  451 450 677
1008 2 2 2 2  450 676 677
1009 2 2 2 2  452 451 678
1010 2 2 2 2  451 677 678
1011 2 2 2 2  453 452 679
1012 2 2 2 2  452 678 679
1013 2 2 2 2  454 453 680
1014 2 2 2 2  453 679 680
1015 2 2 2 2  455 454 681
1016 2 2 2 2  454 680 681
1017 2 2 2 2  456 455 682
1018 2 2 2 2  455 681 682
1019 2 2 2 2  457 456 683
1020 2 2 2 2  456 682 683
1021 2 2 2 2  458 457 684
1022 2 2 2 2  457 683 684
1023 2 2 2 2  459 458 685
1024 2 2 2 2  458 684 685
1025 2 2 2 2  460 459 686
1026 2 2 2 2  459 685 686
1027 2 2 2 2  519 520 687
1028 2 2 2 2  686 687 460
1029 2 2 2 2  463 462 688
1030 2 2 2 2  464 463 689
1031 2 2 2 2  463 688 689
1032 2 2 2 2  465 464 690
1033 2 2 2 2  464 689 690
1034 2 2 2 2  466 465 691
1035 2 2 2 2  465 690 691
1036 2 2 2 2  467 466 692
1037 2 2 2 2  466 691 692
1038 2 2 2 2  468 467 693
1039 2 2 2 2  467 692 693
1040 2 2 2 2  469 468 694
1041 2 2 2 2  468 693 694
1042 2 2 2 2  470 469 695
1043 2 2 2 2  469 694 695
1044 2 2 2 2  471 470 696
1045 2 2 2 2  470 695 696
1046 2 2 2 2  472 471 697
1047 2 2 2 2  471 696 697
1048 2 2 2 2  473 472 698
1049 2 2 2 2  472 697 698
1050 2 2 2 2  474 473 699
1051 2 2 2 2  473 698 699
1052 2 2 2 2  475 474 700
1053 2 2 2 2  474 699 700
1054 2 2 2 2  476 475 701
1055 2 2 2 2  475 700 701
1056 2 2 2 2  477 476 702
1057 2 2 2 2  476 701 702
1058 2 2 2 2  478 477 703
1059 2 2 2 2  477 702 703
1060 2 2 2 2  479 478 704
1061 2 2 2 2  478 703 704
1062 2 2 2 2  480 479 705
1063 2 2 2 2  479 704 705
1064 2 2 2 2  481 480 706
1065 2 2 2 2  480 705 706
1066 2 2 2 2  482 481 707
1067 2 2 2 2  481 706 707
1068 2 2 2 2  483 482 708
1069 2 2 2 2  482 707 708
1070 2 2 2 2  484 483 709
1071 2 2 2 2  483 708 709
1072 2 2 2 2  485 484 710
1073 2 2 2 2  484 709 710
1074 2 2 2 2  486 485 711
1075 2 2 2 2  485 710 711
1076 2 2 2 2  487 486 712
1077 2 2 2 2  486 711 712
1078 2 2 2 2  488 487 713
1079 2 2 2 2  487 712 713
1080 2 2 2 2  489 488 714
1081 2 2 2 2  488 713 714
1082 2 2 2 2  490 489 715
1083 2 2 2 2  489 714 715
1084 2 2 2 2  491 490 716
1085 2 2 2 2  490 715 716
1086 2 2 2 2  492 491 717
1087 2 2 2 2  491 716 717
1088 2 2 2 2  493 492 718
1089 2 2 2 2  492 717 718
1090 2 2 2 2  494 493 719
1091 2 2 2 2  493 718 719
1092 2 2 2 2  495 494 720
1093 2 2 2 2  494 719 720
1094 2 2 2 2  496 495 721
1095 2 2 2 2  495 720 721
1096 2 2 2 2  497 496 722
1097 2 2 2 2  496 721 722
1098 2 2 2 2  498 497 723
1099 2 2 2 2  497 722 723
1100 2 2 2 2  499 498 724
1101 2 2 2 2  498 723 724
1102 2 2 2 2  500 499 725
1103 2 2 2 2  499 724 725
1104 2 2 2 2  501 500 726
1105 2 2 2 2  500 725 726
1106 2 2 2 2  502 501 727
1107 2 2 2 2  501 726 727
1108 2 2 2 2  503 502 728
1109 2 2 2 2  502 727 728
1110 2 2 2 2  504 503 729
1111 2 2 2 2  503 728 729
1112 2 2 2 2  505 504 730
1113 2 2 2 2  504 729 730
1114 2 2 2 2  506 505 731
1115 2 2 2 2  505 730 731
1116 2 2 2 2  507 506 732
1117 2 2 2 2  506 731 732
1118 2 2 2 2  508 507 733
1119 2 2 2 2  507 732 733
1120 2 2 2 2  509 508 734
1121 2 2 2 2  508 733 734
1122 2 2 2 2  510 509 735
1123 2 2 2 2  509 734 735
1124 2 2 2 2  511 510 736
1125 2 2 2 2  510 735 736
1126 2 2 2 2  512 511 737
1127 2 2 2 2  511 736 737
1128 2 2 2 2  513 512 738
1129 2 2 2 2  512 737 738
1130 2 2 2 2  514 513 739
1131 2 2 2 2  513 738 739
1132 2 2 2 2  515 514 740
1133 2 2 2 2  514 739 740
1134 2 2 2 2  515 740 516
1135 2 2 2 2  740 573 516
1136 2 2 2 2  520 521 688
1137 2 2 2 2  518 519 686
1138 2 2 2 2  521 522 689
1139 2 2 2 2  522 523 690
1140 2 2 2 2  523 524 691
1141 2 2 2 2  524 525 692
1142 2 2 2 2  525 526 693
1143 2 2 2 2  526 527 694
1144 2 2 2 2  527 528 695
1145 2 2 2 2  528 529 696
1146 2 2 2 2  529 530 697
1147 2 2 2 2  530 531 698
1148 2 2 2 2  547 548 714
1149 2 2 2 2  533 534 701
1150 2 2 2 2  532 533 700
1151 2 2 2 2  535 536 703
1152 2 2 2 2  536 537 704
1153 2 2 2 2  537 538 705
1154 2 2 2 2  538 539 706
1155 2 2 2 2  539 540 707
1156 2 2 2 2  540 541 708
1157 2 2 2 2  541 542 709
1158 2 2 2 2  542 543 710
1159 2 2 2 2  543 544 711
1160 2 2 2 2  546 547 713
1161 2 2 2 2  564 565 731
1162 2 2 2 2  549 550 716
1163 2 2 2 2  551 552 718
1164 2 2 2 2  552 553 719
1165 2 2 2 2  553 554 720
1166 2 2 2 2  554 555 721
1167 2 2 2 2  555 556 722
1168 2 2 2 2  556 557 723
1169 2 2 2 2  557 558 724
1170 2 2 2 2  558 559 725
1171 2 2 2 2  559 560 726
1172 2 2 2 2  560 561 727
1173 2 2 2 2  561 562 728
1174 2 2 2 2  562 563 729
1175 2 2 2 2  563 564 730
1176 2 2 2 2  403 575 684
1177 2 2 2 2  566 567 734
1178 2 2 2 2  565 566 733
1179 2 2 2 2  568 569 736
1180 2 2 2 2  569 570 737
1181 2 2 2 2  570 571 738
1182 2 2 2 2  571 572 739
1183 2 2 2 2  572 573 740
1184 2 2 2 2  573 574 741
1185 2 2 2 2  575 518 685
1186 2 2 2 2  577 578 742
1187 2 2 2 2  578 579 743
1188 2 2 2 2  578 743 742
1189 2 2 2 2  579 580 632
1190 2 2 2 2  580 581 633
1191 2 2 2 2  611 612 664
1192 2 2 2 2  583 584 636
1193 2 2 2 2  582 583 635
1194 2 2 2 2  585 586 638
1195 2 2 2 2  586 587 639
1196 2 2 2 2  587 588 640
1197 2 2 2 2  588 589 641
1198 2 2 2 2  589 590 642
1199 2 2 2 2  590 591 643
1200 2 2 2 2  591 592 644
1201 2 2 2 2  592 593 645
1202 2 2 2 2  593 594 646
1203 2 2 2 2  594 595 647
1204 2 2 2 2  595 596 648
1205 2 2 2 2  596 597 649
1206 2 2 2 2  597 598 650
1207 2 2 2 2  598 599 651
1208 2 2 2 2  599 600 652
1209 2 2 2 2  600 601 653
1210 2 2 2 2  601 602 654
1211 2 2 2 2  602 603 655
1212 2 2 2 2  603 604 656
1213 2 2 2 2  604 605 657
1214 2 2 2 2  605 606 658
1215 2 2 2 2  606 607 659
1216 2 2 2 2  607 608 660
1217 2 2 2 2  608 609 661
1218 2 2 2 2  609 610 662
1219 2 2 2 2  629 630 682
1220 2 2 2 2  613 614 666
1221 2 2 2 2  612 613 665
1222 2 2 2 2  615 616 668
1223 2 2 2 2  616 617 669
1224 2 2 2 2  617 618 670
1225 2 2 2 2  618 619 671
1226 2 2 2 2  619 620 672
1227 2 2 2 2  620 621 673
1228 2 2 2 2  621 622 674
1229 2 2 2 2  622 623 675
1230 2 2 2 2  623 624 676
1231 2 2 2 2  624 625 677
1232 2 2 2 2  625 626 678
1233 2 2 2 2  626 627 679
1234 2 2 2 2  627 628 680
1235 2 2 2 2  628 629 681
1236 2 2 2 2  630 403 683
1237 2 2 2 2  532 699 531
1238 2 2 2 2  581 582 634
1239 2 2 2 2  574 576 741
1240 2 2 2 2  405 404 744
1241 2 2 2 2  632 405 744
1242 2 2 2 2  404 631 744
1243 2 2 2 2  534 535 702
1244 2 2 2 2  550 551 717
1245 2 2 2 2  567 568 735
1246 2 2 2 2  584 585 637
1247 2 2 2 2  614 615 667
1248 2 2 2 2  461 517 745
1249 2 2 2 2  461 745 631
1250 2 2 2 2  520 688 687
1251 2 2 2 2  462 460 687
1252 2 2 2 2  516 741 517
1253 2 2 2 2  688 521 689
1254 2 2 2 2  518 686 685
1255 2 2 2 2  522 690 689
1256 2 2 2 2  523 691 690
1257 2 2 2 2  524 692 691
1258 2 2 2 2  525 693 692
1259 2 2 2 2  526 694 693
1260 2 2 2 2  527 695 694
1261 2 2 2 2  528 696 695
1262 2 2 2 2  529 697 696
1263 2 2 2 2  530 698 697
1264 2 2 2 2  547 714 713
1265 2 2 2 2  533 701 700
1266 2 2 2 2  535 703 702
1267 2 2 2 2  536 704 703
1268 2 2 2 2  537 705 704
1269 2 2 2 2  538 706 705
1270 2 2 2 2  539 707 706
1271 2 2 2 2  540 708 707
1272 2 2 2 2  541 709 708
1273 2 2 2 2  542 710 709
1274 2 2 2 2  543 711 710
1275 2 2 2 2  546 713 746
1276 2 2 2 2  545 546 746
1277 2 2 2 2  713 712 746
1278 2 2 2 2  544 545 746
1279 2 2 2 2  564 731 730
1280 2 2 2 2  549 716 715
1281 2 2 2 2  551 718 717
1282 2 2 2 2  548 549 715
1283 2 2 2 2  552 719 718
1284 2 2 2 2  553 720 719
1285 2 2 2 2  554 721 720
1286 2 2 2 2  555 722 721
1287 2 2 2 2  556 723 722
1288 2 2 2 2  557 724 723
1289 2 2 2 2  558 725 724
1290 2 2 2 2  559 726 725
1291 2 2 2 2  560 727 726
1292 2 2 2 2  561 728 727
1293 2 2 2 2  562 729 728
1294 2 2 2 2  563 730 729
1295 2 2 2 2  403 684 683
1296 2 2 2 2  566 734 733
1297 2 2 2 2  568 736 735
1298 2 2 2 2  569 737 736
1299 2 2 2 2  570 738 737
1300 2 2 2 2  571 739 738
1301 2 2 2 2  572 740 739
1302 2 2 2 2  741 516 573
1303 2 2 2 2  575 685 684
1304 2 2 2 2  576 577 747
1305 2 2 2 2  577 742 747
1306 2 2 2 2  632 580 633
1307 2 2 2 2  611 664 663
1308 2 2 2 2  662 610 663
1309 2 2 2 2  583 636 635
1310 2 2 2 2  582 635 634
1311 2 2 2 2  585 638 637
1312 2 2 2 2  586 639 638
1313 2 2 2 2  587 640 639
1314 2 2 2 2  588 641 640
1315 2 2 2 2  589 642 641
1316 2 2 2 2  590 643 642
1317 2 2 2 2  591 644 643
1318 2 2 2 2  592 645 644
1319 2 2 2 2  593 646 645
1320 2 2 2 2  594 647 646
1321 2 2 2 2  595 648 647
1322 2 2 2 2  596 649 648
1323 2 2 2 2  597 650 649
1324 2 2 2 2  598 651 650
1325 2 2 2 2  599 652 651
1326 2 2 2 2  600 653 652
1327 2 2 2 2  601 654 653
1328 2 2 2 2  602 655 654
1329 2 2 2 2  603 656 655
1330 2 2 2 2  604 657 656
1331 2 2 2 2  605 658 657
1332 2 2 2 2  606 659 658
1333 2 2 2 2  607 660 659
1334 2 2 2 2  608 661 660
1335 2 2 2 2  609 662 661
1336 2 2 2 2  629 682 681
1337 2 2 2 2  611 663 610
1338 2 2 2 2  613 666 665
1339 2 2 2 2  612 665 664
1340 2 2 2 2  615 668 667
1341 2 2 2 2  616 669 668
1342 2 2 2 2  617 670 669
1343 2 2 2 2  618 671 670
1344 2 2 2 2  619 672 671
1345 2 2 2 2  620 673 672
1346 2 2 2 2  621 674 673
1347 2 2 2 2  622 675 674
1348 2 2 2 2  623 676 675
1349 2 2 2 2  624 677 676
1350 2 2 2 2  625 678 677
1351 2 2 2 2  626 679 678
1352 2 2 2 2  627 680 679
1353 2 2 2 2  628 681 680
1354 2 2 2 2  630 683 682
1355 2 2 2 2  534 702 701
1356 2 2 2 2  741 576 747
1357 2 2 2 2  550 717 716
1358 2 2 2 2  567 735 734
1359 2 2 2 2  584 637 636
1360 2 2 2 2  614 667 666
1361 2 2 2 2  581 634 633
1362 2 2 2 2  714 548 715
1363 2 2 2 2  746 712 711
1364 2 2 2 2  544 746 711
1365 2 2 2 2  532 700 699
1366 2 2 2 2  565 733 732
1367 2 2 2 2  747 742 631
1368 2 2 2 2  742 743 744
1369 2 2 2 2  698 531 699
1370 2 2 2 2  731 565 732
1371 2 2 2 2  631 742 744
1372 2 2 2 2  519 687 686
1373 2 2 2 2  517 741 745
1374 2 2 2 2  747 631 745
1375 2 2 2 2  744 743 632
1376 2 2 2 2  632 743 579
1377 2 2 2 2  688 462 687
1378 2 2 2 2  741 747 745
1379 2 2 3 3  228 227 748
1380 2 2 3 3  116 115 749
1381 2 2 3 3  117 116 750
1382 2 2 3 3  116 749 750
1383 2 2 3 3  118 117 750
1384 2 2 3 3  119 118 751
1385 2 2 3 3  120 119 751
1386 2 2 3 3  118 750 751
1387 2 2 3 3  121 120 752
1388 2 2 3 3  120 751 752
1389 2 2 3 3  122 121 752
1390 2 2 3 3  123 122 753
1391 2 2 3 3  124 123 754
1392 2 2 3 3  123 753 754
1393 2 2 3 3  125 124 755
1394 2 2 3 3  124 754 755
1395 2 2 3 3  126 125 756
1396 2 2 3 3  125 755 756
1397 2 2 3 3  127 126 757
1398 2 2 3 3  126 756 757
1399 2 2 3 3  128 127 758
1400 2 2 3 3  129 128 759
1401 2 2 3 3  130 129 760
1402 2 2 3 3  131 130 761
1403 2 2 3 3  132 131 762
1404 2 2 3 3  131 761 762
1405 2 2 3 3  133 132 763
1406 2 2 3 3  132 762 763
1407 2 2 3 3  134 133 764
1408 2 2 3 3  133 763 764
1409 2 2 3 3  135 134 765
1410 2 2 3 3  134 764 765
1411 2 2 3 3  136 135 766
1412 2 2 3 3  135 765 766
1413 2 2 3 3  137 136 767
1414 2 2 3 3  136 766 767
1415 2 2 3 3  138 137 768
1416 2 2 3 3  137 767 768
1417 2 2 3 3  139 138 769
1418 2 2 3 3  138 768 769
1419 2 2 3 3  140 139 770
1420 2 2 3 3  139 769 770
1421 2 2 3 3  141 140 771
1422 2 2 3 3  140 770 771
1423 2 2 3 3  142 141 772
1424 2 2 3 3  141 771 772
1425 2 2 3 3  143 142 772
1426 2 2 3 3  144 143 773
1427 2 2 3 3  145 144 773
1428 2 2 3 3  143 772 773
1429 2 2 3 3  146 145 774
1430 2 2 3 3  145 773 774
1431 2 2 3 3  147 146 774
1432 2 2 3 3  148 147 775
1433 2 2 3 3  147 774 775
1434 2 2 3 3  149 148 776
1435 2 2 3 3  148 775 776
1436 2 2 3 3  150 149 777
1437 2 2 3 3  149 776 777
1438 2 2 3 3  151 150 778
1439 2 2 3 3  150 777 778
1440 2 2 3 3  152 151 779
1441 2 2 3 3  151 778 779
1442 2 2 3 3  153 152 780
1443 2 2 3 3  152 779 780
1444 2 2 3 3  154 153 781
1445 2 2 3 3  153 780 781
1446 2 2 3 3  155 154 782
1447 2 2 3 3  154 781 782
1448 2 2 3 3  156 155 783
1449 2 2 3 3  155 782 783
1450 2 2 3 3  157 156 784
1451 2 2 3 3  156 783 784
1452 2 2 3 3  158 157 785
1453 2 2 3 3  157 784 785
1454 2 2 3 3  159 158 786
1455 2 2 3 3  158 785 786
1456 2 2 3 3  160 159 787
1457 2 2 3 3  161 160 788
1458 2 2 3 3  162 161 789
1459 2 2 3 3  163 162 790
1460 2 2 3 3  162 789 790
1461 2 2 3 3  164 163 791
1462 2 2 3 3  163 790 791
1463 2 2 3 3  165 164 792
1464 2 2 3 3  164 791 792
1465 2 2 3 3  166 165 793
1466 2 2 3 3  165 792 793
1467 2 2 3 3  167 166 794
1468 2 2 3 3  166 793 794
1469 2 2 3 3  168 167 795
1470 2 2 3 3  167 794 795
1471 2 2 3 3  169 168 796
1472 2 2 3 3  168 795 796
1473 2 2 3 3  170 169 797
1474 2 2 3 3  169 796 797
1475 2 2 3 3  171 170 798
1476 2 2 3 3  170 797 798
1477 2 2 3 3  172 171 799
1478 2 2 3 3  171 798 799
1479 2 2 3 3  115 228 800
1480 2 2 3 3  749 115 800
1481 2 2 3 3  228 748 800
1482 2 2 3 3  173 172 801
1483 2 2 3 3  172 799 801
1484 2 2 3 3  174 173 801
1485 2 2 3 3  175 174 802
1486 2 2 3 3  176 175 802
1487 2 2 3 3  174 801 802
1488 2 2 3 3  177 176 803
1489 2 2 3 3  176 802 803
1490 2 2 3 3  178 177 803
1491 2 2 3 3  179 178 804
1492 2 2 3 3  178 803 804
1493 2 2 3 3  180 179 805
1494 2 2 3 3  179 804 805
1495 2 2 3 3  181 180 806
1496 2 2 3 3  180 805 806
1497 2 2 3 3  182 181 807
1498 2 2 3 3  181 806 807
1499 2 2 3 3  183 182 808
1500 2 2 3 3  182 807 808
1501 2 2 3 3  184 183 809
1502 2 2 3 3  183 808 809
1503 2 2 3 3  185 184 810
1504 2 2 3 3  184 809 810
1505 2 2 3 3  186 185 811
1506 2 2 3 3  185 810 811
1507 2 2 3 3  187 186 812
1508 2 2 3 3  186 811 812
1509 2 2 3 3  188 187 813
1510 2 2 3 3  187 812 813
1511 2 2 3 3  189 188 814
1512 2 2 3 3  188 813 814
1513 2 2 3 3  190 189 815
1514 2 2 3 3  189 814 815
1515 2 2 3 3  191 190 816
1516 2 2 3 3  192 191 817
1517 2 2 3 3  193 192 818
1518 2 2 3 3  194 193 819
1519 2 2 3 3  195 194 820
1520 2 2 3 3  194 819 820
1521 2 2 3 3  196 195 821
1522 2 2 3 3  195 820 821
1523 2 2 3 3  197 196 822
1524 2 2 3 3  196 821 822
1525 2 2 3 3  198 197 823
1526 2 2 3 3  197 822 823
1527 2 2 3 3  199 198 824
1528 2 2 3 3  198 823 824
1529 2 2 3 3  200 199 825
1530 2 2 3 3  199 824 825
1531 2 2 3 3  201 200 826
1532 2 2 3 3  200 825 826
1533 2 2 3 3  202 201 827
1534 2 2 3 3  201 826 827
1535 2 2 3 3  203 202 828
1536 2 2 3 3  202 827 828
1537 2 2 3 3  204 203 829
1538 2 2 3 3  203 828 829
1539 2 2 3 3  205 204 829
1540 2 2 3 3  206 205 830
1541 2 2 3 3  207 206 830
1542 2 2 3 3  205 829 830
1543 2 2 3 3  208 207 831
1544 2 2 3 3  207 830 831
1545 2 2 3 3  209 208 831
1546 2 2 3 3  210 209 832
1547 2 2 3 3  209 831 832
1548 2 2 3 3  211 210 833
1549 2 2 3 3  210 832 833
1550 2 2 3 3  212 211 834
1551 2 2 3 3  211 833 834
1552 2 2 3 3  213 212 835
1553 2 2 3 3  212 834 835
1554 2 2 3 3  214 213 836
1555 2 2 3 3  213 835 836
1556 2 2 3 3  215 214 837
1557 2 2 3 3  214 836 837
1558 2 2 3 3  216 215 838
1559 2 2 3 3  215 837 838
1560 2 2 3 3  217 216 839
1561 2 2 3 3  216 838 839
1562 2 2 3 3  218 217 840
1563 2 2 3 3  217 839 840
1564 2 2 3 3  219 218 841
1565 2 2 3 3  218 840 841
1566 2 2 3 3  220 219 842
1567 2 2 3 3  219 841 842
1568 2 2 3 3  221 220 843
1569 2 2 3 3  220 842 843
1570 2 2 3 3  222 221 844
1571 2 2 3 3  223 222 845
1572 2 2 3 3  224 223 846
1573 2 2 3 3  225 224 847
1574 2 2 3 3  226 225 848
1575 2 2 3 3  225 847 848
1576 2 2 3 3  227 226 849
1577 2 2 3 3  226 848 849
1578 2 2 3 3  127 757 758
1579 2 2 3 3  122 752 753
1580 2 2 3 3  760 129 759
1581 2 2 3 3  758 858 128
1582 2 2 3 3  130 760 761
1583 2 2 3 3  160 787 788
1584 2 2 3 3  159 786 787
1585 2 2 3 3  789 161 788
1586 2 2 3 3  816 873 191
1587 2 2 3 3  819 193 818
1588 2 2 3 3  818 192 817
1589 2 2 3 3  816 190 815
1590 2 2 3 3  221 843 844
1591 2 2 3 3  222 844 845
1592 2 2 3 3  847 224 846
1593 2 2 3 3  846 223 845
1594 2 2 3 3  227 849 748
1595 2 2 3 3  751 750 850
1596 2 2 3 3  751 850 752
1597 2 2 3 3  754 753 851
1598 2 2 3 3  760 759 852
1599 2 2 3 3  761 760 853
1600 2 2 3 3  755 754 854
1601 2 2 3 3  754 851 854
1602 2 2 3 3  756 755 855
1603 2 2 3 3  755 854 855
1604 2 2 3 3  757 756 856
1605 2 2 3 3  756 855 856
1606 2 2 3 3  753 752 857
1607 2 2 3 3  851 753 857
1608 2 2 3 3  752 850 857
1609 2 2 3 3  759 128 858
1610 2 2 3 3  763 762 859
1611 2 2 3 3  764 763 860
1612 2 2 3 3  763 859 860
1613 2 2 3 3  765 764 861
1614 2 2 3 3  764 860 861
1615 2 2 3 3  766 765 862
1616 2 2 3 3  765 861 862
1617 2 2 3 3  767 766 863
1618 2 2 3 3  766 862 863
1619 2 2 3 3  768 767 864
1620 2 2 3 3  767 863 864
1621 2 2 3 3  769 768 865
1622 2 2 3 3  768 864 865
1623 2 2 3 3  770 769 866
1624 2 2 3 3  769 865 866
1625 2 2 3 3  771 770 867
1626 2 2 3 3  770 866 867
1627 2 2 3 3  772 771 868
1628 2 2 3 3  773 772 868
1629 2 2 3 3  771 867 868
1630 2 2 3 3  790 789 869
1631 2 2 3 3  774 773 868
1632 2 2 3 3  787 786 870
1633 2 2 3 3  775 774 868
1634 2 2 3 3  776 775 867
1635 2 2 3 3  777 776 866
1636 2 2 3 3  778 777 865
1637 2 2 3 3  779 778 864
1638 2 2 3 3  780 779 863
1639 2 2 3 3  781 780 862
1640 2 2 3 3  782 781 861
1641 2 2 3 3  783 782 860
1642 2 2 3 3  784 783 859
1643 2 2 3 3  786 785 871
1644 2 2 3 3  789 788 872
1645 2 2 3 3  817 191 873
1646 2 2 3 3  791 790 874
1647 2 2 3 3  790 869 874
1648 2 2 3 3  792 791 875
1649 2 2 3 3  791 874 875
1650 2 2 3 3  793 792 876
1651 2 2 3 3  792 875 876
1652 2 2 3 3  794 793 877
1653 2 2 3 3  793 876 877
1654 2 2 3 3  795 794 878
1655 2 2 3 3  794 877 878
1656 2 2 3 3  796 795 879
1657 2 2 3 3  795 878 879
1658 2 2 3 3  797 796 880
1659 2 2 3 3  796 879 880
1660 2 2 3 3  798 797 881
1661 2 2 3 3  797 880 881
1662 2 2 3 3  799 798 882
1663 2 2 3 3  798 881 882
1664 2 2 3 3  820 819 883
1665 2 2 3 3  802 801 884
1666 2 2 3 3  803 802 884
1667 2 2 3 3  801 799 884
1668 2 2 3 3  819 818 885
1669 2 2 3 3  804 803 884
1670 2 2 3 3  805 804 882
1671 2 2 3 3  806 805 881
1672 2 2 3 3  807 806 880
1673 2 2 3 3  808 807 879
1674 2 2 3 3  809 808 878
1675 2 2 3 3  810 809 877
1676 2 2 3 3  811 810 876
1677 2 2 3 3  812 811 875
1678 2 2 3 3  813 812 874
1679 2 2 3 3  814 813 869
1680 2 2 3 3  815 814 886
1681 2 2 3 3  816 815 887
1682 2 2 3 3  818 817 888
1683 2 2 3 3  821 820 889
1684 2 2 3 3  820 883 889
1685 2 2 3 3  822 821 890
1686 2 2 3 3  821 889 890
1687 2 2 3 3  823 822 891
1688 2 2 3 3  822 890 891
1689 2 2 3 3  824 823 892
1690 2 2 3 3  823 891 892
1691 2 2 3 3  825 824 893
1692 2 2 3 3  824 892 893
1693 2 2 3 3  826 825 894
1694 2 2 3 3  825 893 894
1695 2 2 3 3  827 826 895
1696 2 2 3 3  826 894 895
1697 2 2 3 3  828 827 896
1698 2 2 3 3  827 895 896
1699 2 2 3 3  829 828 897
1700 2 2 3 3  830 829 897
1701 2 2 3 3  828 896 897
1702 2 2 3 3  831 830 897
1703 2 2 3 3  847 846 898
1704 2 2 3 3  832 831 897
1705 2 2 3 3  833 832 896
1706 2 2 3 3  834 833 895
1707 2 2 3 3  835 834 894
1708 2 2 3 3  836 835 893
1709 2 2 3 3  837 836 892
1710 2 2 3 3  838 837 891
1711 2 2 3 3  839 838 890
1712 2 2 3 3  840 839 889
1713 2 2 3 3  841 840 883
1714 2 2 3 3  842 841 885
1715 2 2 3 3  843 842 888
1716 2 2 3 3  845 844 899
1717 2 2 3 3  748 849 851
1718 2 2 3 3  846 845 900
1719 2 2 3 3  758 757 901
1720 2 2 3 3  849 848 854
1721 2 2 3 3  844 843 902
1722 2 2 3 3  750 749 850
1723 2 2 3 3  788 787 903
1724 2 2 3 3  762 761 904
1725 2 2 3 3  762 904 859
1726 2 2 3 3  848 847 855
1727 2 2 3 3  884 799 882
1728 2 2 3 3  873 816 905
1729 2 2 3 3  816 887 905
1730 2 2 3 3  858 758 906
1731 2 2 3 3  758 901 906
1732 2 2 3 3  872 788 903
1733 2 2 3 3  760 852 853
1734 2 2 3 3  761 853 904
1735 2 2 3 3  757 856 901
1736 2 2 3 3  848 855 854
1737 2 2 3 3  833 896 895
1738 2 2 3 3  859 783 860
1739 2 2 3 3  860 782 861
1740 2 2 3 3  787 870 907
1741 2 2 3 3  787 907 903
1742 2 2 3 3  866 776 867
1743 2 2 3 3  869 789 872
1744 2 2 3 3  861 781 862
1745 2 2 3 3  870 786 871
1746 2 2 3 3  775 868 867
1747 2 2 3 3  777 866 865
1748 2 2 3 3  778 865 864
1749 2 2 3 3  779 864 863
1750 2 2 3 3  780 863 862
1751 2 2 3 3  784 859 904
1752 2 2 3 3  785 784 904
1753 2 2 3 3  817 873 908
1754 2 2 3 3  817 908 888
1755 2 2 3 3  749 800 850
1756 2 2 3 3  883 819 885
1757 2 2 3 3  800 748 857
1758 2 2 3 3  805 882 881
1759 2 2 3 3  885 818 888
1760 2 2 3 3  804 884 882
1761 2 2 3 3  806 881 880
1762 2 2 3 3  807 880 879
1763 2 2 3 3  808 879 878
1764 2 2 3 3  809 878 877
1765 2 2 3 3  810 877 876
1766 2 2 3 3  811 876 875
1767 2 2 3 3  812 875 874
1768 2 2 3 3  813 874 869
1769 2 2 3 3  815 886 887
1770 2 2 3 3  894 834 895
1771 2 2 3 3  852 759 909
1772 2 2 3 3  759 858 909
1773 2 2 3 3  898 846 900
1774 2 2 3 3  832 897 896
1775 2 2 3 3  835 894 893
1776 2 2 3 3  836 893 892
1777 2 2 3 3  837 892 891
1778 2 2 3 3  838 891 890
1779 2 2 3 3  839 890 889
1780 2 2 3 3  840 889 883
1781 2 2 3 3  841 883 885
1782 2 2 3 3  842 885 888
1783 2 2 3 3  843 888 902
1784 2 2 3 3  845 899 900
1785 2 2 3 3  748 851 857
1786 2 2 3 3  849 854 851
1787 2 2 3 3  844 902 899
1788 2 2 3 3  857 850 800
1789 2 2 3 3  871 785 904
1790 2 2 3 3  870 871 910
1791 2 2 3 3  814 869 886
1792 2 2 3 3  847 898 855
1793 2 2 3 3  872 903 911
1794 2 2 3 3  853 852 910
1795 2 2 3 3  887 886 911
1796 2 2 3 3  899 902 912
1797 2 2 3 3  900 899 906
1798 2 2 3 3  905 887 913
1799 2 2 3 3  887 911 913
1800 2 2 3 3  906 901 900
1801 2 2 3 3  910 871 853
1802 2 2 3 3  903 907 913
1803 2 2 3 3  886 869 872
1804 2 2 3 3  908 873 914
1805 2 2 3 3  873 905 914
1806 2 2 3 3  910 852 915
1807 2 2 3 3  852 909 915
1808 2 2 3 3  858 906 916
1809 2 2 3 3  858 916 909
1810 2 2 3 3  911 903 913
1811 2 2 3 3  904 853 871
1812 2 2 3 3  886 872 911
1813 2 2 3 3  900 901 898
1814 2 2 3 3  870 910 915
1815 2 2 3 3  899 912 916
1816 2 2 3 3  899 916 906
1817 2 2 3 3  870 915 907
1818 2 2 3 3  898 901 856
1819 2 2 3 3  902 888 908
1820 2 2 3 3  902 908 912
1821 2 2 3 3  856 855 898
1822 2 2 3 3  913 907 917
1823 2 2 3 3  907 915 917
1824 2 2 3 3  915 909 918
1825 2 2 3 3  917 915 918
1826 2 2 3 3  909 916 918
1827 2 2 3 3  912 908 914
1828 2 2 3 3  913 917 905
1829 2 2 3 3  914 905 919
1830 2 2 3 3  919 905 917
1831 2 2 3 3  912 914 919
1832 2 2 3 3  916 912 919
1833 2 2 3 3  919 917 918
1834 2 2 3 3  916 919 918
1835 4 2 100001 100001  989 132 534 535
1836 4 2 100001 100001  674 954 1061 955
1837 4 2 100001 100001  869 1006 789 872
1838 4 2 100001 100001  1073 646 420 647
1839 4 2 100001 100001  1029 1126 1030 999
1840 4 2 100001 100001  351 1078 254 1077
1841 4 2 100001 100001  634 921 633 581
1842 4 2 100001 100001  351 1078 350 254
1843 4 2 100001 100001  832 948 897 945
1844 4 2 100001 100001  98 501 315 314
1845 4 2 100001 100001  978 980 696 979
1846 4 2 100001 100001  832 948 831 897
1847 4 2 100001 100001  1054 806 1055 881
1848 4 2 100001 100001  351 1078 1079 350
1849 4 2 100001 100001  372 984 391 1097
1850 4 2 100001 100001  943 825 894 893
1851 4 2 100001 100001  941 950 944 1083
1852 4 2 100001 100001  329 112 515 328
1853 4 2 100001 100001  351 1078 1077 1079
1854 4 2 100001 100001  404 230 1012 405
1855 4 2 100001 100001  983 1124 904 1125
1856 4 2 100001 100001  334 1111 326 333
1857 4 2 100001 100001  832 948 945 613
1858 4 2 100001 100001  597 649 1085 650
1859 4 2 100001 100001  938 869 886 1066
1860 4 2 100001 100001  938 814 886 869
1861 4 2 100001 100001  519 687 1045 520
1862 4 2 100001 100001  830 206 609 610
1863 4 2 100001 100001  235 923 925 1110
1864 4 2 100001 100001  1129 1140 1065 1063
1865 4 2 100001 100001  1131 916 1063 1065
1866 4 2 100001 100001  404 230 229 1012
1867 4 2 100001 100001  404 230 2 229
1868 4 2 100001 100001  1131 899 916 1065
1869 4 2 100001 100001  329 515 516 1113
1870 4 2 100001 100001  404 230 405 2
1871 4 2 100001 100001  1099 1134 985 909
1872 4 2 100001 100001  1099 1134 1098 985
1873 4 2 100001 100001  1099 1134 1043 1098
1874 4 2 100001 100001  1099 1134 909 1043
1875 4 2 100001 100001  1074 425 424 248
1876 4 2 100001 100001  334 1111 1007 326
1877 4 2 100001 100001  1131 968 1065 1129
1878 4 2 100001 100001  334 1111 1110 1007
1879 4 2 100001 100001  112 111 515 328
1880 4 2 100001 100001  925 639 928 926
1881 4 2 100001 100001  186 187 590 812
1882 4 2 100001 100001  404 2 1 229
1883 4 2 100001 100001  692 1135 525 693
1884 4 2 100001 100001  1105 1106 999 1030
1885 4 2 100001 100001  334 1111 333 1110
1886 4 2 100001 100001  1074 425 651 424
1887 4 2 100001 100001  1008 167 570 795
1888 4 2 100001 100001  1040 1041 1004 1051
1889 4 2 100001 100001  958 269 1087 357
1890 4 2 100001 100001  958 957 960 1087
1891 4 2 100001 100001  636 922 410 409
1892 4 2 100001 100001  48 450 451 271
1893 4 2 100001 100001  28 1078 254 253
1894 4 2 100001 100001  626 625 222 844
1895 4 2 100001 100001  964 978 1094 971
1896 4 2 100001 100001  28 1078 431 254
1897 4 2 100001 100001  489 488 303 85
1898 4 2 100001 100001  229 461 114 1
1899 4 2 100001 100001  28 1078 430 431
1900 4 2 100001 100001  160 562 787 563
1901 4 2 100001 100001  1008 167 569 570
1902 4 2 100001 100001  1031 713 547 546
1903 4 2 100001 100001  354 940 1075 1022
1904 4 2 100001 100001  1074 425 1075 651
1905 4 2 100001 100001  913 905 1118 1041
1906 4 2 100001 100001  478 479 295 1100
1907 4 2 100001 100001  713 1031 547 714
1908 4 2 100001 100001  540 998 539 137
1909 4 2 100001 100001  901 963 758 757
1910 4 2 100001 100001  1037 1129 1042 967
1911 4 2 100001 100001  1138 940 1075 1139
1912 4 2 100001 100001  28 1078 253 430
1913 4 2 100001 100001  1074 425 248 1075
1914 4 2 100001 100001  442 39 261 262
1915 4 2 100001 100001  859 783 860 1050
1916 4 2 100001 100001  442 39 441 261
1917 4 2 100001 100001  962 342 1091 399
1918 4 2 100001 100001  898 856 979 901
1919 4 2 100001 100001  1008 167 794 569
1920 4 2 100001 100001  906 858 758 963
1921 4 2 100001 100001  875 1032 876 792
1922 4 2 100001 100001  924 642 641 415
1923 4 2 100001 100001  899 1131 916 906
1924 4 2 100001 100001  877 932 1035 876
1925 4 2 100001 100001  701 700 981 475
1926 4 2 100001 100001  899 968 906 900
1927 4 2 100001 100001  511 108 324 325
1928 4 2 100001 100001  939 814 869 813
1929 4 2 100001 100001  657 605 658 947
1930 4 2 100001 100001  1139 940 1075 1074
1931 4 2 100001 100001  1037 698 473 985
1932 4 2 100001 100001  740 1010 1112 739
1933 4 2 100001 100001  873 191 594 595
1934 4 2 100001 100001  978 287 472 471
1935 4 2 100001 100001  480 297 993 481
1936 4 2 100001 100001  1109 730 504 505
1937 4 2 100001 100001  300 299 1103 378
1938 4 2 100001 100001  929 1056 1057 1052
1939 4 2 100001 100001  50 1091 272 452
1940 4 2 100001 100001  33 34 258 436
1941 4 2 100001 100001  754 753 1047 526
1942 4 2 100001 100001  30 256 432 433
1943 4 2 100001 100001  320 103 507 506
1944 4 2 100001 100001  627 224 628 966
1945 4 2 100001 100001  924 642 934 641
1946 4 2 100001 100001  794 1008 569 1035
1947 4 2 100001 100001  90 307 493 494
1948 4 2 100001 100001  1062 819 883 885
1949 4 2 100001 100001  956 674 675 957
1950 4 2 100001 100001  50 1091 273 272
1951 4 2 100001 100001  1057 731 936 732
1952 4 2 100001 100001  50 1091 453 273
1953 4 2 100001 100001  1004 1128 1040 1133
1954 4 2 100001 100001  128 858 531 758
1955 4 2 100001 100001  979 898 969 966
1956 4 2 100001 100001  924 642 931 934
1957 4 2 100001 100001  1006 1115 386 1017
1958 4 2 100001 100001  224 846 847 966
1959 4 2 100001 100001  77 297 480 481
1960 4 2 100001 100001  770 1105 542 1000
1961 4 2 100001 100001  848 973 855 854
1962 4 2 100001 100001  719 999 494 493
1963 4 2 100001 100001  307 308 494 91
1964 4 2 100001 100001  887 913 1118 1018
1965 4 2 100001 100001  1008 167 795 794
1966 4 2 100001 100001  286 971 366 970
1967 4 2 100001 100001  37 439 440 260
1968 4 2 100001 100001  1073 341 420 243
1969 4 2 100001 100001  835 950 834 944
1970 4 2 100001 100001  832 612 209 831
1971 4 2 100001 100001  23 425 426 249
1972 4 2 100001 100001  1115 1133 386 1017
1973 4 2 100001 100001  101 100 504 317
1974 4 2 100001 100001  993 994 1102 997
1975 4 2 100001 100001  50 1091 452 453
1976 4 2 100001 100001  383 1109 396 317
1977 4 2 100001 100001  1131 1129 1065 1063
1978 4 2 100001 100001  1004 1044 1043 1051
1979 4 2 100001 100001  1109 318 504 317
1980 4 2 100001 100001  832 612 613 209
1981 4 2 100001 100001  385 382 316 1096
1982 4 2 100001 100001  597 1062 1085 960
1983 4 2 100001 100001  950 941 669 1083
1984 4 2 100001 100001  1004 1017 1133 1040
1985 4 2 100001 100001  1045 518 575 685
1986 4 2 100001 100001  910 1099 852 915
1987 4 2 100001 100001  609 948 610 662
1988 4 2 100001 100001  1027 993 1102 997
1989 4 2 100001 100001  832 612 948 613
1990 4 2 100001 100001  677 624 959 958
1991 4 2 100001 100001  843 625 844 221
1992 4 2 100001 100001  1115 1006 1072 937
1993 4 2 100001 100001  603 1058 655 602
1994 4 2 100001 100001  42 445 264 444
1995 4 2 100001 100001  933 935 644 418
1996 4 2 100001 100001  681 973 964 966
1997 4 2 100001 100001  785 786 1124 871
1998 4 2 100001 100001  460 687 462 977
1999 4 2 100001 100001  983 1005 982 1043
2000 4 2 100001 100001  832 612 831 948
2001 4 2 100001 100001  924 642 415 931
2002 4 2 100001 100001  965 966 1094 969
2003 4 2 100001 100001  1026 1136 987 1048
2004 4 2 100001 100001  249 354 1075 1022
2005 4 2 100001 100001  1012 1053 882 1114
2006 4 2 100001 100001  879 880 1069 807
2007 4 2 100001 100001  804 803 884 921
2008 4 2 100001 100001  267 266 953 346
2009 4 2 100001 100001  934 643 642 931
2010 4 2 100001 100001  1053 1012 882 799
2011 4 2 100001 100001  968 1131 1065 899
2012 4 2 100001 100001  966 973 1094 855
2013 4 2 100001 100001  980 979 1094 855
2014 4 2 100001 100001  1085 960 1024 1087
2015 4 2 100001 100001  342 1091 359 273
2016 4 2 100001 100001  981 292 987 475
2017 4 2 100001 100001  845 968 899 900
2018 4 2 100001 100001  688 689 977 1045
2019 4 2 100001 100001  241 417 15 418
2020 4 2 100001 100001  417 933 644 418
2021 4 2 100001 100001  1132 1020 1140 1064
2022 4 2 100001 100001  934 643 590 642
2023 4 2 100001 100001  1044 919 1064 1063
2024 4 2 100001 100001  901 963 906 758
2025 4 2 100001 100001  398 1128 402 397
2026 4 2 100001 100001  933 417 644 643
2027 4 2 100001 100001  241 417 240 15
2028 4 2 100001 100001  767 998 768 137
2029 4 2 100001 100001  241 417 933 240
2030 4 2 100001 100001  923 1127 1010 1011
2031 4 2 100001 100001  1098 984 1125 986
2032 4 2 100001 100001  700 985 532 986
2033 4 2 100001 100001  1132 1039 1140 1128
2034 4 2 100001 100001  241 417 418 933
2035 4 2 100001 100001  934 643 1056 590
2036 4 2 100001 100001  436 1082 437 258
2037 4 2 100001 100001  398 1128 1089 402
2038 4 2 100001 100001  1044 1132 1064 1041
2039 4 2 100001 100001  905 919 1064 1041
2040 4 2 100001 100001  934 643 931 1056
2041 4 2 100001 100001  398 1128 1020 1089
2042 4 2 100001 100001  919 1044 1064 1041
2043 4 2 100001 100001  954 889 840 1061
2044 4 2 100001 100001  595 1014 596 648
2045 4 2 100001 100001  1129 968 967 1092
2046 4 2 100001 100001  902 1014 908 1021
2047 4 2 100001 100001  1135 690 977 691
2048 4 2 100001 100001  398 1128 397 1020
2049 4 2 100001 100001  1044 1039 1004 1134
2050 4 2 100001 100001  919 912 914 1064
2051 4 2 100001 100001  989 763 133 764
2052 4 2 100001 100001  979 966 1094 855
2053 4 2 100001 100001  848 225 629 226
2054 4 2 100001 100001  954 889 839 840
2055 4 2 100001 100001  694 1046 526 527
2056 4 2 100001 100001  1078 349 253 942
2057 4 2 100001 100001  954 889 1023 839
2058 4 2 100001 100001  954 889 1061 1023
2059 4 2 100001 100001  959 1088 1013 1020
2060 4 2 100001 100001  960 1085 1086 1087
2061 4 2 100001 100001  455 964 456 276
2062 4 2 100001 100001  942 252 349 253
2063 4 2 100001 100001  508 321 105 104
2064 4 2 100001 100001  1039 1042 1140 1128
2065 4 2 100001 100001  1081 606 607 945
2066 4 2 100001 100001  397 1020 389 398
2067 4 2 100001 100001  991 708 1000 992
2068 4 2 100001 100001  354 267 953 346
2069 4 2 100001 100001  1004 1044 1134 1043
2070 4 2 100001 100001  952 41 264 444
2071 4 2 100001 100001  1128 1004 400 1133
2072 4 2 100001 100001  915 909 918 1043
2073 4 2 100001 100001  638 926 586 639
2074 4 2 100001 100001  1078 349 350 253
2075 4 2 100001 100001  261 1080 260 440
2076 4 2 100001 100001  1020 1132 1140 1128
2077 4 2 100001 100001  1078 349 1076 350
2078 4 2 100001 100001  952 41 263 264
2079 4 2 100001 100001  1081 607 948 945
2080 4 2 100001 100001  487 1001 303 302
2081 4 2 100001 100001  261 1080 351 260
2082 4 2 100001 100001  659 1081 433 432
2083 4 2 100001 100001  1014 959 1021 902
2084 4 2 100001 100001  261 1080 1079 351
2085 4 2 100001 100001  952 41 443 263
2086 4 2 100001 100001  1082 662 663 948
2087 4 2 100001 100001  952 41 444 443
2088 4 2 100001 100001  1078 349 942 1076
2089 4 2 100001 100001  1034 726 560 559
2090 4 2 100001 100001  958 677 676 450
2091 4 2 100001 100001  99 502 316 315
2092 4 2 100001 100001  419 243 17 242
2093 4 2 100001 100001  419 243 420 17
2094 4 2 100001 100001  1045 1135 976 1047
2095 4 2 100001 100001  202 605 201 827
2096 4 2 100001 100001  240 931 239 416
2097 4 2 100001 100001  240 931 338 239
2098 4 2 100001 100001  277 361 972 278
2099 4 2 100001 100001  1110 1111 1010 1009
2100 4 2 100001 100001  240 931 933 338
2101 4 2 100001 100001  240 931 416 933
2102 4 2 100001 100001  1104 1106 711 1001
2103 4 2 100001 100001  419 243 1073 420
2104 4 2 100001 100001  916 1130 1131 1063
2105 4 2 100001 100001  1074 423 424 650
2106 4 2 100001 100001  916 1130 858 1131
2107 4 2 100001 100001  845 626 222 844
2108 4 2 100001 100001  1136 1123 1034 1026
2109 4 2 100001 100001  693 1047 525 526
2110 4 2 100001 100001  1046 1047 693 526
2111 4 2 100001 100001  302 487 83 84
2112 4 2 100001 100001  916 1130 909 858
2113 4 2 100001 100001  859 762 904 1034
2114 4 2 100001 100001  1074 423 247 424
2115 4 2 100001 100001  376 1027 993 1101
2116 4 2 100001 100001  419 243 242 1073
2117 4 2 100001 100001  916 1130 1063 909
2118 4 2 100001 100001  617 670 1059 618
2119 4 2 100001 100001  185 932 588 810
2120 4 2 100001 100001  981 1123 987 292
2121 4 2 100001 100001  308 309 377 992
2122 4 2 100001 100001  185 932 589 588
2123 4 2 100001 100001  905 887 1118 1117
2124 4 2 100001 100001  398 1088 1089 1020
2125 4 2 100001 100001  185 932 811 589
2126 4 2 100001 100001  1074 423 650 1085
2127 4 2 100001 100001  1071 1073 419 242
2128 4 2 100001 100001  924 414 238 415
2129 4 2 100001 100001  731 1006 506 505
2130 4 2 100001 100001  185 932 810 811
2131 4 2 100001 100001  1007 512 738 737
2132 4 2 100001 100001  736 1008 1035 569
2133 4 2 100001 100001  985 531 698 699
2134 4 2 100001 100001  1091 678 679 1093
2135 4 2 100001 100001  177 803 178 581
2136 4 2 100001 100001  975 456 682 964
2137 4 2 100001 100001  647 1073 1119 420
2138 4 2 100001 100001  869 1006 872 1066
2139 4 2 100001 100001  985 531 1130 698
2140 4 2 100001 100001  1076 442 946 261
2141 4 2 100001 100001  1039 1132 1140 1064
2142 4 2 100001 100001  649 423 422 1085
2143 4 2 100001 100001  385 396 1095 1005
2144 4 2 100001 100001  108 511 512 325
2145 4 2 100001 100001  109 108 512 325
2146 4 2 100001 100001  1059 942 950 1058
2147 4 2 100001 100001  36 438 439 259
2148 4 2 100001 100001  37 36 439 259
2149 4 2 100001 100001  440 667 441 946
2150 4 2 100001 100001  518 800 115 749
2151 4 2 100001 100001  975 456 683 682
2152 4 2 100001 100001  907 1018 903 1051
2153 4 2 100001 100001  440 667 946 1080
2154 4 2 100001 100001  437 1082 663 948
2155 4 2 100001 100001  1088 389 1086 1020
2156 4 2 100001 100001  962 965 1092 1091
2157 4 2 100001 100001  195 194 820 598
2158 4 2 100001 100001  236 413 412 10
2159 4 2 100001 100001  975 456 972 683
2160 4 2 100001 100001  975 456 964 972
2161 4 2 100001 100001  194 597 819 598
2162 4 2 100001 100001  1138 1139 599 820
2163 4 2 100001 100001  979 901 963 969
2164 4 2 100001 100001  485 1103 710 1104
2165 4 2 100001 100001  794 166 569 167
2166 4 2 100001 100001  1061 622 954 674
2167 4 2 100001 100001  907 1018 913 903
2168 4 2 100001 100001  764 989 860 1049
2169 4 2 100001 100001  485 1103 484 710
2170 4 2 100001 100001  950 212 1083 616
2171 4 2 100001 100001  969 627 680 966
2172 4 2 100001 100001  1061 622 840 954
2173 4 2 100001 100001  1081 606 659 607
2174 4 2 100001 100001  725 724 1108 1003
2175 4 2 100001 100001  485 1103 301 484
2176 4 2 100001 100001  907 1018 1041 913
2177 4 2 100001 100001  804 803 921 178
2178 4 2 100001 100001  593 646 937 1116
2179 4 2 100001 100001  1091 399 359 967
2180 4 2 100001 100001  874 1056 1052 1057
2181 4 2 100001 100001  962 978 963 969
2182 4 2 100001 100001  973 980 855 854
2183 4 2 100001 100001  709 710 991 1105
2184 4 2 100001 100001  1096 1025 728 1124
2185 4 2 100001 100001  499 500 313 1003
2186 4 2 100001 100001  276 54 277 456
2187 4 2 100001 100001  485 1103 1104 301
2188 4 2 100001 100001  880 881 797 1036
2189 4 2 100001 100001  907 1018 1051 1041
2190 4 2 100001 100001  363 976 362 977
2191 4 2 100001 100001  1061 622 957 840
2192 4 2 100001 100001  785 561 1124 786
2193 4 2 100001 100001  1015 1116 1018 1017
2194 4 2 100001 100001  363 976 283 362
2195 4 2 100001 100001  363 976 282 283
2196 4 2 100001 100001  354 268 345 1024
2197 4 2 100001 100001  856 979 901 757
2198 4 2 100001 100001  363 976 977 282
2199 4 2 100001 100001  982 981 1025 1125
2200 4 2 100001 100001  870 1005 786 983
2201 4 2 100001 100001  849 851 975 854
2202 4 2 100001 100001  938 189 593 815
2203 4 2 100001 100001  938 189 592 593
2204 4 2 100001 100001  965 1091 453 679
2205 4 2 100001 100001  938 189 814 592
2206 4 2 100001 100001  753 123 525 526
2207 4 2 100001 100001  224 847 628 966
2208 4 2 100001 100001  1061 622 674 957
2209 4 2 100001 100001  519 518 1045 686
2210 4 2 100001 100001  938 189 815 814
2211 4 2 100001 100001  740 572 1010 739
2212 4 2 100001 100001  459 977 685 686
2213 4 2 100001 100001  410 922 233 409
2214 4 2 100001 100001  938 939 1057 937
2215 4 2 100001 100001  1082 435 434 257
2216 4 2 100001 100001  299 79 80 483
2217 4 2 100001 100001  503 100 316 317
2218 4 2 100001 100001  292 476 987 475
2219 4 2 100001 100001  1082 435 661 434
2220 4 2 100001 100001  817 1014 818 596
2221 4 2 100001 100001  1105 1000 770 769
2222 4 2 100001 100001  1028 553 778 1126
2223 4 2 100001 100001  845 223 626 627
2224 4 2 100001 100001  1029 777 865 866
2225 4 2 100001 100001  769 1029 865 866
2226 4 2 100001 100001  974 1047 976 972
2227 4 2 100001 100001  1045 750 749 519
2228 4 2 100001 100001  970 361 284 976
2229 4 2 100001 100001  1073 647 1019 1116
2230 4 2 100001 100001  1091 965 274 342
2231 4 2 100001 100001  361 970 972 976
2232 4 2 100001 100001  595 191 817 873
2233 4 2 100001 100001  1045 750 850 749
2234 4 2 100001 100001  881 1053 882 798
2235 4 2 100001 100001  182 585 926 586
2236 4 2 100001 100001  1077 433 256 1082
2237 4 2 100001 100001  954 217 620 621
2238 4 2 100001 100001  674 448 956 675
2239 4 2 100001 100001  225 847 848 973
2240 4 2 100001 100001  1131 968 906 899
2241 4 2 100001 100001  341 1073 1119 1016
2242 4 2 100001 100001  630 973 848 975
2243 4 2 100001 100001  1077 433 432 256
2244 4 2 100001 100001  111 1112 327 514
2245 4 2 100001 100001  656 942 429 655
2246 4 2 100001 100001  111 1112 328 327
2247 4 2 100001 100001  625 221 222 844
2248 4 2 100001 100001  111 1112 515 328
2249 4 2 100001 100001  832 945 897 896
2250 4 2 100001 100001  895 827 945 896
2251 4 2 100001 100001  1077 433 1081 432
2252 4 2 100001 100001  466 467 976 692
2253 4 2 100001 100001  888 1014 818 817
2254 4 2 100001 100001  1104 301 302 485
2255 4 2 100001 100001  827 828 945 896
2256 4 2 100001 100001  111 1112 514 515
2257 4 2 100001 100001  843 625 959 844
2258 4 2 100001 100001  930 510 323 324
2259 4 2 100001 100001  701 1136 533 1048
2260 4 2 100001 100001  1077 433 1082 1081
2261 4 2 100001 100001  630 973 629 848
2262 4 2 100001 100001  1110 332 333 234
2263 4 2 100001 100001  989 762 534 132
2264 4 2 100001 100001  692 467 976 693
2265 4 2 100001 100001  283 361 976 284
2266 4 2 100001 100001  981 1136 1123 1025
2267 4 2 100001 100001  630 973 682 629
2268 4 2 100001 100001  1110 332 1112 333
2269 4 2 100001 100001  912 919 1063 1064
2270 4 2 100001 100001  630 973 975 682
2271 4 2 100001 100001  112 329 516 113
2272 4 2 100001 100001  539 766 136 767
2273 4 2 100001 100001  285 970 364 284
2274 4 2 100001 100001  1138 1022 1084 1023
2275 4 2 100001 100001  371 981 292 1123
2276 4 2 100001 100001  539 766 538 136
2277 4 2 100001 100001  285 970 366 364
2278 4 2 100001 100001  415 13 238 239
2279 4 2 100001 100001  1138 1061 1023 1084
2280 4 2 100001 100001  1096 982 1025 1124
2281 4 2 100001 100001  149 551 776 552
2282 4 2 100001 100001  1023 891 822 1058
2283 4 2 100001 100001  991 1105 999 1029
2284 4 2 100001 100001  1023 1061 954 1084
2285 4 2 100001 100001  1022 951 953 1084
2286 4 2 100001 100001  1110 332 1011 1112
2287 4 2 100001 100001  539 766 994 538
2288 4 2 100001 100001  971 286 470 970
2289 4 2 100001 100001  539 766 767 994
2290 4 2 100001 100001  1069 1110 1010 1009
2291 4 2 100001 100001  217 954 216 839
2292 4 2 100001 100001  157 785 158 560
2293 4 2 100001 100001  971 964 366 970
2294 4 2 100001 100001  964 360 275 274
2295 4 2 100001 100001  1135 1047 693 976
2296 4 2 100001 100001  361 970 284 364
2297 4 2 100001 100001  468 467 693 976
2298 4 2 100001 100001  456 54 277 457
2299 4 2 100001 100001  66 469 470 285
2300 4 2 100001 100001  981 982 1025 1096
2301 4 2 100001 100001  625 1065 959 844
2302 4 2 100001 100001  889 890 821 1023
2303 4 2 100001 100001  271 961 451 272
2304 4 2 100001 100001  968 625 844 1065
2305 4 2 100001 100001  217 954 620 216
2306 4 2 100001 100001  689 1045 522 690
2307 4 2 100001 100001  944 942 943 950
2308 4 2 100001 100001  50 49 452 272
2309 4 2 100001 100001  476 292 987 293
2310 4 2 100001 100001  699 700 474 984
2311 4 2 100001 100001  416 14 239 240
2312 4 2 100001 100001  721 720 992 495
2313 4 2 100001 100001  948 662 663 610
2314 4 2 100001 100001  575 974 685 684
2315 4 2 100001 100001  499 724 1003 1002
2316 4 2 100001 100001  458 279 977 459
2317 4 2 100001 100001  964 455 275 276
2318 4 2 100001 100001  945 829 828 607
2319 4 2 100001 100001  1132 1044 1039 1004
2320 4 2 100001 100001  803 579 176 802
2321 4 2 100001 100001  56 55 458 278
2322 4 2 100001 100001  426 249 1075 1022
2323 4 2 100001 100001  594 873 1117 816
2324 4 2 100001 100001  561 785 1124 560
2325 4 2 100001 100001  945 829 897 828
2326 4 2 100001 100001  1132 1040 1041 1004
2327 4 2 100001 100001  510 930 736 511
2328 4 2 100001 100001  508 321 104 507
2329 4 2 100001 100001  1044 1132 1041 1004
2330 4 2 100001 100001  740 514 739 1112
2331 4 2 100001 100001  261 442 946 441
2332 4 2 100001 100001  1042 1037 1097 1039
2333 4 2 100001 100001  824 198 823 602
2334 4 2 100001 100001  953 672 673 1084
2335 4 2 100001 100001  624 220 221 843
2336 4 2 100001 100001  945 829 948 897
2337 4 2 100001 100001  898 846 900 969
2338 4 2 100001 100001  968 625 626 844
2339 4 2 100001 100001  1041 1044 907 917
2340 4 2 100001 100001  968 625 678 626
2341 4 2 100001 100001  948 610 663 611
2342 4 2 100001 100001  339 933 338 240
2343 4 2 100001 100001  544 772 545 746
2344 4 2 100001 100001  417 416 933 240
2345 4 2 100001 100001  1110 923 1010 1011
2346 4 2 100001 100001  606 828 607 945
2347 4 2 100001 100001  1071 645 418 419
2348 4 2 100001 100001  308 309 992 495
2349 4 2 100001 100001  945 829 607 948
2350 4 2 100001 100001  58 57 460 280
2351 4 2 100001 100001  924 931 238 1068
2352 4 2 100001 100001  803 579 580 176
2353 4 2 100001 100001  1071 340 242 241
2354 4 2 100001 100001  924 931 415 238
2355 4 2 100001 100001  1027 722 1102 996
2356 4 2 100001 100001  423 246 247 21
2357 4 2 100001 100001  1044 915 917 918
2358 4 2 100001 100001  803 579 921 580
2359 4 2 100001 100001  1081 606 945 947
2360 4 2 100001 100001  978 980 979 1094
2361 4 2 100001 100001  98 97 501 314
2362 4 2 100001 100001  1027 721 722 996
2363 4 2 100001 100001  618 671 1059 1060
2364 4 2 100001 100001  403 849 630 227
2365 4 2 100001 100001  848 226 629 630
2366 4 2 100001 100001  699 984 473 985
2367 4 2 100001 100001  1139 598 651 599
2368 4 2 100001 100001  818 193 597 819
2369 4 2 100001 100001  803 579 802 921
2370 4 2 100001 100001  756 125 528 126
2371 4 2 100001 100001  1061 889 883 820
2372 4 2 100001 100001  948 830 611 831
2373 4 2 100001 100001  998 992 994 996
2374 4 2 100001 100001  833 615 614 949
2375 4 2 100001 100001  1037 1090 289 473
2376 4 2 100001 100001  934 929 1056 931
2377 4 2 100001 100001  1090 698 472 473
2378 4 2 100001 100001  193 194 597 819
2379 4 2 100001 100001  725 724 558 1108
2380 4 2 100001 100001  878 877 928 1008
2381 4 2 100001 100001  933 1056 643 644
2382 4 2 100001 100001  879 807 926 808
2383 4 2 100001 100001  929 933 1057 1056
2384 4 2 100001 100001  833 615 211 614
2385 4 2 100001 100001  934 929 1032 1056
2386 4 2 100001 100001  1028 998 992 1029
2387 4 2 100001 100001  1123 381 293 373
2388 4 2 100001 100001  1123 381 988 293
2389 4 2 100001 100001  1135 691 976 692
2390 4 2 100001 100001  978 471 697 696
2391 4 2 100001 100001  1123 381 1033 988
2392 4 2 100001 100001  833 615 834 211
2393 4 2 100001 100001  1054 584 1137 1055
2394 4 2 100001 100001  992 993 994 996
2395 4 2 100001 100001  1112 515 328 1113
2396 4 2 100001 100001  466 467 63 283
2397 4 2 100001 100001  565 1057 789 790
2398 4 2 100001 100001  998 767 539 137
2399 4 2 100001 100001  1032 567 792 791
2400 4 2 100001 100001  948 830 609 610
2401 4 2 100001 100001  425 23 248 249
2402 4 2 100001 100001  1120 428 655 654
2403 4 2 100001 100001  691 466 976 692
2404 4 2 100001 100001  59 280 462 281
2405 4 2 100001 100001  833 615 949 834
2406 4 2 100001 100001  1068 238 336 931
2407 4 2 100001 100001  188 187 813 591
2408 4 2 100001 100001  510 930 511 324
2409 4 2 100001 100001  898 847 966 855
2410 4 2 100001 100001  965 1091 679 1093
2411 4 2 100001 100001  488 489 303 1001
2412 4 2 100001 100001  383 1004 400 396
2413 4 2 100001 100001  383 1004 1133 400
2414 4 2 100001 100001  1115 1116 1066 937
2415 4 2 100001 100001  1059 1022 942 1058
2416 4 2 100001 100001  14 13 416 239
2417 4 2 100001 100001  806 585 584 1055
2418 4 2 100001 100001  1107 1104 999 379
2419 4 2 100001 100001  1100 374 295 388
2420 4 2 100001 100001  302 301 82 485
2421 4 2 100001 100001  968 625 1065 678
2422 4 2 100001 100001  931 1070 924 934
2423 4 2 100001 100001  767 998 539 994
2424 4 2 100001 100001  324 1007 325 335
2425 4 2 100001 100001  383 1004 1017 1133
2426 4 2 100001 100001  1037 962 1092 967
2427 4 2 100001 100001  806 585 181 584
2428 4 2 100001 100001  961 1088 1020 1089
2429 4 2 100001 100001  1006 730 1017 505
2430 4 2 100001 100001  372 393 369 1037
2431 4 2 100001 100001  806 585 807 181
2432 4 2 100001 100001  806 585 1055 807
2433 4 2 100001 100001  1007 511 737 736
2434 4 2 100001 100001  955 674 956 1061
2435 4 2 100001 100001  349 952 263 348
2436 4 2 100001 100001  349 952 1076 263
2437 4 2 100001 100001  1037 1129 1092 1130
2438 4 2 100001 100001  319 318 505 386
2439 4 2 100001 100001  701 981 987 475
2440 4 2 100001 100001  403 630 975 683
2441 4 2 100001 100001  931 238 337 239
2442 4 2 100001 100001  783 782 1050 558
2443 4 2 100001 100001  349 952 942 1076
2444 4 2 100001 100001  989 859 1050 1026
2445 4 2 100001 100001  939 592 935 937
2446 4 2 100001 100001  614 949 945 833
2447 4 2 100001 100001  207 208 611 831
2448 4 2 100001 100001  1017 730 1109 505
2449 4 2 100001 100001  488 487 713 1001
2450 4 2 100001 100001  751 118 521 119
2451 4 2 100001 100001  1030 1107 999 718
2452 4 2 100001 100001  934 932 1035 1070
2453 4 2 100001 100001  349 952 348 942
2454 4 2 100001 100001  181 584 180 806
2455 4 2 100001 100001  277 278 972 457
2456 4 2 100001 100001  1109 1004 396 1005
2457 4 2 100001 100001  100 503 504 317
2458 4 2 100001 100001  532 130 533 986
2459 4 2 100001 100001  476 701 987 475
2460 4 2 100001 100001  837 618 1059 1060
2461 4 2 100001 100001  877 1008 1035 1070
2462 4 2 100001 100001  673 674 954 621
2463 4 2 100001 100001  1037 1090 399 369
2464 4 2 100001 100001  673 674 955 954
2465 4 2 100001 100001  877 793 1035 794
2466 4 2 100001 100001  971 286 366 368
2467 4 2 100001 100001  921 1054 1137 1114
2468 4 2 100001 100001  753 122 525 123
2469 4 2 100001 100001  838 1023 954 1084
2470 4 2 100001 100001  533 131 534 1048
2471 4 2 100001 100001  423 649 650 1085
2472 4 2 100001 100001  930 511 1007 736
2473 4 2 100001 100001  769 1105 866 770
2474 4 2 100001 100001  89 88 492 305
2475 4 2 100001 100001  162 565 789 790
2476 4 2 100001 100001  1086 421 422 648
2477 4 2 100001 100001  931 1070 1068 924
2478 4 2 100001 100001  1086 421 245 422
2479 4 2 100001 100001  1031 550 716 717
2480 4 2 100001 100001  931 1070 930 1068
2481 4 2 100001 100001  552 551 1030 718
2482 4 2 100001 100001  965 969 1093 680
2483 4 2 100001 100001  561 562 786 159
2484 4 2 100001 100001  168 927 571 570
2485 4 2 100001 100001  774 145 548 146
2486 4 2 100001 100001  714 1031 548 715
2487 4 2 100001 100001  1086 421 648 1119
2488 4 2 100001 100001  931 1070 934 930
2489 4 2 100001 100001  838 837 891 1060
2490 4 2 100001 100001  1138 651 599 1139
2491 4 2 100001 100001  1038 1098 982 1043
2492 4 2 100001 100001  1138 651 652 599
2493 4 2 100001 100001  1047 748 975 974
2494 4 2 100001 100001  1047 748 851 975
2495 4 2 100001 100001  168 927 796 571
2496 4 2 100001 100001  1047 748 857 851
2497 4 2 100001 100001  480 479 705 997
2498 4 2 100001 100001  1047 748 974 857
2499 4 2 100001 100001  1138 651 1075 652
2500 4 2 100001 100001  934 932 589 811
2501 4 2 100001 100001  710 1106 543 711
2502 4 2 100001 100001  880 1127 881 1036
2503 4 2 100001 100001  1091 342 274 273
2504 4 2 100001 100001  1120 1121 1022 942
2505 4 2 100001 100001  1138 651 1139 1075
2506 4 2 100001 100001  168 927 795 796
2507 4 2 100001 100001  168 927 570 795
2508 4 2 100001 100001  1139 597 650 598
2509 4 2 100001 100001  656 603 604 943
2510 4 2 100001 100001  1032 567 568 792
2511 4 2 100001 100001  1074 246 247 423
2512 4 2 100001 100001  1115 343 386 390
2513 4 2 100001 100001  1074 246 345 247
2514 4 2 100001 100001  787 870 907 1051
2515 4 2 100001 100001  318 1017 386 383
2516 4 2 100001 100001  184 809 810 588
2517 4 2 100001 100001  985 760 532 986
2518 4 2 100001 100001  985 760 759 532
2519 4 2 100001 100001  1133 395 390 386
2520 4 2 100001 100001  318 101 504 317
2521 4 2 100001 100001  985 760 1099 759
2522 4 2 100001 100001  985 760 986 1099
2523 4 2 100001 100001  499 96 312 313
2524 4 2 100001 100001  941 668 669 1083
2525 4 2 100001 100001  1121 251 348 1120
2526 4 2 100001 100001  955 956 1024 1061
2527 4 2 100001 100001  406 920 632 633
2528 4 2 100001 100001  924 640 588 928
2529 4 2 100001 100001  1062 1139 1024 1061
2530 4 2 100001 100001  1121 251 347 348
2531 4 2 100001 100001  941 668 442 669
2532 4 2 100001 100001  1121 251 250 347
2533 4 2 100001 100001  983 982 1124 1125
2534 4 2 100001 100001  932 877 810 876
2535 4 2 100001 100001  1074 246 1085 345
2536 4 2 100001 100001  874 1056 812 875
2537 4 2 100001 100001  408 920 409 232
2538 4 2 100001 100001  941 668 946 442
2539 4 2 100001 100001  1074 246 423 1085
2540 4 2 100001 100001  783 782 860 1050
2541 4 2 100001 100001  735 1032 567 568
2542 4 2 100001 100001  448 449 956 675
2543 4 2 100001 100001  529 756 528 126
2544 4 2 100001 100001  1015 1115 1116 1017
2545 4 2 100001 100001  911 913 1018 903
2546 4 2 100001 100001  941 668 1083 946
2547 4 2 100001 100001  782 783 155 558
2548 4 2 100001 100001  425 23 22 248
2549 4 2 100001 100001  556 723 1108 557
2550 4 2 100001 100001  1054 921 882 1114
2551 4 2 100001 100001  755 756 125 528
2552 4 2 100001 100001  755 980 756 528
2553 4 2 100001 100001  162 163 565 790
2554 4 2 100001 100001  980 695 696 528
2555 4 2 100001 100001  999 720 992 1126
2556 4 2 100001 100001  984 1038 1097 985
2557 4 2 100001 100001  1097 1042 1128 401
2558 4 2 100001 100001  1121 251 1120 250
2559 4 2 100001 100001  1097 1004 401 1128
2560 4 2 100001 100001  395 383 1133 400
2561 4 2 100001 100001  184 183 809 587
2562 4 2 100001 100001  1134 1037 1097 985
2563 4 2 100001 100001  393 392 359 967
2564 4 2 100001 100001  154 556 781 557
2565 4 2 100001 100001  390 1016 397 1133
2566 4 2 100001 100001  390 1016 341 397
2567 4 2 100001 100001  390 1016 1073 341
2568 4 2 100001 100001  397 1133 400 395
2569 4 2 100001 100001  442 941 669 443
2570 4 2 100001 100001  845 968 626 844
2571 4 2 100001 100001  920 635 1137 921
2572 4 2 100001 100001  276 455 275 53
2573 4 2 100001 100001  888 1014 902 959
2574 4 2 100001 100001  281 282 464 61
2575 4 2 100001 100001  1030 717 1031 1107
2576 4 2 100001 100001  1091 272 967 359
2577 4 2 100001 100001  583 804 179 805
2578 4 2 100001 100001  435 1082 661 662
2579 4 2 100001 100001  397 1133 1128 400
2580 4 2 100001 100001  1030 717 718 551
2581 4 2 100001 100001  528 979 529 696
2582 4 2 100001 100001  390 1016 1133 1073
2583 4 2 100001 100001  1030 717 1107 718
2584 4 2 100001 100001  528 979 756 529
2585 4 2 100001 100001  1091 961 678 967
2586 4 2 100001 100001  920 921 1137 1114
2587 4 2 100001 100001  442 1076 443 263
2588 4 2 100001 100001  477 476 293 73
2589 4 2 100001 100001  1091 961 452 678
2590 4 2 100001 100001  280 58 59 462
2591 4 2 100001 100001  461 330 1012 229
2592 4 2 100001 100001  281 59 463 462
2593 4 2 100001 100001  1076 442 443 941
2594 4 2 100001 100001  695 980 527 528
2595 4 2 100001 100001  528 979 980 756
2596 4 2 100001 100001  38 37 440 260
2597 4 2 100001 100001  678 968 967 1065
2598 4 2 100001 100001  309 1101 992 495
2599 4 2 100001 100001  1091 961 272 452
2600 4 2 100001 100001  269 448 449 956
2601 4 2 100001 100001  767 136 539 137
2602 4 2 100001 100001  445 265 43 42
2603 4 2 100001 100001  1051 1006 1017 1018
2604 4 2 100001 100001  637 922 1055 923
2605 4 2 100001 100001  14 416 417 240
2606 4 2 100001 100001  415 931 416 239
2607 4 2 100001 100001  1051 1006 730 1017
2608 4 2 100001 100001  477 988 702 703
2609 4 2 100001 100001  1104 1107 380 379
2610 4 2 100001 100001  988 477 478 703
2611 4 2 100001 100001  480 481 993 706
2612 4 2 100001 100001  1091 961 967 272
2613 4 2 100001 100001  926 587 586 639
2614 4 2 100001 100001  926 587 808 586
2615 4 2 100001 100001  426 427 250 1022
2616 4 2 100001 100001  528 979 696 980
2617 4 2 100001 100001  248 354 1075 249
2618 4 2 100001 100001  1139 598 599 820
2619 4 2 100001 100001  1023 1022 1058 653
2620 4 2 100001 100001  926 587 639 928
2621 4 2 100001 100001  1139 819 598 820
2622 4 2 100001 100001  161 563 788 564
2623 4 2 100001 100001  488 1001 713 714
2624 4 2 100001 100001  1015 887 1018 1116
2625 4 2 100001 100001  265 445 43 266
2626 4 2 100001 100001  1058 601 654 602
2627 4 2 100001 100001  1082 436 437 663
2628 4 2 100001 100001  1139 819 597 598
2629 4 2 100001 100001  565 1052 733 1057
2630 4 2 100001 100001  599 1138 821 600
2631 4 2 100001 100001  550 1031 716 549
2632 4 2 100001 100001  1139 819 1062 597
2633 4 2 100001 100001  900 898 969 901
2634 4 2 100001 100001  565 1052 566 733
2635 4 2 100001 100001  1139 819 820 1062
2636 4 2 100001 100001  932 924 934 641
2637 4 2 100001 100001  1082 33 258 436
2638 4 2 100001 100001  1051 1006 563 730
2639 4 2 100001 100001  1082 33 257 258
2640 4 2 100001 100001  668 442 441 946
2641 4 2 100001 100001  1082 33 435 257
2642 4 2 100001 100001  487 302 303 84
2643 4 2 100001 100001  934 1032 1035 876
2644 4 2 100001 100001  267 354 953 955
2645 4 2 100001 100001  1030 867 866 770
2646 4 2 100001 100001  565 1052 790 566
2647 4 2 100001 100001  29 255 254 431
2648 4 2 100001 100001  793 794 569 1035
2649 4 2 100001 100001  939 869 874 813
2650 4 2 100001 100001  934 1056 812 590
2651 4 2 100001 100001  461 745 1012 517
2652 4 2 100001 100001  1028 778 865 1126
2653 4 2 100001 100001  920 1114 1012 921
2654 4 2 100001 100001  404 744 1012 631
2655 4 2 100001 100001  1051 1006 1018 563
2656 4 2 100001 100001  331 920 1012 230
2657 4 2 100001 100001  930 1007 1070 1035
2658 4 2 100001 100001  565 1052 1057 790
2659 4 2 100001 100001  353 259 260 1080
2660 4 2 100001 100001  292 1123 987 293
2661 4 2 100001 100001  573 740 1011 1113
2662 4 2 100001 100001  747 745 1012 631
2663 4 2 100001 100001  436 1082 662 663
2664 4 2 100001 100001  824 603 825 199
2665 4 2 100001 100001  1067 331 232 920
2666 4 2 100001 100001  1105 710 991 1103
2667 4 2 100001 100001  427 1120 251 250
2668 4 2 100001 100001  1082 33 436 435
2669 4 2 100001 100001  981 982 984 1125
2670 4 2 100001 100001  381 1003 313 1033
2671 4 2 100001 100001  982 1098 984 1125
2672 4 2 100001 100001  773 143 546 144
2673 4 2 100001 100001  1029 1028 865 1126
2674 4 2 100001 100001  923 1127 1055 1069
2675 4 2 100001 100001  381 1003 388 313
2676 4 2 100001 100001  992 999 1126 1029
2677 4 2 100001 100001  511 1007 737 512
2678 4 2 100001 100001  1028 992 1126 1029
2679 4 2 100001 100001  719 1030 1126 999
2680 4 2 100001 100001  1057 732 936 733
2681 4 2 100001 100001  165 793 568 792
2682 4 2 100001 100001  467 468 64 284
2683 4 2 100001 100001  564 1006 788 789
2684 4 2 100001 100001  803 921 581 580
2685 4 2 100001 100001  1040 1018 1041 1051
2686 4 2 100001 100001  923 234 411 410
2687 4 2 100001 100001  351 350 1079 261
2688 4 2 100001 100001  1067 331 384 232
2689 4 2 100001 100001  513 110 326 327
2690 4 2 100001 100001  490 1001 715 716
2691 4 2 100001 100001  381 1003 988 388
2692 4 2 100001 100001  1017 1018 1040 1051
2693 4 2 100001 100001  1004 1017 1040 1051
2694 4 2 100001 100001  381 1003 1033 988
2695 4 2 100001 100001  889 1138 820 1061
2696 4 2 100001 100001  1067 331 920 1012
2697 4 2 100001 100001  992 308 495 494
2698 4 2 100001 100001  1067 922 1011 1114
2699 4 2 100001 100001  1056 934 812 875
2700 4 2 100001 100001  500 1033 501 314
2701 4 2 100001 100001  878 926 927 928
2702 4 2 100001 100001  530 128 531 758
2703 4 2 100001 100001  273 51 274 453
2704 4 2 100001 100001  381 1122 373 1123
2705 4 2 100001 100001  964 360 274 965
2706 4 2 100001 100001  851 849 975 748
2707 4 2 100001 100001  381 1122 314 373
2708 4 2 100001 100001  381 1122 1033 314
2709 4 2 100001 100001  993 482 481 298
2710 4 2 100001 100001  993 482 707 481
2711 4 2 100001 100001  572 170 798 797
2712 4 2 100001 100001  889 1138 821 820
2713 4 2 100001 100001  170 572 798 573
2714 4 2 100001 100001  58 280 460 462
2715 4 2 100001 100001  993 482 992 707
2716 4 2 100001 100001  993 482 298 992
2717 4 2 100001 100001  381 1122 1123 1033
2718 4 2 100001 100001  957 1062 885 960
2719 4 2 100001 100001  275 454 52 455
2720 4 2 100001 100001  701 476 987 702
2721 4 2 100001 100001  1045 977 686 685
2722 4 2 100001 100001  636 1055 637 922
2723 4 2 100001 100001  636 1055 584 637
2724 4 2 100001 100001  636 1055 1137 584
2725 4 2 100001 100001  636 1055 922 1137
2726 4 2 100001 100001  275 454 274 52
2727 4 2 100001 100001  275 454 964 274
2728 4 2 100001 100001  460 687 977 686
2729 4 2 100001 100001  1082 1081 948 1077
2730 4 2 100001 100001  837 215 618 1060
2731 4 2 100001 100001  1069 1127 1036 1010
2732 4 2 100001 100001  275 454 455 964
2733 4 2 100001 100001  378 300 379 1103
2734 4 2 100001 100001  742 1012 578 743
2735 4 2 100001 100001  1111 512 738 1007
2736 4 2 100001 100001  307 90 493 306
2737 4 2 100001 100001  1131 858 916 906
2738 4 2 100001 100001  1091 1093 1092 967
2739 4 2 100001 100001  889 1138 1023 821
2740 4 2 100001 100001  1111 512 513 738
2741 4 2 100001 100001  1118 1132 1040 1041
2742 4 2 100001 100001  889 1138 1061 1023
2743 4 2 100001 100001  1016 1015 1117 1118
2744 4 2 100001 100001  926 809 808 587
2745 4 2 100001 100001  354 953 955 1022
2746 4 2 100001 100001  402 392 1089 398
2747 4 2 100001 100001  1022 1121 953 951
2748 4 2 100001 100001  926 809 878 808
2749 4 2 100001 100001  1018 1118 1040 1041
2750 4 2 100001 100001  45 447 448 268
2751 4 2 100001 100001  339 933 240 241
2752 4 2 100001 100001  300 301 484 81
2753 4 2 100001 100001  173 174 577 801
2754 4 2 100001 100001  174 578 801 802
2755 4 2 100001 100001  926 809 928 878
2756 4 2 100001 100001  635 634 921 920
2757 4 2 100001 100001  999 1104 1103 379
2758 4 2 100001 100001  1111 512 326 513
2759 4 2 100001 100001  926 809 587 928
2760 4 2 100001 100001  889 1061 883 840
2761 4 2 100001 100001  952 1121 264 348
2762 4 2 100001 100001  1111 512 1007 326
2763 4 2 100001 100001  503 1109 504 317
2764 4 2 100001 100001  699 985 700 984
2765 4 2 100001 100001  1023 601 653 1058
2766 4 2 100001 100001  646 645 937 1071
2767 4 2 100001 100001  888 1014 908 902
2768 4 2 100001 100001  991 999 1103 378
2769 4 2 100001 100001  634 920 407 633
2770 4 2 100001 100001  980 755 527 528
2771 4 2 100001 100001  503 1109 729 504
2772 4 2 100001 100001  1023 821 600 822
2773 4 2 100001 100001  365 344 1086 355
2774 4 2 100001 100001  503 1109 1005 729
2775 4 2 100001 100001  818 1062 819 597
2776 4 2 100001 100001  941 669 952 950
2777 4 2 100001 100001  1023 601 600 653
2778 4 2 100001 100001  394 1088 344 355
2779 4 2 100001 100001  818 1062 885 819
2780 4 2 100001 100001  870 786 871 983
2781 4 2 100001 100001  503 1109 317 1005
2782 4 2 100001 100001  551 1030 775 776
2783 4 2 100001 100001  868 867 1031 771
2784 4 2 100001 100001  1107 307 379 999
2785 4 2 100001 100001  1023 601 822 600
2786 4 2 100001 100001  1107 307 306 379
2787 4 2 100001 100001  469 970 694 695
2788 4 2 100001 100001  469 470 970 695
2789 4 2 100001 100001  1107 307 493 306
2790 4 2 100001 100001  68 288 472 69
2791 4 2 100001 100001  289 290 473 70
2792 4 2 100001 100001  290 70 474 473
2793 4 2 100001 100001  708 998 1000 992
2794 4 2 100001 100001  459 460 977 686
2795 4 2 100001 100001  1082 1081 660 948
2796 4 2 100001 100001  981 1136 987 1123
2797 4 2 100001 100001  1107 307 999 493
2798 4 2 100001 100001  17 16 419 242
2799 4 2 100001 100001  1037 962 963 1092
2800 4 2 100001 100001  1090 287 472 978
2801 4 2 100001 100001  818 1062 960 885
2802 4 2 100001 100001  1047 753 525 526
2803 4 2 100001 100001  1038 1004 1097 1039
2804 4 2 100001 100001  1023 601 1058 822
2805 4 2 100001 100001  241 1072 339 933
2806 4 2 100001 100001  1006 319 386 370
2807 4 2 100001 100001  1100 1002 997 296
2808 4 2 100001 100001  1053 572 798 797
2809 4 2 100001 100001  592 938 939 814
2810 4 2 100001 100001  1098 1038 985 1134
2811 4 2 100001 100001  902 912 1021 908
2812 4 2 100001 100001  994 995 996 1102
2813 4 2 100001 100001  972 970 964 975
2814 4 2 100001 100001  477 478 74 294
2815 4 2 100001 100001  818 1062 597 960
2816 4 2 100001 100001  1016 1020 389 397
2817 4 2 100001 100001  593 645 937 646
2818 4 2 100001 100001  1010 571 1036 927
2819 4 2 100001 100001  1053 572 573 798
2820 4 2 100001 100001  1038 984 1098 985
2821 4 2 100001 100001  1077 255 432 431
2822 4 2 100001 100001  265 445 951 264
2823 4 2 100001 100001  1053 572 1010 573
2824 4 2 100001 100001  1091 272 359 273
2825 4 2 100001 100001  1090 69 289 473
2826 4 2 100001 100001  241 1072 340 339
2827 4 2 100001 100001  1090 69 288 289
2828 4 2 100001 100001  1090 69 472 288
2829 4 2 100001 100001  1090 69 473 472
2830 4 2 100001 100001  1106 711 544 543
2831 4 2 100001 100001  241 1072 1071 340
2832 4 2 100001 100001  241 1072 933 1071
2833 4 2 100001 100001  416 417 933 643
2834 4 2 100001 100001  661 1082 660 948
2835 4 2 100001 100001  1116 815 593 594
2836 4 2 100001 100001  387 332 328 1011
2837 4 2 100001 100001  940 354 1075 1074
2838 4 2 100001 100001  1139 650 1074 651
2839 4 2 100001 100001  661 1082 434 660
2840 4 2 100001 100001  650 1139 1074 1024
2841 4 2 100001 100001  1055 926 923 1069
2842 4 2 100001 100001  1067 387 1011 233
2843 4 2 100001 100001  1073 341 1119 420
2844 4 2 100001 100001  1116 815 938 593
2845 4 2 100001 100001  1116 815 887 938
2846 4 2 100001 100001  1087 365 357 345
2847 4 2 100001 100001  51 50 453 273
2848 4 2 100001 100001  1049 705 997 995
2849 4 2 100001 100001  1087 365 1085 1086
2850 4 2 100001 100001  265 445 264 42
2851 4 2 100001 100001  215 838 619 1060
2852 4 2 100001 100001  1016 1128 1020 397
2853 4 2 100001 100001  344 1088 1086 355
2854 4 2 100001 100001  424 247 1074 248
2855 4 2 100001 100001  426 24 250 427
2856 4 2 100001 100001  691 976 465 977
2857 4 2 100001 100001  47 46 449 269
2858 4 2 100001 100001  934 1032 876 875
2859 4 2 100001 100001  141 140 771 543
2860 4 2 100001 100001  172 171 799 574
2861 4 2 100001 100001  1087 365 345 1085
2862 4 2 100001 100001  1049 705 704 997
2863 4 2 100001 100001  561 786 158 159
2864 4 2 100001 100001  1049 705 537 704
2865 4 2 100001 100001  864 1029 768 998
2866 4 2 100001 100001  1016 1019 1086 1020
2867 4 2 100001 100001  678 1091 967 1093
2868 4 2 100001 100001  912 899 902 1065
2869 4 2 100001 100001  864 1029 865 768
2870 4 2 100001 100001  618 671 1060 619
2871 4 2 100001 100001  304 1107 380 1001
2872 4 2 100001 100001  772 868 1031 771
2873 4 2 100001 100001  582 804 178 179
2874 4 2 100001 100001  534 701 1048 987
2875 4 2 100001 100001  988 1026 987 702
2876 4 2 100001 100001  864 1029 1028 865
2877 4 2 100001 100001  373 1123 292 293
2878 4 2 100001 100001  919 1044 918 1063
2879 4 2 100001 100001  1049 705 995 537
2880 4 2 100001 100001  770 1106 771 543
2881 4 2 100001 100001  271 450 451 958
2882 4 2 100001 100001  304 1107 305 380
2883 4 2 100001 100001  1100 479 296 997
2884 4 2 100001 100001  762 859 1026 1034
2885 4 2 100001 100001  724 723 1108 1002
2886 4 2 100001 100001  304 1107 491 305
2887 4 2 100001 100001  864 1029 998 1028
2888 4 2 100001 100001  48 270 450 271
2889 4 2 100001 100001  374 312 388 1002
2890 4 2 100001 100001  959 961 958 1088
2891 4 2 100001 100001  929 933 936 1057
2892 4 2 100001 100001  846 968 845 900
2893 4 2 100001 100001  1071 343 1073 242
2894 4 2 100001 100001  554 1028 779 996
2895 4 2 100001 100001  960 959 888 842
2896 4 2 100001 100001  1056 874 812 813
2897 4 2 100001 100001  861 765 995 862
2898 4 2 100001 100001  960 959 1014 888
2899 4 2 100001 100001  518 115 116 749
2900 4 2 100001 100001  518 519 1045 749
2901 4 2 100001 100001  1032 734 567 566
2902 4 2 100001 100001  561 785 158 786
2903 4 2 100001 100001  182 585 807 926
2904 4 2 100001 100001  1113 1112 1011 328
2905 4 2 100001 100001  926 585 807 1055
2906 4 2 100001 100001  734 509 930 735
2907 4 2 100001 100001  992 376 993 1101
2908 4 2 100001 100001  1140 1039 1063 1129
2909 4 2 100001 100001  934 932 811 876
2910 4 2 100001 100001  387 1113 1011 328
2911 4 2 100001 100001  919 916 1063 918
2912 4 2 100001 100001  846 968 627 845
2913 4 2 100001 100001  992 376 298 993
2914 4 2 100001 100001  920 1067 409 232
2915 4 2 100001 100001  1061 940 1138 1139
2916 4 2 100001 100001  753 754 123 526
2917 4 2 100001 100001  552 150 553 777
2918 4 2 100001 100001  513 1111 514 327
2919 4 2 100001 100001  552 149 777 776
2920 4 2 100001 100001  150 149 777 552
2921 4 2 100001 100001  1096 1005 982 1124
2922 4 2 100001 100001  949 1079 946 945
2923 4 2 100001 100001  992 376 377 298
2924 4 2 100001 100001  1120 429 252 942
2925 4 2 100001 100001  100 99 503 316
2926 4 2 100001 100001  784 783 859 1050
2927 4 2 100001 100001  1120 429 655 428
2928 4 2 100001 100001  846 968 969 627
2929 4 2 100001 100001  405 920 406 230
2930 4 2 100001 100001  846 968 900 969
2931 4 2 100001 100001  1079 1076 946 261
2932 4 2 100001 100001  1120 655 429 942
2933 4 2 100001 100001  935 645 644 418
2934 4 2 100001 100001  863 767 996 864
2935 4 2 100001 100001  595 1014 817 596
2936 4 2 100001 100001  648 649 422 1085
2937 4 2 100001 100001  405 920 632 406
2938 4 2 100001 100001  519 520 1045 750
2939 4 2 100001 100001  405 920 1012 632
2940 4 2 100001 100001  948 666 665 1080
2941 4 2 100001 100001  1015 887 1116 1117
2942 4 2 100001 100001  956 345 269 268
2943 4 2 100001 100001  998 540 539 707
2944 4 2 100001 100001  582 634 921 635
2945 4 2 100001 100001  186 185 811 589
2946 4 2 100001 100001  984 1038 391 1097
2947 4 2 100001 100001  439 259 1080 260
2948 4 2 100001 100001  135 766 136 538
2949 4 2 100001 100001  1006 319 506 505
2950 4 2 100001 100001  405 920 230 1012
2951 4 2 100001 100001  192 595 817 596
2952 4 2 100001 100001  955 448 268 956
2953 4 2 100001 100001  86 489 303 85
2954 4 2 100001 100001  613 948 665 612
2955 4 2 100001 100001  955 448 447 268
2956 4 2 100001 100001  1047 1046 976 972
2957 4 2 100001 100001  955 448 674 447
2958 4 2 100001 100001  566 164 567 791
2959 4 2 100001 100001  657 656 1078 430
2960 4 2 100001 100001  657 1078 431 430
2961 4 2 100001 100001  972 458 457 278
2962 4 2 100001 100001  956 345 1087 269
2963 4 2 100001 100001  955 448 956 674
2964 4 2 100001 100001  729 1005 562 1051
2965 4 2 100001 100001  956 345 1024 1087
2966 4 2 100001 100001  776 1029 866 777
2967 4 2 100001 100001  1122 726 727 1034
2968 4 2 100001 100001  439 438 665 1080
2969 4 2 100001 100001  15 16 241 418
2970 4 2 100001 100001  956 345 268 1024
2971 4 2 100001 100001  1122 726 501 727
2972 4 2 100001 100001  639 587 640 928
2973 4 2 100001 100001  933 931 929 338
2974 4 2 100001 100001  972 458 977 974
2975 4 2 100001 100001  455 52 275 53
2976 4 2 100001 100001  234 8 411 410
2977 4 2 100001 100001  269 958 450 270
2978 4 2 100001 100001  958 269 450 449
2979 4 2 100001 100001  867 1030 866 776
2980 4 2 100001 100001  988 477 987 293
2981 4 2 100001 100001  809 932 810 588
2982 4 2 100001 100001  988 477 702 987
2983 4 2 100001 100001  960 958 1086 1013
2984 4 2 100001 100001  1122 726 1033 501
2985 4 2 100001 100001  282 466 976 465
2986 4 2 100001 100001  940 1138 1075 1022
2987 4 2 100001 100001  55 457 458 278
2988 4 2 100001 100001  1103 483 484 991
2989 4 2 100001 100001  751 752 120 523
2990 4 2 100001 100001  520 118 521 750
2991 4 2 100001 100001  1103 483 300 484
2992 4 2 100001 100001  937 939 1057 935
2993 4 2 100001 100001  668 615 616 1083
2994 4 2 100001 100001  339 929 321 338
2995 4 2 100001 100001  814 938 886 815
2996 4 2 100001 100001  1122 726 1034 1033
2997 4 2 100001 100001  396 1038 1095 1005
2998 4 2 100001 100001  1103 483 299 300
2999 4 2 100001 100001  646 1071 1073 419
3000 4 2 100001 100001  1004 1005 1051 1043
3001 4 2 100001 100001  869 872 886 1066
3002 4 2 100001 100001  339 929 936 321
3003 4 2 100001 100001  1103 483 991 299
3004 4 2 100001 100001  938 887 1116 1066
3005 4 2 100001 100001  461 745 631 1012
3006 4 2 100001 100001  872 911 1066 1018
3007 4 2 100001 100001  396 401 391 1097
3008 4 2 100001 100001  1116 646 937 1073
3009 4 2 100001 100001  164 163 791 566
3010 4 2 100001 100001  552 551 776 1030
3011 4 2 100001 100001  311 374 1002 312
3012 4 2 100001 100001  1109 396 317 1005
3013 4 2 100001 100001  592 938 593 937
3014 4 2 100001 100001  1030 1029 866 776
3015 4 2 100001 100001  738 1008 927 1007
3016 4 2 100001 100001  118 520 117 750
3017 4 2 100001 100001  1071 933 418 935
3018 4 2 100001 100001  738 1008 570 927
3019 4 2 100001 100001  738 1008 737 570
3020 4 2 100001 100001  613 209 210 832
3021 4 2 100001 100001  55 277 457 278
3022 4 2 100001 100001  283 467 284 976
3023 4 2 100001 100001  738 1008 1007 737
3024 4 2 100001 100001  933 1071 1072 935
3025 4 2 100001 100001  731 1057 936 1006
3026 4 2 100001 100001  1072 1071 937 935
3027 4 2 100001 100001  859 784 1034 904
3028 4 2 100001 100001  1014 873 817 908
3029 4 2 100001 100001  470 286 285 970
3030 4 2 100001 100001  339 929 933 936
3031 4 2 100001 100001  520 1045 750 521
3032 4 2 100001 100001  455 964 454 681
3033 4 2 100001 100001  715 1031 548 549
3034 4 2 100001 100001  1098 983 982 1043
3035 4 2 100001 100001  339 929 338 933
3036 4 2 100001 100001  638 926 639 925
3037 4 2 100001 100001  748 575 228 403
3038 4 2 100001 100001  971 471 470 286
3039 4 2 100001 100001  748 575 800 228
3040 4 2 100001 100001  429 27 252 253
3041 4 2 100001 100001  748 575 974 800
3042 4 2 100001 100001  901 1092 900 906
3043 4 2 100001 100001  988 1100 388 1003
3044 4 2 100001 100001  382 1122 1025 1123
3045 4 2 100001 100001  748 575 403 974
3046 4 2 100001 100001  576 1012 577 747
3047 4 2 100001 100001  1037 698 1130 963
3048 4 2 100001 100001  413 414 924 640
3049 4 2 100001 100001  1115 1073 343 390
3050 4 2 100001 100001  971 471 696 470
3051 4 2 100001 100001  413 639 928 925
3052 4 2 100001 100001  772 773 1031 868
3053 4 2 100001 100001  152 153 555 780
3054 4 2 100001 100001  292 476 475 72
3055 4 2 100001 100001  971 471 978 696
3056 4 2 100001 100001  1002 1100 997 1108
3057 4 2 100001 100001  733 1057 1052 929
3058 4 2 100001 100001  1121 250 346 347
3059 4 2 100001 100001  1121 250 1022 346
3060 4 2 100001 100001  829 607 948 608
3061 4 2 100001 100001  1077 1078 254 431
3062 4 2 100001 100001  669 952 950 670
3063 4 2 100001 100001  723 724 1108 557
3064 4 2 100001 100001  192 817 818 596
3065 4 2 100001 100001  1028 721 996 554
3066 4 2 100001 100001  1121 250 1120 1022
3067 4 2 100001 100001  427 426 653 1022
3068 4 2 100001 100001  556 153 781 780
3069 4 2 100001 100001  1068 237 335 336
3070 4 2 100001 100001  1059 1121 1022 951
3071 4 2 100001 100001  722 721 555 996
3072 4 2 100001 100001  901 1092 969 900
3073 4 2 100001 100001  677 450 958 451
3074 4 2 100001 100001  617 669 950 670
3075 4 2 100001 100001  256 434 31 257
3076 4 2 100001 100001  1111 1010 739 1112
3077 4 2 100001 100001  670 671 1059 618
3078 4 2 100001 100001  1114 1113 1011 1067
3079 4 2 100001 100001  956 676 449 958
3080 4 2 100001 100001  604 825 826 943
3081 4 2 100001 100001  956 676 675 449
3082 4 2 100001 100001  740 573 516 1113
3083 4 2 100001 100001  861 862 995 781
3084 4 2 100001 100001  878 879 926 808
3085 4 2 100001 100001  1038 1004 1134 1043
3086 4 2 100001 100001  573 741 516 1113
3087 4 2 100001 100001  235 1110 925 334
3088 4 2 100001 100001  971 360 368 366
3089 4 2 100001 100001  530 529 963 697
3090 4 2 100001 100001  942 429 252 253
3091 4 2 100001 100001  1062 883 841 885
3092 4 2 100001 100001  848 847 855 973
3093 4 2 100001 100001  961 677 958 451
3094 4 2 100001 100001  956 676 957 675
3095 4 2 100001 100001  1134 1037 1130 1129
3096 4 2 100001 100001  1104 711 485 486
3097 4 2 100001 100001  971 360 978 368
3098 4 2 100001 100001  956 676 958 957
3099 4 2 100001 100001  27 28 253 430
3100 4 2 100001 100001  965 1093 1092 1091
3101 4 2 100001 100001  968 900 969 1092
3102 4 2 100001 100001  998 1028 992 996
3103 4 2 100001 100001  1131 968 1092 906
3104 4 2 100001 100001  898 846 969 966
3105 4 2 100001 100001  245 246 365 1085
3106 4 2 100001 100001  910 1099 915 1043
3107 4 2 100001 100001  971 360 964 978
3108 4 2 100001 100001  1131 1092 1130 906
3109 4 2 100001 100001  382 981 1025 1096
3110 4 2 100001 100001  565 163 566 790
3111 4 2 100001 100001  981 1136 1025 1125
3112 4 2 100001 100001  477 476 987 293
3113 4 2 100001 100001  1130 1092 1131 1129
3114 4 2 100001 100001  721 1101 496 495
3115 4 2 100001 100001  161 160 788 563
3116 4 2 100001 100001  888 1014 960 818
3117 4 2 100001 100001  703 989 535 536
3118 4 2 100001 100001  971 360 366 964
3119 4 2 100001 100001  314 1122 315 373
3120 4 2 100001 100001  450 270 958 271
3121 4 2 100001 100001  989 703 1049 536
3122 4 2 100001 100001  775 550 148 147
3123 4 2 100001 100001  270 355 958 271
3124 4 2 100001 100001  66 286 470 67
3125 4 2 100001 100001  314 1122 501 315
3126 4 2 100001 100001  1135 691 692 524
3127 4 2 100001 100001  478 990 703 704
3128 4 2 100001 100001  1030 550 775 1031
3129 4 2 100001 100001  479 480 296 997
3130 4 2 100001 100001  270 355 357 958
3131 4 2 100001 100001  314 1122 1033 501
3132 4 2 100001 100001  235 925 411 412
3133 4 2 100001 100001  634 920 408 407
3134 4 2 100001 100001  1093 969 627 680
3135 4 2 100001 100001  1030 550 551 775
3136 4 2 100001 100001  129 128 759 531
3137 4 2 100001 100001  406 4 230 231
3138 4 2 100001 100001  1030 550 717 551
3139 4 2 100001 100001  634 635 408 920
3140 4 2 100001 100001  1030 550 1031 717
3141 4 2 100001 100001  925 638 411 412
3142 4 2 100001 100001  1073 1133 390 1115
3143 4 2 100001 100001  922 923 410 233
3144 4 2 100001 100001  246 245 20 422
3145 4 2 100001 100001  596 1014 818 960
3146 4 2 100001 100001  836 618 617 1059
3147 4 2 100001 100001  755 980 854 855
3148 4 2 100001 100001  427 1120 654 428
3149 4 2 100001 100001  249 426 250 1022
3150 4 2 100001 100001  466 282 976 283
3151 4 2 100001 100001  836 618 214 617
3152 4 2 100001 100001  1008 878 927 928
3153 4 2 100001 100001  463 281 977 464
3154 4 2 100001 100001  110 513 514 327
3155 4 2 100001 100001  901 1092 963 969
3156 4 2 100001 100001  218 954 622 621
3157 4 2 100001 100001  836 618 837 214
3158 4 2 100001 100001  529 979 757 963
3159 4 2 100001 100001  669 941 952 443
3160 4 2 100001 100001  1073 1133 1015 1016
3161 4 2 100001 100001  1073 1133 1115 1015
3162 4 2 100001 100001  1091 965 453 274
3163 4 2 100001 100001  647 648 1119 1019
3164 4 2 100001 100001  1069 926 807 1055
3165 4 2 100001 100001  1081 658 432 659
3166 4 2 100001 100001  265 1121 346 347
3167 4 2 100001 100001  952 670 444 671
3168 4 2 100001 100001  1062 1085 960 1024
3169 4 2 100001 100001  1045 687 686 977
3170 4 2 100001 100001  789 1006 1057 564
3171 4 2 100001 100001  962 1091 967 399
3172 4 2 100001 100001  932 877 1035 1070
3173 4 2 100001 100001  318 1017 1109 505
3174 4 2 100001 100001  970 468 693 976
3175 4 2 100001 100001  87 86 490 304
3176 4 2 100001 100001  978 964 1094 965
3177 4 2 100001 100001  901 1092 906 963
3178 4 2 100001 100001  752 753 122 525
3179 4 2 100001 100001  377 308 992 378
3180 4 2 100001 100001  1045 518 800 575
3181 4 2 100001 100001  184 587 809 588
3182 4 2 100001 100001  1043 1005 1038 1004
3183 4 2 100001 100001  468 469 285 970
3184 4 2 100001 100001  1038 1005 1043 982
3185 4 2 100001 100001  1046 754 851 1047
3186 4 2 100001 100001  776 1126 1030 1029
3187 4 2 100001 100001  1107 490 716 1001
3188 4 2 100001 100001  1037 1134 1130 985
3189 4 2 100001 100001  628 681 966 973
3190 4 2 100001 100001  308 91 92 495
3191 4 2 100001 100001  645 592 593 937
3192 4 2 100001 100001  1046 980 1094 975
3193 4 2 100001 100001  27 429 430 253
3194 4 2 100001 100001  776 1126 552 1030
3195 4 2 100001 100001  310 1027 376 1101
3196 4 2 100001 100001  918 909 1134 1043
3197 4 2 100001 100001  776 1126 777 552
3198 4 2 100001 100001  776 1126 1029 777
3199 4 2 100001 100001  1128 1004 1132 1039
3200 4 2 100001 100001  836 618 1059 837
3201 4 2 100001 100001  413 236 11 10
3202 4 2 100001 100001  13 415 416 239
3203 4 2 100001 100001  553 1028 778 554
3204 4 2 100001 100001  770 867 1106 1030
3205 4 2 100001 100001  752 1047 857 753
3206 4 2 100001 100001  944 941 942 950
3207 4 2 100001 100001  396 1004 400 401
3208 4 2 100001 100001  870 910 915 1043
3209 4 2 100001 100001  1107 490 491 716
3210 4 2 100001 100001  912 1064 1063 1065
3211 4 2 100001 100001  1107 490 304 491
3212 4 2 100001 100001  13 12 415 238
3213 4 2 100001 100001  414 924 238 237
3214 4 2 100001 100001  691 466 465 976
3215 4 2 100001 100001  71 291 475 72
3216 4 2 100001 100001  1107 490 1001 304
3217 4 2 100001 100001  786 1051 1005 870
3218 4 2 100001 100001  103 320 507 104
3219 4 2 100001 100001  1063 1131 1129 1130
3220 4 2 100001 100001  963 530 758 757
3221 4 2 100001 100001  979 901 757 963
3222 4 2 100001 100001  1134 1063 1129 1130
3223 4 2 100001 100001  1063 909 1134 918
3224 4 2 100001 100001  288 287 472 1090
3225 4 2 100001 100001  91 308 494 495
3226 4 2 100001 100001  910 870 871 983
3227 4 2 100001 100001  1096 317 316 385
3228 4 2 100001 100001  916 909 1063 918
3229 4 2 100001 100001  689 690 464 977
3230 4 2 100001 100001  515 740 516 1113
3231 4 2 100001 100001  350 1076 1078 1079
3232 4 2 100001 100001  1031 714 548 547
3233 4 2 100001 100001  752 1047 1045 857
3234 4 2 100001 100001  955 447 674 673
3235 4 2 100001 100001  1096 317 503 316
3236 4 2 100001 100001  1046 754 527 755
3237 4 2 100001 100001  101 318 505 102
3238 4 2 100001 100001  54 55 277 457
3239 4 2 100001 100001  1096 1005 1124 728
3240 4 2 100001 100001  933 935 1057 1056
3241 4 2 100001 100001  754 1046 527 526
3242 4 2 100001 100001  268 448 269 956
3243 4 2 100001 100001  1096 317 1005 503
3244 4 2 100001 100001  753 754 1047 851
3245 4 2 100001 100001  319 102 103 506
3246 4 2 100001 100001  97 96 500 313
3247 4 2 100001 100001  1122 382 1025 315
3248 4 2 100001 100001  1122 1025 502 315
3249 4 2 100001 100001  276 54 456 53
3250 4 2 100001 100001  786 1051 562 1005
3251 4 2 100001 100001  98 99 315 502
3252 4 2 100001 100001  752 1047 1135 1045
3253 4 2 100001 100001  773 868 774 1031
3254 4 2 100001 100001  1135 1047 525 693
3255 4 2 100001 100001  45 267 447 268
3256 4 2 100001 100001  752 122 524 525
3257 4 2 100001 100001  1120 1022 654 1058
3258 4 2 100001 100001  1058 891 822 823
3259 4 2 100001 100001  1046 970 976 972
3260 4 2 100001 100001  912 914 1021 908
3261 4 2 100001 100001  1008 737 570 569
3262 4 2 100001 100001  567 164 792 791
3263 4 2 100001 100001  1034 1123 1033 1026
3264 4 2 100001 100001  1033 1123 1034 1122
3265 4 2 100001 100001  960 888 885 842
3266 4 2 100001 100001  1096 317 385 1005
3267 4 2 100001 100001  818 888 885 960
3268 4 2 100001 100001  321 508 322 929
3269 4 2 100001 100001  786 1051 787 562
3270 4 2 100001 100001  961 1140 1042 1089
3271 4 2 100001 100001  1027 992 721 996
3272 4 2 100001 100001  894 826 947 895
3273 4 2 100001 100001  826 827 947 895
3274 4 2 100001 100001  1079 1077 945 947
3275 4 2 100001 100001  835 213 950 836
3276 4 2 100001 100001  1102 1027 997 1002
3277 4 2 100001 100001  1122 1025 1034 727
3278 4 2 100001 100001  981 382 356 1096
3279 4 2 100001 100001  439 260 1080 440
3280 4 2 100001 100001  1079 949 947 945
3281 4 2 100001 100001  999 378 379 1103
3282 4 2 100001 100001  786 1051 870 787
3283 4 2 100001 100001  792 568 1035 793
3284 4 2 100001 100001  713 1031 714 1001
3285 4 2 100001 100001  1100 1002 388 1003
3286 4 2 100001 100001  783 156 558 559
3287 4 2 100001 100001  1035 568 792 1032
3288 4 2 100001 100001  1045 850 800 749
3289 4 2 100001 100001  878 877 1008 794
3290 4 2 100001 100001  1046 1047 975 972
3291 4 2 100001 100001  973 980 1094 855
3292 4 2 100001 100001  979 898 901 969
3293 4 2 100001 100001  709 708 991 483
3294 4 2 100001 100001  751 120 522 523
3295 4 2 100001 100001  1079 1078 947 944
3296 4 2 100001 100001  1001 489 303 304
3297 4 2 100001 100001  1017 1006 1066 1018
3298 4 2 100001 100001  1115 1006 1066 1017
3299 4 2 100001 100001  768 540 137 998
3300 4 2 100001 100001  947 1078 1079 1077
3301 4 2 100001 100001  999 1107 493 718
3302 4 2 100001 100001  768 540 138 137
3303 4 2 100001 100001  332 333 327 1112
3304 4 2 100001 100001  857 974 800 748
3305 4 2 100001 100001  514 1111 739 1112
3306 4 2 100001 100001  464 282 977 465
3307 4 2 100001 100001  768 540 1000 138
3308 4 2 100001 100001  384 329 1113 387
3309 4 2 100001 100001  677 624 958 676
3310 4 2 100001 100001  1010 1111 927 1009
3311 4 2 100001 100001  768 540 998 1000
3312 4 2 100001 100001  236 413 11 237
3313 4 2 100001 100001  429 1078 253 942
3314 4 2 100001 100001  1111 514 327 1112
3315 4 2 100001 100001  951 952 264 444
3316 4 2 100001 100001  877 794 1035 1008
3317 4 2 100001 100001  909 1099 1043 915
3318 4 2 100001 100001  1036 169 797 796
3319 4 2 100001 100001  815 938 886 887
3320 4 2 100001 100001  1036 169 572 797
3321 4 2 100001 100001  488 489 1001 714
3322 4 2 100001 100001  826 604 605 201
3323 4 2 100001 100001  740 573 1011 1010
3324 4 2 100001 100001  877 793 876 1035
3325 4 2 100001 100001  838 216 954 839
3326 4 2 100001 100001  487 488 303 1001
3327 4 2 100001 100001  170 171 573 798
3328 4 2 100001 100001  923 926 925 1069
3329 4 2 100001 100001  429 1078 430 253
3330 4 2 100001 100001  88 87 491 304
3331 4 2 100001 100001  215 838 216 619
3332 4 2 100001 100001  25 24 427 250
3333 4 2 100001 100001  264 952 951 1121
3334 4 2 100001 100001  429 1078 656 430
3335 4 2 100001 100001  480 993 296 997
3336 4 2 100001 100001  1022 1120 942 1058
3337 4 2 100001 100001  992 708 707 482
3338 4 2 100001 100001  835 212 834 950
3339 4 2 100001 100001  957 624 676 958
3340 4 2 100001 100001  429 1078 942 656
3341 4 2 100001 100001  957 624 623 676
3342 4 2 100001 100001  256 434 433 31
3343 4 2 100001 100001  434 256 1082 257
3344 4 2 100001 100001  438 664 665 948
3345 4 2 100001 100001  957 624 842 623
3346 4 2 100001 100001  1036 169 571 572
3347 4 2 100001 100001  921 580 633 581
3348 4 2 100001 100001  1036 169 796 571
3349 4 2 100001 100001  1043 907 870 1051
3350 4 2 100001 100001  667 1083 615 668
3351 4 2 100001 100001  1010 740 1112 1011
3352 4 2 100001 100001  604 826 947 943
3353 4 2 100001 100001  1058 603 655 943
3354 4 2 100001 100001  568 793 569 1035
3355 4 2 100001 100001  153 555 780 556
3356 4 2 100001 100001  1039 1037 1097 1134
3357 4 2 100001 100001  1043 907 915 870
3358 4 2 100001 100001  661 948 609 662
3359 4 2 100001 100001  608 948 609 661
3360 4 2 100001 100001  371 981 356 291
3361 4 2 100001 100001  1135 752 523 524
3362 4 2 100001 100001  978 979 969 1094
3363 4 2 100001 100001  1082 948 661 662
3364 4 2 100001 100001  249 354 1022 346
3365 4 2 100001 100001  523 752 1135 1045
3366 4 2 100001 100001  949 614 667 615
3367 4 2 100001 100001  950 1058 943 893
3368 4 2 100001 100001  667 1083 949 615
3369 4 2 100001 100001  70 290 474 71
3370 4 2 100001 100001  255 1077 254 431
3371 4 2 100001 100001  1099 910 983 1043
3372 4 2 100001 100001  554 555 996 779
3373 4 2 100001 100001  491 88 304 305
3374 4 2 100001 100001  191 873 594 816
3375 4 2 100001 100001  873 1014 1021 908
3376 4 2 100001 100001  1069 1127 880 1036
3377 4 2 100001 100001  1062 597 1085 650
3378 4 2 100001 100001  646 1073 1116 647
3379 4 2 100001 100001  192 191 817 595
3380 4 2 100001 100001  650 1024 1074 1085
3381 4 2 100001 100001  426 652 1022 1075
3382 4 2 100001 100001  1043 907 1044 915
3383 4 2 100001 100001  395 1133 390 397
3384 4 2 100001 100001  980 1046 695 527
3385 4 2 100001 100001  1043 907 1051 1044
3386 4 2 100001 100001  39 40 262 442
3387 4 2 100001 100001  880 1127 1069 1055
3388 4 2 100001 100001  784 783 1050 559
3389 4 2 100001 100001  731 1057 564 565
3390 4 2 100001 100001  1078 350 254 253
3391 4 2 100001 100001  1004 1005 1109 1051
3392 4 2 100001 100001  667 1083 946 949
3393 4 2 100001 100001  309 310 496 93
3394 4 2 100001 100001  1106 867 1031 1030
3395 4 2 100001 100001  1007 1069 1110 925
3396 4 2 100001 100001  1110 1069 1007 1009
3397 4 2 100001 100001  903 872 788 1018
3398 4 2 100001 100001  287 288 472 68
3399 4 2 100001 100001  1034 784 1050 559
3400 4 2 100001 100001  81 301 485 82
3401 4 2 100001 100001  432 1077 256 255
3402 4 2 100001 100001  82 302 485 486
3403 4 2 100001 100001  667 1083 668 946
3404 4 2 100001 100001  1104 1107 1106 1001
3405 4 2 100001 100001  300 80 81 484
3406 4 2 100001 100001  922 1127 923 1011
3407 4 2 100001 100001  282 976 977 465
3408 4 2 100001 100001  719 552 553 1126
3409 4 2 100001 100001  301 81 485 484
3410 4 2 100001 100001  1104 1107 999 1106
3411 4 2 100001 100001  487 302 486 1001
3412 4 2 100001 100001  1104 1107 1001 380
3413 4 2 100001 100001  782 154 781 557
3414 4 2 100001 100001  479 1100 296 295
3415 4 2 100001 100001  991 709 483 484
3416 4 2 100001 100001  976 693 1135 692
3417 4 2 100001 100001  994 998 539 707
3418 4 2 100001 100001  922 1127 1055 923
3419 4 2 100001 100001  1099 852 760 853
3420 4 2 100001 100001  427 1120 250 1022
3421 4 2 100001 100001  1109 318 317 383
3422 4 2 100001 100001  968 900 1092 906
3423 4 2 100001 100001  342 360 367 978
3424 4 2 100001 100001  729 730 504 1109
3425 4 2 100001 100001  97 500 501 314
3426 4 2 100001 100001  385 1095 1096 1005
3427 4 2 100001 100001  532 700 986 533
3428 4 2 100001 100001  1095 1038 982 1005
3429 4 2 100001 100001  318 1109 504 505
3430 4 2 100001 100001  922 1127 1114 1055
3431 4 2 100001 100001  837 214 618 215
3432 4 2 100001 100001  403 849 227 748
3433 4 2 100001 100001  245 1086 422 1085
3434 4 2 100001 100001  614 613 210 832
3435 4 2 100001 100001  952 950 670 1059
3436 4 2 100001 100001  895 949 834 833
3437 4 2 100001 100001  1086 648 422 1085
3438 4 2 100001 100001  994 766 996 995
3439 4 2 100001 100001  921 632 633 580
3440 4 2 100001 100001  712 713 1001 746
3441 4 2 100001 100001  867 1106 1031 771
3442 4 2 100001 100001  279 363 977 280
3443 4 2 100001 100001  502 1025 503 316
3444 4 2 100001 100001  550 774 1031 549
3445 4 2 100001 100001  773 1031 547 546
3446 4 2 100001 100001  1057 874 939 869
3447 4 2 100001 100001  1023 1060 1058 1084
3448 4 2 100001 100001  921 920 633 632
3449 4 2 100001 100001  1025 502 315 316
3450 4 2 100001 100001  235 236 334 925
3451 4 2 100001 100001  382 1025 316 1096
3452 4 2 100001 100001  1025 502 728 727
3453 4 2 100001 100001  1017 1015 1040 1018
3454 4 2 100001 100001  922 1127 1011 1114
3455 4 2 100001 100001  236 1007 334 925
3456 4 2 100001 100001  814 592 188 939
3457 4 2 100001 100001  1041 1044 1004 1051
3458 4 2 100001 100001  424 423 247 21
3459 4 2 100001 100001  989 988 702 1026
3460 4 2 100001 100001  1017 318 1109 383
3461 4 2 100001 100001  851 1046 975 854
3462 4 2 100001 100001  955 268 1024 956
3463 4 2 100001 100001  936 508 507 321
3464 4 2 100001 100001  936 508 733 507
3465 4 2 100001 100001  926 1069 927 928
3466 4 2 100001 100001  936 508 929 733
3467 4 2 100001 100001  447 446 673 953
3468 4 2 100001 100001  936 508 321 929
3469 4 2 100001 100001  924 1068 928 1070
3470 4 2 100001 100001  960 957 1024 1087
3471 4 2 100001 100001  1096 1025 316 503
3472 4 2 100001 100001  1023 1060 891 1058
3473 4 2 100001 100001  536 764 133 134
3474 4 2 100001 100001  1105 709 542 1000
3475 4 2 100001 100001  720 719 553 1126
3476 4 2 100001 100001  1043 1005 870 983
3477 4 2 100001 100001  536 764 989 133
3478 4 2 100001 100001  682 973 975 964
3479 4 2 100001 100001  1023 1060 838 891
3480 4 2 100001 100001  536 764 1049 989
3481 4 2 100001 100001  870 1005 1043 1051
3482 4 2 100001 100001  1077 353 1080 1082
3483 4 2 100001 100001  1077 353 352 1080
3484 4 2 100001 100001  605 826 201 827
3485 4 2 100001 100001  1077 353 256 352
3486 4 2 100001 100001  592 645 935 937
3487 4 2 100001 100001  3 405 406 230
3488 4 2 100001 100001  1077 353 1082 256
3489 4 2 100001 100001  862 766 996 863
3490 4 2 100001 100001  932 810 811 876
3491 4 2 100001 100001  766 862 996 995
3492 4 2 100001 100001  1023 1060 1084 838
3493 4 2 100001 100001  1124 561 727 728
3494 4 2 100001 100001  624 625 843 221
3495 4 2 100001 100001  44 446 447 267
3496 4 2 100001 100001  624 625 959 843
3497 4 2 100001 100001  992 1027 993 996
3498 4 2 100001 100001  721 554 555 996
3499 4 2 100001 100001  962 963 1092 969
3500 4 2 100001 100001  555 779 780 996
3501 4 2 100001 100001  531 858 1130 963
3502 4 2 100001 100001  553 777 778 1126
3503 4 2 100001 100001  583 805 179 180
3504 4 2 100001 100001  921 803 581 178
3505 4 2 100001 100001  658 1081 1077 947
3506 4 2 100001 100001  402 1128 401 400
3507 4 2 100001 100001  1137 1067 1114 922
3508 4 2 100001 100001  831 208 611 612
3509 4 2 100001 100001  1137 1067 920 1114
3510 4 2 100001 100001  634 920 633 921
3511 4 2 100001 100001  902 888 959 843
3512 4 2 100001 100001  6 408 409 232
3513 4 2 100001 100001  923 922 1011 233
3514 4 2 100001 100001  354 268 955 267
3515 4 2 100001 100001  772 773 546 1031
3516 4 2 100001 100001  636 635 1137 409
3517 4 2 100001 100001  1137 1067 409 920
3518 4 2 100001 100001  923 234 410 233
3519 4 2 100001 100001  408 6 231 232
3520 4 2 100001 100001  920 408 231 232
3521 4 2 100001 100001  955 268 354 1024
3522 4 2 100001 100001  968 899 1065 844
3523 4 2 100001 100001  47 48 270 450
3524 4 2 100001 100001  968 845 899 844
3525 4 2 100001 100001  320 339 370 936
3526 4 2 100001 100001  1138 652 1075 1022
3527 4 2 100001 100001  1137 1067 922 409
3528 4 2 100001 100001  1107 491 492 717
3529 4 2 100001 100001  194 819 820 598
3530 4 2 100001 100001  1107 491 305 492
3531 4 2 100001 100001  193 192 818 596
3532 4 2 100001 100001  932 877 1070 928
3533 4 2 100001 100001  809 932 588 928
3534 4 2 100001 100001  994 705 706 538
3535 4 2 100001 100001  1072 339 933 936
3536 4 2 100001 100001  486 1001 711 712
3537 4 2 100001 100001  880 806 1055 807
3538 4 2 100001 100001  994 705 997 706
3539 4 2 100001 100001  711 1001 486 1104
3540 4 2 100001 100001  234 235 411 9
3541 4 2 100001 100001  1108 861 995 781
3542 4 2 100001 100001  938 593 937 1116
3543 4 2 100001 100001  994 705 995 997
3544 4 2 100001 100001  246 245 422 1085
3545 4 2 100001 100001  572 571 1036 1010
3546 4 2 100001 100001  1072 339 370 340
3547 4 2 100001 100001  1072 339 936 370
3548 4 2 100001 100001  940 1024 354 1074
3549 4 2 100001 100001  995 705 538 537
3550 4 2 100001 100001  981 356 984 1095
3551 4 2 100001 100001  994 705 538 995
3552 4 2 100001 100001  1082 258 353 259
3553 4 2 100001 100001  782 155 557 558
3554 4 2 100001 100001  893 1059 950 1058
3555 4 2 100001 100001  881 1053 797 1036
3556 4 2 100001 100001  893 1059 836 950
3557 4 2 100001 100001  895 945 833 896
3558 4 2 100001 100001  893 1059 892 836
3559 4 2 100001 100001  893 1059 1058 892
3560 4 2 100001 100001  1064 1039 1063 1140
3561 4 2 100001 100001  247 424 22 248
3562 4 2 100001 100001  1053 1127 1036 881
3563 4 2 100001 100001  940 1024 955 354
3564 4 2 100001 100001  1060 892 891 1058
3565 4 2 100001 100001  487 712 713 1001
3566 4 2 100001 100001  538 765 766 995
3567 4 2 100001 100001  1060 892 837 891
3568 4 2 100001 100001  724 1002 1108 1003
3569 4 2 100001 100001  1112 332 328 327
3570 4 2 100001 100001  1127 1053 1036 1010
3571 4 2 100001 100001  772 141 544 142
3572 4 2 100001 100001  282 281 464 977
3573 4 2 100001 100001  957 958 956 1087
3574 4 2 100001 100001  1006 1072 1057 936
3575 4 2 100001 100001  922 636 1137 409
3576 4 2 100001 100001  868 867 775 1031
3577 4 2 100001 100001  1115 1133 390 386
3578 4 2 100001 100001  867 1030 775 1031
3579 4 2 100001 100001  538 765 135 766
3580 4 2 100001 100001  679 965 1093 680
3581 4 2 100001 100001  774 550 1031 775
3582 4 2 100001 100001  770 140 542 543
3583 4 2 100001 100001  961 392 272 358
3584 4 2 100001 100001  1060 892 1059 837
3585 4 2 100001 100001  1060 892 1058 1059
3586 4 2 100001 100001  355 394 1088 358
3587 4 2 100001 100001  998 1000 992 1029
3588 4 2 100001 100001  711 485 710 1104
3589 4 2 100001 100001  78 298 481 482
3590 4 2 100001 100001  298 78 79 482
3591 4 2 100001 100001  7 409 410 233
3592 4 2 100001 100001  1114 1055 1137 922
3593 4 2 100001 100001  298 299 992 482
3594 4 2 100001 100001  299 298 79 482
3595 4 2 100001 100001  469 468 694 970
3596 4 2 100001 100001  1046 754 1047 526
3597 4 2 100001 100001  279 972 278 458
3598 4 2 100001 100001  478 75 74 294
3599 4 2 100001 100001  1137 1055 1114 1054
3600 4 2 100001 100001  978 1090 697 472
3601 4 2 100001 100001  384 1067 232 387
3602 4 2 100001 100001  120 752 121 523
3603 4 2 100001 100001  279 972 362 278
3604 4 2 100001 100001  279 972 977 362
3605 4 2 100001 100001  784 785 157 560
3606 4 2 100001 100001  279 972 458 977
3607 4 2 100001 100001  1098 982 983 1125
3608 4 2 100001 100001  648 960 1085 1086
3609 4 2 100001 100001  648 960 596 1085
3610 4 2 100001 100001  1017 386 505 318
3611 4 2 100001 100001  538 765 537 135
3612 4 2 100001 100001  1057 874 790 1052
3613 4 2 100001 100001  1057 933 1072 935
3614 4 2 100001 100001  1072 1006 370 936
3615 4 2 100001 100001  820 1138 821 599
3616 4 2 100001 100001  1062 957 1061 1024
3617 4 2 100001 100001  39 38 441 261
3618 4 2 100001 100001  41 40 443 263
3619 4 2 100001 100001  949 944 1083 946
3620 4 2 100001 100001  413 924 928 640
3621 4 2 100001 100001  538 765 995 537
3622 4 2 100001 100001  667 945 946 1080
3623 4 2 100001 100001  40 442 443 263
3624 4 2 100001 100001  648 960 1014 596
3625 4 2 100001 100001  1006 938 1057 937
3626 4 2 100001 100001  842 219 623 220
3627 4 2 100001 100001  877 878 928 809
3628 4 2 100001 100001  841 842 623 957
3629 4 2 100001 100001  990 1100 1049 997
3630 4 2 100001 100001  999 307 494 493
3631 4 2 100001 100001  648 960 1086 1014
3632 4 2 100001 100001  1072 933 1057 936
3633 4 2 100001 100001  1127 1053 1010 1011
3634 4 2 100001 100001  743 744 1012 632
3635 4 2 100001 100001  604 825 200 826
3636 4 2 100001 100001  1105 1029 866 1030
3637 4 2 100001 100001  1028 778 864 865
3638 4 2 100001 100001  204 203 829 607
3639 4 2 100001 100001  604 826 200 201
3640 4 2 100001 100001  269 345 1087 357
3641 4 2 100001 100001  637 638 411 923
3642 4 2 100001 100001  841 219 623 842
3643 4 2 100001 100001  777 1029 865 1126
3644 4 2 100001 100001  778 777 865 1126
3645 4 2 100001 100001  603 825 199 200
3646 4 2 100001 100001  739 927 1010 1111
3647 4 2 100001 100001  562 786 159 787
3648 4 2 100001 100001  739 927 571 1010
3649 4 2 100001 100001  291 292 475 72
3650 4 2 100001 100001  991 999 992 1029
3651 4 2 100001 100001  739 927 738 571
3652 4 2 100001 100001  575 518 800 115
3653 4 2 100001 100001  203 828 829 607
3654 4 2 100001 100001  978 360 367 368
3655 4 2 100001 100001  594 1019 873 595
3656 4 2 100001 100001  784 1034 560 559
3657 4 2 100001 100001  409 7 232 233
3658 4 2 100001 100001  934 930 1035 1032
3659 4 2 100001 100001  873 1019 594 1117
3660 4 2 100001 100001  709 541 542 1000
3661 4 2 100001 100001  739 927 1111 738
3662 4 2 100001 100001  480 297 296 993
3663 4 2 100001 100001  954 674 622 621
3664 4 2 100001 100001  752 751 850 1045
3665 4 2 100001 100001  42 41 444 264
3666 4 2 100001 100001  751 119 521 522
3667 4 2 100001 100001  812 591 590 1056
3668 4 2 100001 100001  477 476 702 987
3669 4 2 100001 100001  1012 882 799 884
3670 4 2 100001 100001  725 726 1050 559
3671 4 2 100001 100001  1072 1006 1057 937
3672 4 2 100001 100001  44 266 446 267
3673 4 2 100001 100001  46 268 448 269
3674 4 2 100001 100001  1108 1050 782 558
3675 4 2 100001 100001  1073 1015 1115 1116
3676 4 2 100001 100001  1082 437 258 259
3677 4 2 100001 100001  725 1033 1050 726
3678 4 2 100001 100001  235 234 411 923
3679 4 2 100001 100001  986 1136 1125 904
3680 4 2 100001 100001  700 474 981 475
3681 4 2 100001 100001  16 1071 241 418
3682 4 2 100001 100001  1135 692 525 524
3683 4 2 100001 100001  16 1071 242 241
3684 4 2 100001 100001  1034 1033 726 1050
3685 4 2 100001 100001  161 564 788 789
3686 4 2 100001 100001  974 857 800 1045
3687 4 2 100001 100001  563 1006 788 564
3688 4 2 100001 100001  16 1071 419 242
3689 4 2 100001 100001  16 1071 418 419
3690 4 2 100001 100001  160 563 787 788
3691 4 2 100001 100001  277 276 972 364
3692 4 2 100001 100001  812 591 187 590
3693 4 2 100001 100001  989 988 1050 1049
3694 4 2 100001 100001  979 966 969 1094
3695 4 2 100001 100001  492 89 305 306
3696 4 2 100001 100001  1027 992 993 1101
3697 4 2 100001 100001  1059 1022 1058 1084
3698 4 2 100001 100001  683 972 975 974
3699 4 2 100001 100001  426 425 1075 249
3700 4 2 100001 100001  276 970 964 972
3701 4 2 100001 100001  1139 650 651 598
3702 4 2 100001 100001  297 298 376 993
3703 4 2 100001 100001  1106 746 1001 1031
3704 4 2 100001 100001  598 195 599 820
3705 4 2 100001 100001  571 796 1036 927
3706 4 2 100001 100001  1053 1054 882 1114
3707 4 2 100001 100001  812 591 813 187
3708 4 2 100001 100001  89 492 493 306
3709 4 2 100001 100001  812 591 1056 813
3710 4 2 100001 100001  111 110 514 327
3711 4 2 100001 100001  484 710 991 709
3712 4 2 100001 100001  1005 983 982 1124
3713 4 2 100001 100001  764 537 134 536
3714 4 2 100001 100001  991 710 484 1103
3715 4 2 100001 100001  90 89 493 306
3716 4 2 100001 100001  213 836 214 617
3717 4 2 100001 100001  329 516 517 1113
3718 4 2 100001 100001  330 329 517 1113
3719 4 2 100001 100001  113 330 517 114
3720 4 2 100001 100001  1106 746 711 1001
3721 4 2 100001 100001  442 1076 262 261
3722 4 2 100001 100001  330 461 517 114
3723 4 2 100001 100001  950 942 943 1058
3724 4 2 100001 100001  1106 746 544 711
3725 4 2 100001 100001  551 550 148 775
3726 4 2 100001 100001  993 994 997 706
3727 4 2 100001 100001  847 225 628 973
3728 4 2 100001 100001  1120 1121 942 348
3729 4 2 100001 100001  1027 993 996 1102
3730 4 2 100001 100001  764 537 765 134
3731 4 2 100001 100001  764 537 1049 765
3732 4 2 100001 100001  732 733 507 936
3733 4 2 100001 100001  350 1076 261 262
3734 4 2 100001 100001  835 944 834 894
3735 4 2 100001 100001  919 1041 905 917
3736 4 2 100001 100001  988 381 388 294
3737 4 2 100001 100001  499 498 1002 312
3738 4 2 100001 100001  501 98 315 502
3739 4 2 100001 100001  719 552 1030 718
3740 4 2 100001 100001  1124 1034 1125 1025
3741 4 2 100001 100001  1125 1034 1124 904
3742 4 2 100001 100001  413 1068 237 236
3743 4 2 100001 100001  734 930 1032 735
3744 4 2 100001 100001  1032 930 734 929
3745 4 2 100001 100001  424 247 22 21
3746 4 2 100001 100001  25 26 251 428
3747 4 2 100001 100001  107 510 323 106
3748 4 2 100001 100001  515 329 328 1113
3749 4 2 100001 100001  1111 333 327 326
3750 4 2 100001 100001  332 1112 328 1011
3751 4 2 100001 100001  1006 1115 1066 937
3752 4 2 100001 100001  587 809 588 928
3753 4 2 100001 100001  929 1032 1056 1052
3754 4 2 100001 100001  413 1068 924 237
3755 4 2 100001 100001  413 1068 928 924
3756 4 2 100001 100001  45 44 447 267
3757 4 2 100001 100001  223 846 224 627
3758 4 2 100001 100001  487 488 84 303
3759 4 2 100001 100001  196 599 821 600
3760 4 2 100001 100001  1116 938 1066 937
3761 4 2 100001 100001  134 765 135 537
3762 4 2 100001 100001  437 35 259 438
3763 4 2 100001 100001  354 345 1074 1024
3764 4 2 100001 100001  1108 995 1102 781
3765 4 2 100001 100001  294 1100 388 988
3766 4 2 100001 100001  742 747 1012 631
3767 4 2 100001 100001  294 1100 295 388
3768 4 2 100001 100001  302 1104 1001 380
3769 4 2 100001 100001  732 936 507 506
3770 4 2 100001 100001  447 267 955 268
3771 4 2 100001 100001  8 234 411 9
3772 4 2 100001 100001  951 953 1084 672
3773 4 2 100001 100001  671 951 1084 672
3774 4 2 100001 100001  207 206 830 610
3775 4 2 100001 100001  731 1006 936 506
3776 4 2 100001 100001  920 331 232 231
3777 4 2 100001 100001  765 1049 995 537
3778 4 2 100001 100001  934 589 642 590
3779 4 2 100001 100001  585 926 586 638
3780 4 2 100001 100001  764 537 536 1049
3781 4 2 100001 100001  1092 967 962 1091
3782 4 2 100001 100001  674 956 1061 957
3783 4 2 100001 100001  195 820 821 599
3784 4 2 100001 100001  994 995 1102 997
3785 4 2 100001 100001  329 387 328 1113
3786 4 2 100001 100001  990 479 997 704
3787 4 2 100001 100001  1015 1016 1117 1019
3788 4 2 100001 100001  921 920 632 1012
3789 4 2 100001 100001  330 331 1012 229
3790 4 2 100001 100001  905 873 1021 914
3791 4 2 100001 100001  922 637 410 923
3792 4 2 100001 100001  941 944 946 1083
3793 4 2 100001 100001  294 1100 478 295
3794 4 2 100001 100001  294 1100 988 478
3795 4 2 100001 100001  666 439 1080 440
3796 4 2 100001 100001  454 965 453 680
3797 4 2 100001 100001  403 849 748 975
3798 4 2 100001 100001  1052 875 874 791
3799 4 2 100001 100001  454 965 274 453
3800 4 2 100001 100001  479 76 296 480
3801 4 2 100001 100001  1052 875 1056 874
3802 4 2 100001 100001  607 660 948 608
3803 4 2 100001 100001  532 129 760 759
3804 4 2 100001 100001  255 351 254 1077
3805 4 2 100001 100001  606 827 828 945
3806 4 2 100001 100001  1139 940 1024 1061
3807 4 2 100001 100001  213 950 836 617
3808 4 2 100001 100001  335 1007 325 334
3809 4 2 100001 100001  974 403 748 975
3810 4 2 100001 100001  647 595 648 1019
3811 4 2 100001 100001  227 403 748 228
3812 4 2 100001 100001  858 906 1130 963
3813 4 2 100001 100001  1026 762 1034 1048
3814 4 2 100001 100001  762 904 1034 1048
3815 4 2 100001 100001  1064 1140 1063 1065
3816 4 2 100001 100001  1128 1016 1020 1132
3817 4 2 100001 100001  1136 1026 1034 1048
3818 4 2 100001 100001  1045 751 850 750
3819 4 2 100001 100001  468 65 285 469
3820 4 2 100001 100001  1003 312 499 1002
3821 4 2 100001 100001  1037 698 1090 473
3822 4 2 100001 100001  1096 1005 728 503
3823 4 2 100001 100001  902 959 1021 1065
3824 4 2 100001 100001  1052 875 1032 1056
3825 4 2 100001 100001  1115 1015 1133 1017
3826 4 2 100001 100001  297 77 78 481
3827 4 2 100001 100001  787 903 1051 907
3828 4 2 100001 100001  904 1136 1034 1048
3829 4 2 100001 100001  393 1037 399 369
3830 4 2 100001 100001  1044 1132 1039 1064
3831 4 2 100001 100001  698 530 531 963
3832 4 2 100001 100001  988 478 990 703
3833 4 2 100001 100001  1052 875 791 1032
3834 4 2 100001 100001  1037 1129 967 1092
3835 4 2 100001 100001  938 1006 1066 937
3836 4 2 100001 100001  4 406 407 231
3837 4 2 100001 100001  914 912 1021 1064
3838 4 2 100001 100001  957 675 676 623
3839 4 2 100001 100001  950 616 669 617
3840 4 2 100001 100001  1000 139 770 769
3841 4 2 100001 100001  1003 312 313 499
3842 4 2 100001 100001  6 5 408 231
3843 4 2 100001 100001  669 616 950 1083
3844 4 2 100001 100001  1078 658 431 1077
3845 4 2 100001 100001  1003 312 388 313
3846 4 2 100001 100001  35 437 259 258
3847 4 2 100001 100001  392 402 1089 1042
3848 4 2 100001 100001  402 1042 1128 1089
3849 4 2 100001 100001  681 682 973 629
3850 4 2 100001 100001  803 177 580 581
3851 4 2 100001 100001  583 635 1137 636
3852 4 2 100001 100001  319 320 506 103
3853 4 2 100001 100001  1003 312 1002 388
3854 4 2 100001 100001  825 603 604 200
3855 4 2 100001 100001  826 825 894 943
3856 4 2 100001 100001  988 1033 1050 1003
3857 4 2 100001 100001  973 682 681 964
3858 4 2 100001 100001  151 553 778 554
3859 4 2 100001 100001  1049 1050 1108 1003
3860 4 2 100001 100001  975 1094 964 973
3861 4 2 100001 100001  830 948 611 610
3862 4 2 100001 100001  732 731 936 506
3863 4 2 100001 100001  603 824 1058 602
3864 4 2 100001 100001  722 555 1102 996
3865 4 2 100001 100001  458 974 684 685
3866 4 2 100001 100001  1022 1121 346 953
3867 4 2 100001 100001  150 151 553 778
3868 4 2 100001 100001  964 1094 975 970
3869 4 2 100001 100001  1078 658 657 431
3870 4 2 100001 100001  1025 1124 727 728
3871 4 2 100001 100001  65 468 285 284
3872 4 2 100001 100001  965 679 453 680
3873 4 2 100001 100001  471 978 697 472
3874 4 2 100001 100001  846 969 966 627
3875 4 2 100001 100001  1078 658 947 657
3876 4 2 100001 100001  76 479 296 295
3877 4 2 100001 100001  375 1002 374 296
3878 4 2 100001 100001  461 404 1 229
3879 4 2 100001 100001  171 573 798 574
3880 4 2 100001 100001  805 1054 881 806
3881 4 2 100001 100001  1128 402 397 400
3882 4 2 100001 100001  727 1124 1025 1034
3883 4 2 100001 100001  529 979 963 697
3884 4 2 100001 100001  945 832 833 896
3885 4 2 100001 100001  375 1002 311 374
3886 4 2 100001 100001  375 1002 1027 311
3887 4 2 100001 100001  509 322 106 105
3888 4 2 100001 100001  604 657 943 947
3889 4 2 100001 100001  903 911 872 1018
3890 4 2 100001 100001  1064 912 1021 1065
3891 4 2 100001 100001  1138 653 1022 1023
3892 4 2 100001 100001  1138 653 652 1022
3893 4 2 100001 100001  558 725 1050 559
3894 4 2 100001 100001  1138 653 600 652
3895 4 2 100001 100001  1138 653 1023 600
3896 4 2 100001 100001  685 458 977 459
3897 4 2 100001 100001  1036 879 880 1069
3898 4 2 100001 100001  301 300 484 1103
3899 4 2 100001 100001  871 983 904 853
3900 4 2 100001 100001  977 458 685 974
3901 4 2 100001 100001  1036 879 796 880
3902 4 2 100001 100001  976 362 361 283
3903 4 2 100001 100001  234 8 410 233
3904 4 2 100001 100001  182 183 586 808
3905 4 2 100001 100001  880 796 1036 797
3906 4 2 100001 100001  1078 658 1077 947
3907 4 2 100001 100001  1115 1071 1072 343
3908 4 2 100001 100001  1036 879 927 796
3909 4 2 100001 100001  1115 1116 937 1073
3910 4 2 100001 100001  1008 795 570 927
3911 4 2 100001 100001  1036 879 1069 927
3912 4 2 100001 100001  993 994 996 1102
3913 4 2 100001 100001  1115 1071 937 1072
3914 4 2 100001 100001  1115 1071 1073 937
3915 4 2 100001 100001  371 373 1123 292
3916 4 2 100001 100001  245 244 19 421
3917 4 2 100001 100001  1115 1071 343 1073
3918 4 2 100001 100001  313 381 1033 314
3919 4 2 100001 100001  976 362 972 361
3920 4 2 100001 100001  19 245 422 20
3921 4 2 100001 100001  1128 1016 1133 397
3922 4 2 100001 100001  1015 1116 1019 1117
3923 4 2 100001 100001  761 986 853 904
3924 4 2 100001 100001  915 1044 917 907
3925 4 2 100001 100001  281 60 61 464
3926 4 2 100001 100001  976 362 977 972
3927 4 2 100001 100001  116 519 750 117
3928 4 2 100001 100001  1051 788 1018 903
3929 4 2 100001 100001  921 579 632 580
3930 4 2 100001 100001  1039 1038 1004 1134
3931 4 2 100001 100001  362 363 977 279
3932 4 2 100001 100001  57 279 460 280
3933 4 2 100001 100001  459 279 977 460
3934 4 2 100001 100001  1121 265 346 953
3935 4 2 100001 100001  920 406 407 633
3936 4 2 100001 100001  951 952 444 671
3937 4 2 100001 100001  423 246 20 422
3938 4 2 100001 100001  445 266 953 446
3939 4 2 100001 100001  1051 788 563 1018
3940 4 2 100001 100001  461 404 229 1012
3941 4 2 100001 100001  988 989 1050 1026
3942 4 2 100001 100001  821 196 600 822
3943 4 2 100001 100001  478 75 295 479
3944 4 2 100001 100001  842 888 843 959
3945 4 2 100001 100001  690 464 977 465
3946 4 2 100001 100001  1017 1004 1109 1051
3947 4 2 100001 100001  332 923 234 1110
3948 4 2 100001 100001  845 223 222 626
3949 4 2 100001 100001  1051 788 787 563
3950 4 2 100001 100001  519 520 750 117
3951 4 2 100001 100001  939 188 591 592
3952 4 2 100001 100001  1051 788 903 787
3953 4 2 100001 100001  591 188 939 813
3954 4 2 100001 100001  1044 919 918 917
3955 4 2 100001 100001  1078 1076 944 1079
3956 4 2 100001 100001  332 923 233 234
3957 4 2 100001 100001  332 923 1011 233
3958 4 2 100001 100001  28 29 254 431
3959 4 2 100001 100001  927 571 570 738
3960 4 2 100001 100001  793 794 166 569
3961 4 2 100001 100001  150 553 777 778
3962 4 2 100001 100001  1012 742 578 577
3963 4 2 100001 100001  1007 1008 1035 736
3964 4 2 100001 100001  1062 819 820 883
3965 4 2 100001 100001  1028 778 779 864
3966 4 2 100001 100001  808 587 809 183
3967 4 2 100001 100001  131 762 534 1048
3968 4 2 100001 100001  76 75 479 295
3969 4 2 100001 100001  577 174 578 801
3970 4 2 100001 100001  1047 974 975 972
3971 4 2 100001 100001  1033 500 725 1003
3972 4 2 100001 100001  332 923 1110 1011
3973 4 2 100001 100001  762 761 904 1048
3974 4 2 100001 100001  131 761 1048 533
3975 4 2 100001 100001  780 556 1102 781
3976 4 2 100001 100001  762 761 1048 131
3977 4 2 100001 100001  1068 324 335 1007
3978 4 2 100001 100001  761 533 986 1048
3979 4 2 100001 100001  533 1136 986 1048
3980 4 2 100001 100001  972 684 458 974
3981 4 2 100001 100001  628 681 973 629
3982 4 2 100001 100001  930 1007 1035 736
3983 4 2 100001 100001  878 879 795 927
3984 4 2 100001 100001  1012 574 576 799
3985 4 2 100001 100001  329 113 517 516
3986 4 2 100001 100001  1114 1053 1127 1011
3987 4 2 100001 100001  880 1055 1069 807
3988 4 2 100001 100001  880 1055 806 881
3989 4 2 100001 100001  1136 701 987 1048
3990 4 2 100001 100001  1099 909 852 915
3991 4 2 100001 100001  624 842 623 220
3992 4 2 100001 100001  1056 939 1057 874
3993 4 2 100001 100001  730 731 1006 564
3994 4 2 100001 100001  783 558 1050 559
3995 4 2 100001 100001  96 499 500 313
3996 4 2 100001 100001  955 1022 1138 940
3997 4 2 100001 100001  1068 324 336 335
3998 4 2 100001 100001  1138 1022 955 1084
3999 4 2 100001 100001  839 1023 838 890
4000 4 2 100001 100001  846 898 847 966
4001 4 2 100001 100001  1098 1038 1134 1043
4002 4 2 100001 100001  1053 573 1011 1113
4003 4 2 100001 100001  838 1023 839 954
4004 4 2 100001 100001  1039 1038 1134 1097
4005 4 2 100001 100001  815 593 190 189
4006 4 2 100001 100001  1054 805 881 882
4007 4 2 100001 100001  593 815 190 594
4008 4 2 100001 100001  913 1041 907 917
4009 4 2 100001 100001  972 684 457 458
4010 4 2 100001 100001  962 342 367 978
4011 4 2 100001 100001  1042 393 401 1097
4012 4 2 100001 100001  551 775 148 776
4013 4 2 100001 100001  499 96 95 312
4014 4 2 100001 100001  311 498 94 95
4015 4 2 100001 100001  311 498 95 312
4016 4 2 100001 100001  972 684 683 457
4017 4 2 100001 100001  402 393 401 1042
4018 4 2 100001 100001  108 107 511 324
4019 4 2 100001 100001  1080 352 1077 351
4020 4 2 100001 100001  512 109 325 326
4021 4 2 100001 100001  510 107 323 324
4022 4 2 100001 100001  107 510 511 324
4023 4 2 100001 100001  498 499 95 312
4024 4 2 100001 100001  282 61 62 465
4025 4 2 100001 100001  1037 393 967 1042
4026 4 2 100001 100001  455 964 681 682
4027 4 2 100001 100001  972 456 457 683
4028 4 2 100001 100001  1068 324 930 336
4029 4 2 100001 100001  1068 324 1007 930
4030 4 2 100001 100001  955 1084 673 954
4031 4 2 100001 100001  668 616 669 1083
4032 4 2 100001 100001  955 1084 953 673
4033 4 2 100001 100001  350 1076 1079 261
4034 4 2 100001 100001  948 660 661 608
4035 4 2 100001 100001  574 171 799 798
4036 4 2 100001 100001  972 684 974 683
4037 4 2 100001 100001  1007 1068 1070 928
4038 4 2 100001 100001  990 478 479 704
4039 4 2 100001 100001  1140 967 1129 1065
4040 4 2 100001 100001  331 920 230 231
4041 4 2 100001 100001  329 112 516 515
4042 4 2 100001 100001  1140 967 1042 1129
4043 4 2 100001 100001  8 7 410 233
4044 4 2 100001 100001  1081 607 660 948
4045 4 2 100001 100001  302 1001 303 380
4046 4 2 100001 100001  470 971 970 695
4047 4 2 100001 100001  931 643 642 416
4048 4 2 100001 100001  895 945 949 833
4049 4 2 100001 100001  619 671 1084 672
4050 4 2 100001 100001  914 873 1021 908
4051 4 2 100001 100001  24 426 250 249
4052 4 2 100001 100001  202 203 606 828
4053 4 2 100001 100001  1140 967 961 1042
4054 4 2 100001 100001  953 1022 1084 955
4055 4 2 100001 100001  949 945 895 947
4056 4 2 100001 100001  931 643 933 1056
4057 4 2 100001 100001  263 952 264 348
4058 4 2 100001 100001  583 921 1054 1137
4059 4 2 100001 100001  660 1081 1082 433
4060 4 2 100001 100001  1140 967 1065 961
4061 4 2 100001 100001  1019 1013 1021 1014
4062 4 2 100001 100001  807 879 926 1069
4063 4 2 100001 100001  1012 330 517 1113
4064 4 2 100001 100001  940 1061 1138 955
4065 4 2 100001 100001  745 741 747 1012
4066 4 2 100001 100001  1097 1004 396 401
4067 4 2 100001 100001  1005 729 1109 1051
4068 4 2 100001 100001  1090 367 399 369
4069 4 2 100001 100001  280 460 462 977
4070 4 2 100001 100001  567 165 568 792
4071 4 2 100001 100001  157 784 560 559
4072 4 2 100001 100001  277 456 457 972
4073 4 2 100001 100001  384 387 1113 1067
4074 4 2 100001 100001  1045 974 976 977
4075 4 2 100001 100001  647 648 421 1119
4076 4 2 100001 100001  396 1004 1097 1038
4077 4 2 100001 100001  931 643 416 933
4078 4 2 100001 100001  646 1073 420 419
4079 4 2 100001 100001  974 1045 685 977
4080 4 2 100001 100001  299 991 1103 378
4081 4 2 100001 100001  1019 1013 1020 1021
4082 4 2 100001 100001  744 405 1012 632
4083 4 2 100001 100001  1105 770 1106 1030
4084 4 2 100001 100001  689 1045 690 977
4085 4 2 100001 100001  387 1067 232 233
4086 4 2 100001 100001  827 202 606 828
4087 4 2 100001 100001  1019 1013 1086 1020
4088 4 2 100001 100001  989 1026 702 534
4089 4 2 100001 100001  785 561 158 560
4090 4 2 100001 100001  716 1107 717 491
4091 4 2 100001 100001  1019 1013 1014 1086
4092 4 2 100001 100001  716 1107 1031 717
4093 4 2 100001 100001  716 1107 1001 1031
4094 4 2 100001 100001  1090 962 367 978
4095 4 2 100001 100001  678 959 1065 961
4096 4 2 100001 100001  627 968 626 845
4097 4 2 100001 100001  445 265 953 266
4098 4 2 100001 100001  265 445 953 951
4099 4 2 100001 100001  922 1067 1011 233
4100 4 2 100001 100001  729 562 563 1051
4101 4 2 100001 100001  666 439 665 1080
4102 4 2 100001 100001  627 968 1093 626
4103 4 2 100001 100001  627 968 969 1093
4104 4 2 100001 100001  613 666 665 948
4105 4 2 100001 100001  701 1136 987 981
4106 4 2 100001 100001  624 842 843 959
4107 4 2 100001 100001  1072 937 1057 935
4108 4 2 100001 100001  265 1121 951 953
4109 4 2 100001 100001  287 1090 367 978
4110 4 2 100001 100001  208 831 209 612
4111 4 2 100001 100001  782 557 781 1108
4112 4 2 100001 100001  756 529 757 126
4113 4 2 100001 100001  779 996 1028 864
4114 4 2 100001 100001  646 645 1071 419
4115 4 2 100001 100001  790 566 1052 791
4116 4 2 100001 100001  271 961 1088 958
4117 4 2 100001 100001  948 611 664 612
4118 4 2 100001 100001  529 757 126 127
4119 4 2 100001 100001  424 425 22 248
4120 4 2 100001 100001  302 1104 486 1001
4121 4 2 100001 100001  1071 645 935 418
4122 4 2 100001 100001  1007 1008 1070 1035
4123 4 2 100001 100001  935 1056 644 591
4124 4 2 100001 100001  689 463 977 464
4125 4 2 100001 100001  895 944 834 949
4126 4 2 100001 100001  678 959 625 1065
4127 4 2 100001 100001  1054 804 805 882
4128 4 2 100001 100001  1135 752 524 525
4129 4 2 100001 100001  849 226 630 227
4130 4 2 100001 100001  980 979 855 756
4131 4 2 100001 100001  667 666 945 1080
4132 4 2 100001 100001  1080 438 665 948
4133 4 2 100001 100001  1082 435 436 662
4134 4 2 100001 100001  949 667 945 946
4135 4 2 100001 100001  895 944 894 834
4136 4 2 100001 100001  1054 804 583 805
4137 4 2 100001 100001  887 816 1117 905
4138 4 2 100001 100001  890 1023 822 821
4139 4 2 100001 100001  941 952 942 950
4140 4 2 100001 100001  762 131 534 132
4141 4 2 100001 100001  895 944 947 894
4142 4 2 100001 100001  985 909 759 1099
4143 4 2 100001 100001  1047 1046 693 976
4144 4 2 100001 100001  741 745 517 1012
4145 4 2 100001 100001  712 487 486 1001
4146 4 2 100001 100001  1045 751 750 521
4147 4 2 100001 100001  948 664 665 612
4148 4 2 100001 100001  688 687 520 1045
4149 4 2 100001 100001  895 944 949 947
4150 4 2 100001 100001  964 360 366 275
4151 4 2 100001 100001  678 959 677 625
4152 4 2 100001 100001  118 751 521 750
4153 4 2 100001 100001  232 1067 409 233
4154 4 2 100001 100001  297 77 480 296
4155 4 2 100001 100001  198 197 823 601
4156 4 2 100001 100001  266 445 43 446
4157 4 2 100001 100001  1058 824 823 602
4158 4 2 100001 100001  702 701 534 987
4159 4 2 100001 100001  198 601 823 602
4160 4 2 100001 100001  1057 731 564 1006
4161 4 2 100001 100001  445 446 953 672
4162 4 2 100001 100001  938 939 869 1057
4163 4 2 100001 100001  726 1034 560 727
4164 4 2 100001 100001  989 762 763 859
4165 4 2 100001 100001  1049 988 1050 1003
4166 4 2 100001 100001  1058 824 892 823
4167 4 2 100001 100001  1054 804 921 583
4168 4 2 100001 100001  1007 1110 1009 1111
4169 4 2 100001 100001  500 499 725 1003
4170 4 2 100001 100001  639 413 928 640
4171 4 2 100001 100001  935 939 1056 591
4172 4 2 100001 100001  1054 804 882 921
4173 4 2 100001 100001  236 1068 237 335
4174 4 2 100001 100001  932 934 1035 876
4175 4 2 100001 100001  1057 733 936 929
4176 4 2 100001 100001  1057 731 732 565
4177 4 2 100001 100001  566 163 791 790
4178 4 2 100001 100001  645 592 935 644
4179 4 2 100001 100001  878 879 927 926
4180 4 2 100001 100001  499 724 725 1003
4181 4 2 100001 100001  1123 988 987 293
4182 4 2 100001 100001  236 1007 1068 335
4183 4 2 100001 100001  678 959 961 677
4184 4 2 100001 100001  67 287 471 68
4185 4 2 100001 100001  971 287 368 978
4186 4 2 100001 100001  971 287 286 368
4187 4 2 100001 100001  965 962 1092 969
4188 4 2 100001 100001  1127 1054 1114 1055
4189 4 2 100001 100001  590 811 812 934
4190 4 2 100001 100001  965 969 1092 1093
4191 4 2 100001 100001  404 461 631 1012
4192 4 2 100001 100001  590 811 186 812
4193 4 2 100001 100001  971 287 471 286
4194 4 2 100001 100001  287 288 367 1090
4195 4 2 100001 100001  287 978 367 368
4196 4 2 100001 100001  176 175 802 579
4197 4 2 100001 100001  49 271 451 272
4198 4 2 100001 100001  590 811 589 186
4199 4 2 100001 100001  276 964 970 366
4200 4 2 100001 100001  971 287 978 471
4201 4 2 100001 100001  1064 905 1117 1021
4202 4 2 100001 100001  1037 984 372 1097
4203 4 2 100001 100001  1101 309 496 495
4204 4 2 100001 100001  905 873 1117 1021
4205 4 2 100001 100001  309 310 1101 496
4206 4 2 100001 100001  1037 984 473 372
4207 4 2 100001 100001  590 811 934 589
4208 4 2 100001 100001  1140 1064 1021 1065
4209 4 2 100001 100001  3 2 405 230
4210 4 2 100001 100001  92 309 495 496
4211 4 2 100001 100001  24 23 426 249
4212 4 2 100001 100001  1020 1064 1021 1140
4213 4 2 100001 100001  1104 301 1103 379
4214 4 2 100001 100001  462 281 977 463
4215 4 2 100001 100001  86 489 490 304
4216 4 2 100001 100001  1037 984 985 473
4217 4 2 100001 100001  1020 1064 1117 1021
4218 4 2 100001 100001  204 607 829 608
4219 4 2 100001 100001  1081 658 659 606
4220 4 2 100001 100001  1111 1110 1010 1112
4221 4 2 100001 100001  1114 1053 1011 1113
4222 4 2 100001 100001  1037 984 1097 985
4223 4 2 100001 100001  814 592 189 188
4224 4 2 100001 100001  1076 952 443 263
4225 4 2 100001 100001  1117 1019 1020 1021
4226 4 2 100001 100001  920 1114 1067 1012
4227 4 2 100001 100001  1110 235 333 334
4228 4 2 100001 100001  735 1035 930 1032
4229 4 2 100001 100001  387 1067 1011 1113
4230 4 2 100001 100001  562 1124 786 1005
4231 4 2 100001 100001  1090 1037 289 369
4232 4 2 100001 100001  679 626 627 1093
4233 4 2 100001 100001  970 361 972 364
4234 4 2 100001 100001  434 660 1082 433
4235 4 2 100001 100001  1034 726 559 1050
4236 4 2 100001 100001  1025 1096 728 503
4237 4 2 100001 100001  130 129 760 532
4238 4 2 100001 100001  443 952 1076 941
4239 4 2 100001 100001  708 540 541 1000
4240 4 2 100001 100001  1049 765 995 861
4241 4 2 100001 100001  562 1124 561 786
4242 4 2 100001 100001  1128 1004 401 400
4243 4 2 100001 100001  863 862 780 996
4244 4 2 100001 100001  1105 1030 866 770
4245 4 2 100001 100001  1005 729 562 728
4246 4 2 100001 100001  1102 555 780 996
4247 4 2 100001 100001  1045 687 977 688
4248 4 2 100001 100001  860 989 1050 1049
4249 4 2 100001 100001  339 320 321 936
4250 4 2 100001 100001  620 954 673 1084
4251 4 2 100001 100001  1072 340 370 343
4252 4 2 100001 100001  1099 853 760 986
4253 4 2 100001 100001  562 1124 728 561
4254 4 2 100001 100001  133 132 989 535
4255 4 2 100001 100001  735 1035 736 930
4256 4 2 100001 100001  562 1124 1005 728
4257 4 2 100001 100001  989 132 133 763
4258 4 2 100001 100001  735 1035 568 736
4259 4 2 100001 100001  841 622 623 219
4260 4 2 100001 100001  1024 957 956 1087
4261 4 2 100001 100001  301 300 1103 379
4262 4 2 100001 100001  487 302 83 486
4263 4 2 100001 100001  712 711 746 1001
4264 4 2 100001 100001  393 372 401 1097
4265 4 2 100001 100001  773 774 145 548
4266 4 2 100001 100001  519 116 750 749
4267 4 2 100001 100001  1104 1105 1106 999
4268 4 2 100001 100001  1091 273 274 453
4269 4 2 100001 100001  1131 858 906 1130
4270 4 2 100001 100001  77 76 480 296
4271 4 2 100001 100001  623 622 841 957
4272 4 2 100001 100001  735 1035 1032 568
4273 4 2 100001 100001  948 831 611 612
4274 4 2 100001 100001  323 509 106 510
4275 4 2 100001 100001  948 663 664 611
4276 4 2 100001 100001  1114 1067 1012 1113
4277 4 2 100001 100001  892 891 1058 823
4278 4 2 100001 100001  323 509 322 106
4279 4 2 100001 100001  1104 1105 710 1106
4280 4 2 100001 100001  197 822 823 601
4281 4 2 100001 100001  601 1058 823 602
4282 4 2 100001 100001  130 761 986 760
4283 4 2 100001 100001  720 992 495 494
4284 4 2 100001 100001  1104 1105 1103 710
4285 4 2 100001 100001  933 1071 418 241
4286 4 2 100001 100001  1104 1105 999 1103
4287 4 2 100001 100001  323 509 930 322
4288 4 2 100001 100001  1073 343 390 243
4289 4 2 100001 100001  582 921 581 178
4290 4 2 100001 100001  322 931 930 337
4291 4 2 100001 100001  822 1058 823 601
4292 4 2 100001 100001  620 838 619 216
4293 4 2 100001 100001  343 1073 242 243
4294 4 2 100001 100001  1056 590 643 591
4295 4 2 100001 100001  1086 1014 960 1013
4296 4 2 100001 100001  958 960 1086 1087
4297 4 2 100001 100001  323 509 510 930
4298 4 2 100001 100001  925 1068 1007 928
4299 4 2 100001 100001  925 1068 236 1007
4300 4 2 100001 100001  925 1068 413 236
4301 4 2 100001 100001  672 620 673 1084
4302 4 2 100001 100001  449 958 676 450
4303 4 2 100001 100001  925 1068 928 413
4304 4 2 100001 100001  1088 398 389 1020
4305 4 2 100001 100001  1076 942 1078 944
4306 4 2 100001 100001  44 266 43 446
4307 4 2 100001 100001  38 440 441 261
4308 4 2 100001 100001  438 1082 437 948
4309 4 2 100001 100001  438 1082 259 437
4310 4 2 100001 100001  354 953 1022 346
4311 4 2 100001 100001  293 477 73 74
4312 4 2 100001 100001  247 354 345 1074
4313 4 2 100001 100001  1088 959 1013 958
4314 4 2 100001 100001  959 1014 1021 1013
4315 4 2 100001 100001  426 425 652 1075
4316 4 2 100001 100001  961 271 1088 358
4317 4 2 100001 100001  1138 1023 821 600
4318 4 2 100001 100001  438 1082 1080 259
4319 4 2 100001 100001  1068 924 237 238
4320 4 2 100001 100001  467 283 284 64
4321 4 2 100001 100001  205 206 609 830
4322 4 2 100001 100001  29 255 431 432
4323 4 2 100001 100001  829 948 830 609
4324 4 2 100001 100001  948 829 608 609
4325 4 2 100001 100001  205 829 830 609
4326 4 2 100001 100001  961 271 451 958
4327 4 2 100001 100001  829 205 608 609
4328 4 2 100001 100001  1061 1138 820 1139
4329 4 2 100001 100001  438 1082 948 1080
4330 4 2 100001 100001  599 1138 600 652
4331 4 2 100001 100001  890 1023 891 822
4332 4 2 100001 100001  392 961 272 967
4333 4 2 100001 100001  529 530 757 127
4334 4 2 100001 100001  620 838 1084 619
4335 4 2 100001 100001  646 593 594 1116
4336 4 2 100001 100001  620 838 954 1084
4337 4 2 100001 100001  620 838 216 954
4338 4 2 100001 100001  1053 741 573 1113
4339 4 2 100001 100001  872 1006 788 1018
4340 4 2 100001 100001  859 989 860 763
4341 4 2 100001 100001  1116 887 1018 1066
4342 4 2 100001 100001  1006 872 1066 1018
4343 4 2 100001 100001  869 938 1006 1066
4344 4 2 100001 100001  228 575 800 115
4345 4 2 100001 100001  283 467 63 64
4346 4 2 100001 100001  911 887 1066 1018
4347 4 2 100001 100001  679 1093 627 680
4348 4 2 100001 100001  1053 741 574 573
4349 4 2 100001 100001  393 372 1097 1037
4350 4 2 100001 100001  1053 741 1012 574
4351 4 2 100001 100001  265 266 346 953
4352 4 2 100001 100001  1088 398 1089 358
4353 4 2 100001 100001  1106 772 544 746
4354 4 2 100001 100001  698 699 473 985
4355 4 2 100001 100001  133 989 536 535
4356 4 2 100001 100001  1106 772 771 544
4357 4 2 100001 100001  860 989 859 1050
4358 4 2 100001 100001  1053 741 1113 1012
4359 4 2 100001 100001  1106 772 1031 771
4360 4 2 100001 100001  887 1066 938 886
4361 4 2 100001 100001  860 1108 782 861
4362 4 2 100001 100001  961 678 967 1065
4363 4 2 100001 100001  1037 962 967 399
4364 4 2 100001 100001  272 392 967 359
4365 4 2 100001 100001  968 1131 1092 1129
4366 4 2 100001 100001  1031 715 716 549
4367 4 2 100001 100001  80 300 483 484
4368 4 2 100001 100001  912 902 1021 1065
4369 4 2 100001 100001  1106 772 746 1031
4370 4 2 100001 100001  860 1108 1050 782
4371 4 2 100001 100001  988 1026 1050 1033
4372 4 2 100001 100001  784 859 1034 1050
4373 4 2 100001 100001  983 871 904 1124
4374 4 2 100001 100001  910 1099 853 852
4375 4 2 100001 100001  980 978 696 971
4376 4 2 100001 100001  725 558 1050 1108
4377 4 2 100001 100001  989 762 859 1026
4378 4 2 100001 100001  477 293 294 74
4379 4 2 100001 100001  814 938 939 869
4380 4 2 100001 100001  860 1108 1049 1050
4381 4 2 100001 100001  984 699 473 474
4382 4 2 100001 100001  638 1055 585 926
4383 4 2 100001 100001  860 1108 861 1049
4384 4 2 100001 100001  667 668 441 946
4385 4 2 100001 100001  287 68 472 471
4386 4 2 100001 100001  827 895 945 947
4387 4 2 100001 100001  950 213 616 617
4388 4 2 100001 100001  687 688 462 977
4389 4 2 100001 100001  1119 18 341 244
4390 4 2 100001 100001  196 195 821 599
4391 4 2 100001 100001  292 476 72 73
4392 4 2 100001 100001  952 669 443 670
4393 4 2 100001 100001  1085 1074 345 1024
4394 4 2 100001 100001  476 292 293 73
4395 4 2 100001 100001  688 462 977 463
4396 4 2 100001 100001  638 1055 637 585
4397 4 2 100001 100001  364 276 970 366
4398 4 2 100001 100001  286 970 366 285
4399 4 2 100001 100001  1019 1119 1086 648
4400 4 2 100001 100001  286 66 470 285
4401 4 2 100001 100001  307 90 91 494
4402 4 2 100001 100001  757 530 758 127
4403 4 2 100001 100001  203 606 828 607
4404 4 2 100001 100001  1101 721 992 495
4405 4 2 100001 100001  1028 721 992 996
4406 4 2 100001 100001  541 540 138 1000
4407 4 2 100001 100001  966 680 681 628
4408 4 2 100001 100001  681 680 966 965
4409 4 2 100001 100001  480 993 997 706
4410 4 2 100001 100001  497 310 94 93
4411 4 2 100001 100001  294 478 988 477
4412 4 2 100001 100001  638 1055 923 637
4413 4 2 100001 100001  1044 1041 907 1051
4414 4 2 100001 100001  1119 18 420 341
4415 4 2 100001 100001  1119 18 421 420
4416 4 2 100001 100001  638 1055 926 923
4417 4 2 100001 100001  1119 18 244 421
4418 4 2 100001 100001  814 939 188 813
4419 4 2 100001 100001  310 497 496 93
4420 4 2 100001 100001  1044 918 1134 1043
4421 4 2 100001 100001  340 343 1071 242
4422 4 2 100001 100001  991 482 483 708
4423 4 2 100001 100001  922 1067 233 409
4424 4 2 100001 100001  604 657 947 605
4425 4 2 100001 100001  51 52 274 454
4426 4 2 100001 100001  1071 343 340 1072
4427 4 2 100001 100001  603 825 604 943
4428 4 2 100001 100001  991 482 299 483
4429 4 2 100001 100001  165 164 792 567
4430 4 2 100001 100001  1107 492 718 717
4431 4 2 100001 100001  943 944 894 947
4432 4 2 100001 100001  893 944 835 894
4433 4 2 100001 100001  991 482 992 299
4434 4 2 100001 100001  990 988 703 1049
4435 4 2 100001 100001  492 1107 718 493
4436 4 2 100001 100001  893 944 950 835
4437 4 2 100001 100001  848 630 849 226
4438 4 2 100001 100001  991 482 708 992
4439 4 2 100001 100001  1105 709 1000 991
4440 4 2 100001 100001  1120 26 252 429
4441 4 2 100001 100001  893 944 943 950
4442 4 2 100001 100001  943 826 947 894
4443 4 2 100001 100001  1015 1133 1017 1040
4444 4 2 100001 100001  941 1076 946 944
4445 4 2 100001 100001  1037 1039 1042 1129
4446 4 2 100001 100001  849 630 848 975
4447 4 2 100001 100001  614 210 211 833
4448 4 2 100001 100001  919 912 1063 916
4449 4 2 100001 100001  212 615 211 834
4450 4 2 100001 100001  502 1025 728 503
4451 4 2 100001 100001  517 741 1113 516
4452 4 2 100001 100001  1025 1122 502 727
4453 4 2 100001 100001  355 271 1088 958
4454 4 2 100001 100001  647 594 595 1019
4455 4 2 100001 100001  262 1076 263 349
4456 4 2 100001 100001  1113 741 517 1012
4457 4 2 100001 100001  941 1076 944 942
4458 4 2 100001 100001  501 1122 727 502
4459 4 2 100001 100001  1044 919 917 1041
4460 4 2 100001 100001  893 944 894 943
4461 4 2 100001 100001  34 35 258 437
4462 4 2 100001 100001  34 436 437 258
4463 4 2 100001 100001  811 934 875 812
4464 4 2 100001 100001  1090 698 697 472
4465 4 2 100001 100001  1100 374 296 295
4466 4 2 100001 100001  982 1096 1095 1005
4467 4 2 100001 100001  1087 355 357 365
4468 4 2 100001 100001  989 762 132 763
4469 4 2 100001 100001  1120 26 251 252
4470 4 2 100001 100001  282 466 63 283
4471 4 2 100001 100001  761 130 533 131
4472 4 2 100001 100001  1059 1121 952 942
4473 4 2 100001 100001  1120 26 428 251
4474 4 2 100001 100001  546 772 746 545
4475 4 2 100001 100001  1120 26 429 428
4476 4 2 100001 100001  1099 1098 1043 983
4477 4 2 100001 100001  932 934 924 1070
4478 4 2 100001 100001  451 961 452 272
4479 4 2 100001 100001  746 772 546 1031
4480 4 2 100001 100001  438 437 664 948
4481 4 2 100001 100001  1039 1140 1042 1129
4482 4 2 100001 100001  877 932 809 928
4483 4 2 100001 100001  932 934 589 641
4484 4 2 100001 100001  890 1023 838 891
4485 4 2 100001 100001  574 172 576 799
4486 4 2 100001 100001  574 1053 798 799
4487 4 2 100001 100001  511 1007 512 325
4488 4 2 100001 100001  414 413 924 237
4489 4 2 100001 100001  1012 1053 574 799
4490 4 2 100001 100001  988 1026 1123 987
4491 4 2 100001 100001  988 1026 1033 1123
4492 4 2 100001 100001  804 921 884 882
4493 4 2 100001 100001  5 407 408 231
4494 4 2 100001 100001  6 7 232 409
4495 4 2 100001 100001  752 751 1045 523
4496 4 2 100001 100001  725 1003 1050 1033
4497 4 2 100001 100001  1050 1003 725 1108
4498 4 2 100001 100001  165 793 166 568
4499 4 2 100001 100001  552 719 1030 1126
4500 4 2 100001 100001  879 1069 927 926
4501 4 2 100001 100001  18 17 420 243
4502 4 2 100001 100001  552 553 1126 777
4503 4 2 100001 100001  932 877 809 810
4504 4 2 100001 100001  394 398 1088 358
4505 4 2 100001 100001  247 354 1074 248
4506 4 2 100001 100001  958 956 269 449
4507 4 2 100001 100001  733 508 929 734
4508 4 2 100001 100001  1062 1139 597 650
4509 4 2 100001 100001  423 246 422 1085
4510 4 2 100001 100001  1045 751 522 523
4511 4 2 100001 100001  932 641 589 588
4512 4 2 100001 100001  988 989 703 1049
4513 4 2 100001 100001  149 551 148 776
4514 4 2 100001 100001  341 1016 389 397
4515 4 2 100001 100001  269 956 958 1087
4516 4 2 100001 100001  445 951 444 671
4517 4 2 100001 100001  392 961 1089 358
4518 4 2 100001 100001  59 281 463 60
4519 4 2 100001 100001  873 1014 595 1019
4520 4 2 100001 100001  1027 496 722 721
4521 4 2 100001 100001  734 1052 733 566
4522 4 2 100001 100001  733 1052 734 929
4523 4 2 100001 100001  162 564 789 565
4524 4 2 100001 100001  645 1071 935 937
4525 4 2 100001 100001  734 1032 929 1052
4526 4 2 100001 100001  690 1045 522 523
4527 4 2 100001 100001  244 341 1119 389
4528 4 2 100001 100001  1076 442 262 263
4529 4 2 100001 100001  773 774 548 1031
4530 4 2 100001 100001  1001 1031 715 716
4531 4 2 100001 100001  993 481 707 706
4532 4 2 100001 100001  350 1076 262 349
4533 4 2 100001 100001  1087 355 958 357
4534 4 2 100001 100001  1062 1061 841 883
4535 4 2 100001 100001  1087 355 1086 958
4536 4 2 100001 100001  360 964 978 965
4537 4 2 100001 100001  1027 496 497 722
4538 4 2 100001 100001  841 1061 1062 957
4539 4 2 100001 100001  992 998 994 707
4540 4 2 100001 100001  706 994 538 539
4541 4 2 100001 100001  847 628 966 973
4542 4 2 100001 100001  867 770 1106 771
4543 4 2 100001 100001  784 156 559 157
4544 4 2 100001 100001  488 303 85 84
4545 4 2 100001 100001  993 992 994 707
4546 4 2 100001 100001  1019 1021 1117 873
4547 4 2 100001 100001  1028 554 779 778
4548 4 2 100001 100001  742 743 744 1012
4549 4 2 100001 100001  592 939 935 591
4550 4 2 100001 100001  467 466 976 283
4551 4 2 100001 100001  38 260 440 261
4552 4 2 100001 100001  911 913 887 1018
4553 4 2 100001 100001  571 796 168 169
4554 4 2 100001 100001  1135 523 690 691
4555 4 2 100001 100001  27 26 429 252
4556 4 2 100001 100001  1087 355 365 1086
4557 4 2 100001 100001  297 375 296 993
4558 4 2 100001 100001  742 744 631 1012
4559 4 2 100001 100001  235 234 1110 333
4560 4 2 100001 100001  398 392 1089 358
4561 4 2 100001 100001  238 931 337 336
4562 4 2 100001 100001  782 154 557 155
4563 4 2 100001 100001  1012 741 576 574
4564 4 2 100001 100001  971 470 696 695
4565 4 2 100001 100001  492 1107 493 306
4566 4 2 100001 100001  1027 496 721 1101
4567 4 2 100001 100001  297 298 993 481
4568 4 2 100001 100001  379 1107 380 306
4569 4 2 100001 100001  690 523 1135 1045
4570 4 2 100001 100001  1019 594 1116 647
4571 4 2 100001 100001  319 936 1006 506
4572 4 2 100001 100001  1077 1079 945 1080
4573 4 2 100001 100001  1104 301 380 302
4574 4 2 100001 100001  974 403 684 575
4575 4 2 100001 100001  1116 594 1019 1117
4576 4 2 100001 100001  138 1000 139 541
4577 4 2 100001 100001  139 1000 138 769
4578 4 2 100001 100001  348 1120 252 942
4579 4 2 100001 100001  583 636 1137 584
4580 4 2 100001 100001  1053 1127 1054 1114
4581 4 2 100001 100001  348 1120 251 252
4582 4 2 100001 100001  1001 303 380 304
4583 4 2 100001 100001  1107 305 380 306
4584 4 2 100001 100001  353 352 1080 260
4585 4 2 100001 100001  734 509 929 930
4586 4 2 100001 100001  1080 1082 353 259
4587 4 2 100001 100001  979 898 966 855
4588 4 2 100001 100001  322 321 929 338
4589 4 2 100001 100001  361 277 972 364
4590 4 2 100001 100001  182 181 807 585
4591 4 2 100001 100001  322 509 930 929
4592 4 2 100001 100001  921 1012 884 882
4593 4 2 100001 100001  933 935 1056 644
4594 4 2 100001 100001  250 249 1022 346
4595 4 2 100001 100001  573 1053 798 574
4596 4 2 100001 100001  943 657 1078 947
4597 4 2 100001 100001  973 848 975 854
4598 4 2 100001 100001  1077 351 1079 1080
4599 4 2 100001 100001  311 310 1027 375
4600 4 2 100001 100001  173 576 801 577
4601 4 2 100001 100001  1012 578 802 801
4602 4 2 100001 100001  386 1006 505 319
4603 4 2 100001 100001  576 172 801 799
4604 4 2 100001 100001  505 1006 386 1017
4605 4 2 100001 100001  884 1012 802 801
4606 4 2 100001 100001  173 172 801 576
4607 4 2 100001 100001  799 1012 884 801
4608 4 2 100001 100001  479 704 705 997
4609 4 2 100001 100001  576 1012 799 801
4610 4 2 100001 100001  319 936 370 1006
4611 4 2 100001 100001  709 1105 542 710
4612 4 2 100001 100001  541 139 542 1000
4613 4 2 100001 100001  708 998 540 1000
4614 4 2 100001 100001  842 624 843 220
4615 4 2 100001 100001  779 863 780 996
4616 4 2 100001 100001  640 924 588 641
4617 4 2 100001 100001  319 936 320 370
4618 4 2 100001 100001  755 125 527 528
4619 4 2 100001 100001  763 989 860 764
4620 4 2 100001 100001  319 936 506 320
4621 4 2 100001 100001  902 899 844 1065
4622 4 2 100001 100001  980 755 756 855
4623 4 2 100001 100001  291 984 290 474
4624 4 2 100001 100001  291 984 356 290
4625 4 2 100001 100001  152 555 779 780
4626 4 2 100001 100001  848 849 975 854
4627 4 2 100001 100001  291 984 981 356
4628 4 2 100001 100001  818 596 960 597
4629 4 2 100001 100001  773 1031 548 547
4630 4 2 100001 100001  261 946 440 441
4631 4 2 100001 100001  861 782 781 1108
4632 4 2 100001 100001  556 1108 1102 781
4633 4 2 100001 100001  1037 962 399 1090
4634 4 2 100001 100001  61 282 464 465
4635 4 2 100001 100001  1031 1001 715 714
4636 4 2 100001 100001  970 964 1094 971
4637 4 2 100001 100001  351 352 260 1080
4638 4 2 100001 100001  1045 1135 690 977
4639 4 2 100001 100001  534 987 1026 702
4640 4 2 100001 100001  396 1038 391 1095
4641 4 2 100001 100001  291 984 474 981
4642 4 2 100001 100001  385 356 1095 391
4643 4 2 100001 100001  1038 396 391 1097
4644 4 2 100001 100001  1089 1140 1128 1020
4645 4 2 100001 100001  700 474 984 981
4646 4 2 100001 100001  980 973 975 854
4647 4 2 100001 100001  382 385 356 1096
4648 4 2 100001 100001  46 448 449 269
4649 4 2 100001 100001  890 889 839 1023
4650 4 2 100001 100001  308 999 494 992
4651 4 2 100001 100001  1026 987 534 1048
4652 4 2 100001 100001  308 999 307 494
4653 4 2 100001 100001  845 223 627 846
4654 4 2 100001 100001  779 863 996 864
4655 4 2 100001 100001  1035 793 876 792
4656 4 2 100001 100001  1032 1035 876 792
4657 4 2 100001 100001  1022 1059 951 1084
4658 4 2 100001 100001  1128 1140 1089 1042
4659 4 2 100001 100001  196 197 600 822
4660 4 2 100001 100001  921 635 583 582
4661 4 2 100001 100001  841 1062 885 957
4662 4 2 100001 100001  583 635 921 1137
4663 4 2 100001 100001  446 266 953 267
4664 4 2 100001 100001  267 446 447 953
4665 4 2 100001 100001  720 1028 553 554
4666 4 2 100001 100001  152 554 779 555
4667 4 2 100001 100001  553 1028 720 1126
4668 4 2 100001 100001  1042 961 392 967
4669 4 2 100001 100001  921 1012 882 1114
4670 4 2 100001 100001  289 69 70 473
4671 4 2 100001 100001  970 1046 975 972
4672 4 2 100001 100001  963 906 1130 1092
4673 4 2 100001 100001  244 344 389 1086
4674 4 2 100001 100001  1037 1090 963 962
4675 4 2 100001 100001  392 961 1042 1089
4676 4 2 100001 100001  308 999 378 307
4677 4 2 100001 100001  308 999 992 378
4678 4 2 100001 100001  968 1129 967 1065
4679 4 2 100001 100001  839 954 840 217
4680 4 2 100001 100001  980 973 1094 975
4681 4 2 100001 100001  974 403 975 683
4682 4 2 100001 100001  909 1130 985 858
4683 4 2 100001 100001  271 961 272 358
4684 4 2 100001 100001  981 292 291 371
4685 4 2 100001 100001  1046 980 975 854
4686 4 2 100001 100001  783 784 156 559
4687 4 2 100001 100001  847 973 966 855
4688 4 2 100001 100001  291 292 981 475
4689 4 2 100001 100001  1008 736 737 569
4690 4 2 100001 100001  1139 940 1074 1024
4691 4 2 100001 100001  737 736 1008 1007
4692 4 2 100001 100001  998 767 768 864
4693 4 2 100001 100001  700 1136 533 701
4694 4 2 100001 100001  700 1136 986 533
4695 4 2 100001 100001  1002 1100 1108 1003
4696 4 2 100001 100001  999 494 720 719
4697 4 2 100001 100001  980 971 696 695
4698 4 2 100001 100001  151 554 778 779
4699 4 2 100001 100001  720 494 999 992
4700 4 2 100001 100001  1026 859 1050 1034
4701 4 2 100001 100001  982 981 984 1095
4702 4 2 100001 100001  302 1104 485 486
4703 4 2 100001 100001  984 372 391 290
4704 4 2 100001 100001  909 1130 1134 985
4705 4 2 100001 100001  909 1130 1063 1134
4706 4 2 100001 100001  468 970 284 976
4707 4 2 100001 100001  722 497 1027 723
4708 4 2 100001 100001  940 955 1024 1061
4709 4 2 100001 100001  497 310 1027 311
4710 4 2 100001 100001  705 480 997 706
4711 4 2 100001 100001  1007 512 325 326
4712 4 2 100001 100001  988 381 294 293
4713 4 2 100001 100001  723 498 1027 1002
4714 4 2 100001 100001  497 498 1027 723
4715 4 2 100001 100001  688 689 1045 521
4716 4 2 100001 100001  520 688 1045 521
4717 4 2 100001 100001  498 311 1027 1002
4718 4 2 100001 100001  119 751 120 522
4719 4 2 100001 100001  498 497 1027 311
4720 4 2 100001 100001  700 1136 981 986
4721 4 2 100001 100001  363 280 281 977
4722 4 2 100001 100001  1047 752 525 753
4723 4 2 100001 100001  1007 236 334 335
4724 4 2 100001 100001  1049 997 1108 995
4725 4 2 100001 100001  1108 997 1049 1100
4726 4 2 100001 100001  490 489 1001 304
4727 4 2 100001 100001  525 752 1047 1135
4728 4 2 100001 100001  957 959 624 958
4729 4 2 100001 100001  1059 671 952 951
4730 4 2 100001 100001  87 490 491 304
4731 4 2 100001 100001  700 1136 701 981
4732 4 2 100001 100001  437 663 664 948
4733 4 2 100001 100001  1046 980 854 755
4734 4 2 100001 100001  968 1093 967 1092
4735 4 2 100001 100001  217 954 218 621
4736 4 2 100001 100001  218 954 217 840
4737 4 2 100001 100001  245 244 1086 344
4738 4 2 100001 100001  967 393 399 359
4739 4 2 100001 100001  1046 980 755 527
4740 4 2 100001 100001  529 979 756 757
4741 4 2 100001 100001  1007 1008 928 1070
4742 4 2 100001 100001  957 959 842 624
4743 4 2 100001 100001  455 276 456 53
4744 4 2 100001 100001  1082 1077 948 1080
4745 4 2 100001 100001  255 256 432 30
4746 4 2 100001 100001  754 1046 851 854
4747 4 2 100001 100001  981 474 291 475
4748 4 2 100001 100001  957 959 960 842
4749 4 2 100001 100001  67 286 470 471
4750 4 2 100001 100001  841 840 1061 957
4751 4 2 100001 100001  957 959 958 960
4752 4 2 100001 100001  1118 1064 1117 1132
4753 4 2 100001 100001  1058 824 893 892
4754 4 2 100001 100001  1111 927 1007 738
4755 4 2 100001 100001  399 393 967 1037
4756 4 2 100001 100001  985 1038 1097 1134
4757 4 2 100001 100001  1116 1017 1066 1018
4758 4 2 100001 100001  197 600 822 601
4759 4 2 100001 100001  1066 1017 1116 1115
4760 4 2 100001 100001  500 313 1033 314
4761 4 2 100001 100001  1021 961 1140 1065
4762 4 2 100001 100001  740 1112 1011 1113
4763 4 2 100001 100001  961 677 451 678
4764 4 2 100001 100001  262 40 263 442
4765 4 2 100001 100001  1007 927 1111 1009
4766 4 2 100001 100001  617 950 1059 670
4767 4 2 100001 100001  971 1046 695 980
4768 4 2 100001 100001  1118 1064 905 1117
4769 4 2 100001 100001  1118 1064 1041 905
4770 4 2 100001 100001  830 207 611 831
4771 4 2 100001 100001  271 355 1088 358
4772 4 2 100001 100001  205 204 829 608
4773 4 2 100001 100001  883 840 1061 841
4774 4 2 100001 100001  1118 1064 1132 1041
4775 4 2 100001 100001  291 290 71 474
4776 4 2 100001 100001  1113 331 384 1067
4777 4 2 100001 100001  1007 511 324 325
4778 4 2 100001 100001  25 427 251 250
4779 4 2 100001 100001  695 1046 971 970
4780 4 2 100001 100001  1088 394 389 398
4781 4 2 100001 100001  1037 393 1042 1097
4782 4 2 100001 100001  383 1017 386 1133
4783 4 2 100001 100001  395 383 386 1133
4784 4 2 100001 100001  1095 1096 356 385
4785 4 2 100001 100001  356 1096 1095 981
4786 4 2 100001 100001  1014 888 908 817
4787 4 2 100001 100001  469 470 285 970
4788 4 2 100001 100001  290 984 473 474
4789 4 2 100001 100001  964 965 966 1094
4790 4 2 100001 100001  680 965 969 966
4791 4 2 100001 100001  973 964 966 1094
4792 4 2 100001 100001  321 320 104 507
4793 4 2 100001 100001  719 999 493 718
4794 4 2 100001 100001  1032 734 566 1052
4795 4 2 100001 100001  79 299 482 483
4796 4 2 100001 100001  1105 991 999 1103
4797 4 2 100001 100001  999 307 379 378
4798 4 2 100001 100001  1051 729 730 563
4799 4 2 100001 100001  479 990 997 1100
4800 4 2 100001 100001  764 1049 860 861
4801 4 2 100001 100001  913 887 1118 905
4802 4 2 100001 100001  287 286 67 471
4803 4 2 100001 100001  341 1073 390 243
4804 4 2 100001 100001  930 1068 1070 1007
4805 4 2 100001 100001  730 729 1051 1109
4806 4 2 100001 100001  1113 331 330 384
4807 4 2 100001 100001  1122 501 315 502
4808 4 2 100001 100001  930 1007 511 324
4809 4 2 100001 100001  1122 1025 1123 1034
4810 4 2 100001 100001  1113 331 1012 330
4811 4 2 100001 100001  1004 1109 396 383
4812 4 2 100001 100001  563 730 1006 564
4813 4 2 100001 100001  508 509 322 929
4814 4 2 100001 100001  619 671 1060 1084
4815 4 2 100001 100001  215 837 838 1060
4816 4 2 100001 100001  1113 331 1067 1012
4817 4 2 100001 100001  1104 710 711 1106
4818 4 2 100001 100001  1055 584 806 1054
4819 4 2 100001 100001  687 519 1045 686
4820 4 2 100001 100001  650 424 1074 651
4821 4 2 100001 100001  624 677 959 625
4822 4 2 100001 100001  267 447 955 953
4823 4 2 100001 100001  144 773 145 547
4824 4 2 100001 100001  639 638 925 412
4825 4 2 100001 100001  1139 1062 1024 650
4826 4 2 100001 100001  583 584 1137 1054
4827 4 2 100001 100001  1127 1054 1055 881
4828 4 2 100001 100001  880 1127 1055 881
4829 4 2 100001 100001  229 331 1012 230
4830 4 2 100001 100001  14 15 240 417
4831 4 2 100001 100001  518 1045 686 685
4832 4 2 100001 100001  1012 576 577 801
4833 4 2 100001 100001  997 375 296 1002
4834 4 2 100001 100001  1059 1121 951 952
4835 4 2 100001 100001  997 375 993 296
4836 4 2 100001 100001  442 1076 946 941
4837 4 2 100001 100001  588 587 928 640
4838 4 2 100001 100001  830 948 897 831
4839 4 2 100001 100001  870 910 1043 983
4840 4 2 100001 100001  425 248 1075 249
4841 4 2 100001 100001  768 1000 769 138
4842 4 2 100001 100001  741 1012 576 747
4843 4 2 100001 100001  389 1119 1016 341
4844 4 2 100001 100001  1037 963 1130 1092
4845 4 2 100001 100001  257 434 31 32
4846 4 2 100001 100001  925 1069 926 928
4847 4 2 100001 100001  237 1068 238 336
4848 4 2 100001 100001  997 375 1027 993
4849 4 2 100001 100001  930 1068 336 931
4850 4 2 100001 100001  1085 1024 345 1087
4851 4 2 100001 100001  1053 1114 1012 1113
4852 4 2 100001 100001  997 375 1002 1027
4853 4 2 100001 100001  1004 1109 383 1017
4854 4 2 100001 100001  961 959 1065 1021
4855 4 2 100001 100001  142 772 143 545
4856 4 2 100001 100001  930 934 1035 1070
4857 4 2 100001 100001  1069 1010 927 1009
4858 4 2 100001 100001  927 1010 1069 1036
4859 4 2 100001 100001  143 772 546 545
4860 4 2 100001 100001  773 772 546 143
4861 4 2 100001 100001  762 534 1026 989
4862 4 2 100001 100001  594 646 1116 647
4863 4 2 100001 100001  1057 869 790 874
4864 4 2 100001 100001  572 170 797 169
4865 4 2 100001 100001  994 706 707 539
4866 4 2 100001 100001  938 869 1006 1057
4867 4 2 100001 100001  1032 566 567 791
4868 4 2 100001 100001  979 856 756 757
4869 4 2 100001 100001  1006 872 788 789
4870 4 2 100001 100001  1086 1088 958 355
4871 4 2 100001 100001  784 785 560 1034
4872 4 2 100001 100001  1136 1123 1025 1034
4873 4 2 100001 100001  732 1057 565 733
4874 4 2 100001 100001  783 155 558 156
4875 4 2 100001 100001  500 97 313 314
4876 4 2 100001 100001  858 985 531 1130
4877 4 2 100001 100001  530 529 757 963
4878 4 2 100001 100001  382 371 373 1123
4879 4 2 100001 100001  614 832 210 833
4880 4 2 100001 100001  1026 534 762 1048
4881 4 2 100001 100001  958 1088 1086 1013
4882 4 2 100001 100001  986 761 853 760
4883 4 2 100001 100001  583 584 1054 180
4884 4 2 100001 100001  596 648 1085 649
4885 4 2 100001 100001  766 994 538 995
4886 4 2 100001 100001  688 689 463 977
4887 4 2 100001 100001  279 57 460 459
4888 4 2 100001 100001  370 1115 386 1006
4889 4 2 100001 100001  1090 288 367 369
4890 4 2 100001 100001  943 824 825 893
4891 4 2 100001 100001  969 968 1092 1093
4892 4 2 100001 100001  130 532 760 986
4893 4 2 100001 100001  46 45 448 268
4894 4 2 100001 100001  456 276 964 972
4895 4 2 100001 100001  458 56 279 459
4896 4 2 100001 100001  707 706 994 993
4897 4 2 100001 100001  1046 971 1094 980
4898 4 2 100001 100001  498 499 1002 724
4899 4 2 100001 100001  1094 971 1046 970
4900 4 2 100001 100001  370 1115 343 386
4901 4 2 100001 100001  297 298 481 78
4902 4 2 100001 100001  752 121 523 524
4903 4 2 100001 100001  1045 689 522 521
4904 4 2 100001 100001  370 1115 1072 343
4905 4 2 100001 100001  751 1045 522 521
4906 4 2 100001 100001  401 372 391 1097
4907 4 2 100001 100001  1119 244 389 1086
4908 4 2 100001 100001  981 982 1096 1095
4909 4 2 100001 100001  974 1045 575 685
4910 4 2 100001 100001  1039 1044 1063 1134
4911 4 2 100001 100001  370 1115 1006 1072
4912 4 2 100001 100001  160 562 159 787
4913 4 2 100001 100001  478 990 1100 988
4914 4 2 100001 100001  362 361 278 972
4915 4 2 100001 100001  1045 1135 977 976
4916 4 2 100001 100001  468 970 285 284
4917 4 2 100001 100001  646 1071 937 1073
4918 4 2 100001 100001  161 162 564 789
4919 4 2 100001 100001  1006 869 789 1057
4920 4 2 100001 100001  938 592 939 937
4921 4 2 100001 100001  678 968 1093 967
4922 4 2 100001 100001  805 583 1054 180
4923 4 2 100001 100001  690 691 465 977
4924 4 2 100001 100001  248 354 1074 1075
4925 4 2 100001 100001  584 1054 180 806
4926 4 2 100001 100001  931 322 338 337
4927 4 2 100001 100001  1054 805 180 806
4928 4 2 100001 100001  990 478 1100 479
4929 4 2 100001 100001  1038 984 391 1095
4930 4 2 100001 100001  943 824 603 825
4931 4 2 100001 100001  1028 720 721 554
4932 4 2 100001 100001  921 1012 579 802
4933 4 2 100001 100001  703 704 1049 536
4934 4 2 100001 100001  1049 704 703 990
4935 4 2 100001 100001  1012 921 884 802
4936 4 2 100001 100001  921 803 884 802
4937 4 2 100001 100001  680 627 628 966
4938 4 2 100001 100001  1135 691 977 976
4939 4 2 100001 100001  983 986 904 853
4940 4 2 100001 100001  827 947 606 605
4941 4 2 100001 100001  974 972 976 977
4942 4 2 100001 100001  606 947 827 945
4943 4 2 100001 100001  404 405 1012 744
4944 4 2 100001 100001  904 986 983 1125
4945 4 2 100001 100001  1053 881 797 798
4946 4 2 100001 100001  1124 560 727 561
4947 4 2 100001 100001  531 698 963 1130
4948 4 2 100001 100001  727 560 1124 1034
4949 4 2 100001 100001  1012 742 577 747
4950 4 2 100001 100001  731 730 1006 505
4951 4 2 100001 100001  793 166 568 569
4952 4 2 100001 100001  943 824 1058 603
4953 4 2 100001 100001  943 824 893 1058
4954 4 2 100001 100001  1038 982 984 1095
4955 4 2 100001 100001  1107 492 305 306
4956 4 2 100001 100001  984 982 1038 1098
4957 4 2 100001 100001  1063 1039 1134 1129
4958 4 2 100001 100001  414 12 238 415
4959 4 2 100001 100001  321 508 105 322
4960 4 2 100001 100001  862 1102 996 995
4961 4 2 100001 100001  950 836 893 835
4962 4 2 100001 100001  1031 774 548 549
4963 4 2 100001 100001  984 372 290 473
4964 4 2 100001 100001  862 1102 780 996
4965 4 2 100001 100001  413 639 925 412
4966 4 2 100001 100001  1112 740 515 1113
4967 4 2 100001 100001  923 1110 1010 1069
4968 4 2 100001 100001  35 36 259 438
4969 4 2 100001 100001  37 259 439 260
4970 4 2 100001 100001  964 455 456 682
4971 4 2 100001 100001  946 1080 261 440
4972 4 2 100001 100001  849 403 630 975
4973 4 2 100001 100001  261 1080 946 1079
4974 4 2 100001 100001  167 795 168 570
4975 4 2 100001 100001  1120 427 251 428
4976 4 2 100001 100001  842 885 957 841
4977 4 2 100001 100001  698 1037 1130 985
4978 4 2 100001 100001  1056 939 874 813
4979 4 2 100001 100001  1081 659 660 607
4980 4 2 100001 100001  957 842 960 885
4981 4 2 100001 100001  571 572 739 1010
4982 4 2 100001 100001  154 153 781 556
4983 4 2 100001 100001  468 467 976 284
4984 4 2 100001 100001  278 56 279 458
4985 4 2 100001 100001  974 1045 976 1047
4986 4 2 100001 100001  1059 952 950 942
4987 4 2 100001 100001  415 931 642 416
4988 4 2 100001 100001  1088 344 389 394
4989 4 2 100001 100001  389 344 1088 1086
4990 4 2 100001 100001  1061 1062 820 883
4991 4 2 100001 100001  820 1062 1061 1139
4992 4 2 100001 100001  836 950 1059 617
4993 4 2 100001 100001  984 391 356 290
4994 4 2 100001 100001  508 509 105 322
4995 4 2 100001 100001  658 1077 432 431
4996 4 2 100001 100001  795 879 796 927
4997 4 2 100001 100001  356 391 984 1095
4998 4 2 100001 100001  594 815 190 816
4999 4 2 100001 100001  557 556 781 1108
5000 4 2 100001 100001  984 981 1125 986
5001 4 2 100001 100001  49 48 451 271
5002 4 2 100001 100001  281 280 462 977
5003 4 2 100001 100001  985 1098 986 984
5004 4 2 100001 100001  414 924 640 641
5005 4 2 100001 100001  924 414 415 641
5006 4 2 100001 100001  700 985 986 984
5007 4 2 100001 100001  981 700 986 984
5008 4 2 100001 100001  509 510 930 735
5009 4 2 100001 100001  556 555 780 1102
5010 4 2 100001 100001  862 1102 781 780
5011 4 2 100001 100001  654 1022 427 653
5012 4 2 100001 100001  1034 1136 904 1125
5013 4 2 100001 100001  128 858 759 531
5014 4 2 100001 100001  909 985 759 858
5015 4 2 100001 100001  699 985 532 700
5016 4 2 100001 100001  723 498 1002 724
5017 4 2 100001 100001  130 761 533 986
5018 4 2 100001 100001  985 699 532 531
5019 4 2 100001 100001  1099 909 759 852
5020 4 2 100001 100001  965 964 454 274
5021 4 2 100001 100001  858 985 759 531
5022 4 2 100001 100001  628 225 629 973
5023 4 2 100001 100001  979 856 855 756
5024 4 2 100001 100001  704 1049 536 537
5025 4 2 100001 100001  784 785 1034 904
5026 4 2 100001 100001  49 451 452 272
5027 4 2 100001 100001  1128 1004 1040 1132
5028 4 2 100001 100001  1039 1044 1064 1063
5029 4 2 100001 100001  913 1118 1018 1041
5030 4 2 100001 100001  767 996 766 863
5031 4 2 100001 100001  766 996 767 994
5032 4 2 100001 100001  427 1022 654 1120
5033 4 2 100001 100001  372 289 290 473
5034 4 2 100001 100001  392 402 1042 393
5035 4 2 100001 100001  1047 1046 975 851
5036 4 2 100001 100001  862 1102 995 781
5037 4 2 100001 100001  225 848 629 973
5038 4 2 100001 100001  1049 764 765 861
5039 4 2 100001 100001  1046 754 755 854
5040 4 2 100001 100001  276 456 277 972
5041 4 2 100001 100001  364 276 972 970
5042 4 2 100001 100001  234 235 1110 923
5043 4 2 100001 100001  992 1028 720 721
5044 4 2 100001 100001  1039 1037 1134 1129
5045 4 2 100001 100001  910 871 853 983
5046 4 2 100001 100001  1042 1039 1097 1128
5047 4 2 100001 100001  1039 1004 1097 1128
5048 4 2 100001 100001  723 556 1108 1102
5049 4 2 100001 100001  992 1028 1126 720
5050 4 2 100001 100001  722 723 1027 1102
5051 4 2 100001 100001  723 1002 1102 1108
5052 4 2 100001 100001  1002 723 1102 1027
5053 4 2 100001 100001  961 959 1020 1088
5054 4 2 100001 100001  722 555 556 1102
5055 4 2 100001 100001  936 320 507 506
5056 4 2 100001 100001  1046 970 693 976
5057 4 2 100001 100001  992 376 309 377
5058 4 2 100001 100001  723 722 556 1102
5059 4 2 100001 100001  321 320 507 936
5060 4 2 100001 100001  102 319 505 506
5061 4 2 100001 100001  319 318 102 505
5062 4 2 100001 100001  318 101 505 504
5063 4 2 100001 100001  279 280 977 460
5064 4 2 100001 100001  281 363 977 282
5065 4 2 100001 100001  1049 861 995 1108
5066 4 2 100001 100001  847 224 628 225
5067 4 2 100001 100001  1020 959 1021 1013
5068 4 2 100001 100001  341 18 420 243
5069 4 2 100001 100001  1122 382 315 373
5070 4 2 100001 100001  948 1081 945 1077
5071 4 2 100001 100001  396 385 317 1005
5072 4 2 100001 100001  1016 389 1020 1086
5073 4 2 100001 100001  557 782 558 1108
5074 4 2 100001 100001  365 245 1086 344
5075 4 2 100001 100001  755 754 527 124
5076 4 2 100001 100001  650 1062 1024 1085
5077 4 2 100001 100001  704 990 1049 997
5078 4 2 100001 100001  1090 698 963 697
5079 4 2 100001 100001  309 376 992 1101
5080 4 2 100001 100001  1117 1016 1020 1019
5081 4 2 100001 100001  255 29 30 432
5082 4 2 100001 100001  659 1081 660 433
5083 4 2 100001 100001  568 736 1035 569
5084 4 2 100001 100001  466 282 62 465
5085 4 2 100001 100001  1099 910 853 983
5086 4 2 100001 100001  671 1059 1084 951
5087 4 2 100001 100001  1100 374 1002 296
5088 4 2 100001 100001  826 605 947 827
5089 4 2 100001 100001  1077 1081 945 947
5090 4 2 100001 100001  613 666 945 614
5091 4 2 100001 100001  691 1135 523 524
5092 4 2 100001 100001  1106 543 544 771
5093 4 2 100001 100001  905 919 914 1064
5094 4 2 100001 100001  857 753 1047 851
5095 4 2 100001 100001  945 828 897 896
5096 4 2 100001 100001  658 605 606 947
5097 4 2 100001 100001  944 1076 946 1079
5098 4 2 100001 100001  1123 981 382 371
5099 4 2 100001 100001  33 435 257 32
5100 4 2 100001 100001  770 140 139 542
5101 4 2 100001 100001  435 434 257 32
5102 4 2 100001 100001  1099 852 759 760
5103 4 2 100001 100001  382 981 1123 1025
5104 4 2 100001 100001  1084 1059 671 1060
5105 4 2 100001 100001  1101 992 721 1027
5106 4 2 100001 100001  931 933 929 1056
5107 4 2 100001 100001  518 1045 800 749
5108 4 2 100001 100001  141 772 544 771
5109 4 2 100001 100001  1036 572 1053 797
5110 4 2 100001 100001  564 1057 789 565
5111 4 2 100001 100001  1053 572 1036 1010
5112 4 2 100001 100001  413 414 11 237
5113 4 2 100001 100001  1014 873 1021 1019
5114 4 2 100001 100001  337 336 930 323
5115 4 2 100001 100001  1108 1102 997 1002
5116 4 2 100001 100001  997 1102 1108 995
5117 4 2 100001 100001  952 670 443 444
5118 4 2 100001 100001  924 932 928 588
5119 4 2 100001 100001  930 336 337 931
5120 4 2 100001 100001  707 708 998 540
5121 4 2 100001 100001  1032 566 791 1052
5122 4 2 100001 100001  928 932 924 1070
5123 4 2 100001 100001  983 1099 986 853
5124 4 2 100001 100001  291 71 475 474
5125 4 2 100001 100001  1004 1038 396 1005
5126 4 2 100001 100001  998 708 707 992
5127 4 2 100001 100001  1005 786 983 1124
5128 4 2 100001 100001  1136 981 986 1125
5129 4 2 100001 100001  934 930 929 931
5130 4 2 100001 100001  648 1014 1086 1019
5131 4 2 100001 100001  60 281 463 464
5132 4 2 100001 100001  951 445 444 264
5133 4 2 100001 100001  1100 1049 988 990
5134 4 2 100001 100001  4 3 406 230
5135 4 2 100001 100001  638 926 925 923
5136 4 2 100001 100001  988 1049 1100 1003
5137 4 2 100001 100001  1121 1059 1022 942
5138 4 2 100001 100001  929 930 934 1032
5139 4 2 100001 100001  683 403 684 974
5140 4 2 100001 100001  678 626 679 1093
5141 4 2 100001 100001  678 968 626 1093
5142 4 2 100001 100001  56 57 279 459
5143 4 2 100001 100001  1016 1073 1019 1015
5144 4 2 100001 100001  1134 1044 1063 918
5145 4 2 100001 100001  902 843 959 844
5146 4 2 100001 100001  1045 857 800 850
5147 4 2 100001 100001  857 752 850 1045
5148 4 2 100001 100001  519 518 116 749
5149 4 2 100001 100001  543 141 544 771
5150 4 2 100001 100001  309 92 93 496
5151 4 2 100001 100001  1110 923 925 1069
5152 4 2 100001 100001  1124 785 1034 560
5153 4 2 100001 100001  719 1030 999 718
5154 4 2 100001 100001  1042 967 392 393
5155 4 2 100001 100001  1000 991 992 1029
5156 4 2 100001 100001  309 308 92 495
5157 4 2 100001 100001  385 396 391 1095
5158 4 2 100001 100001  824 198 602 199
5159 4 2 100001 100001  438 259 1080 439
5160 4 2 100001 100001  1079 945 1080 946
5161 4 2 100001 100001  651 425 1075 652
5162 4 2 100001 100001  949 614 945 667
5163 4 2 100001 100001  1007 334 326 325
5164 4 2 100001 100001  942 1058 655 943
5165 4 2 100001 100001  931 415 238 239
5166 4 2 100001 100001  869 1057 790 789
5167 4 2 100001 100001  1077 945 948 1080
5168 4 2 100001 100001  109 512 513 326
5169 4 2 100001 100001  666 667 440 1080
5170 4 2 100001 100001  774 550 147 549
5171 4 2 100001 100001  406 920 407 231
5172 4 2 100001 100001  5 4 407 231
5173 4 2 100001 100001  930 323 336 324
5174 4 2 100001 100001  671 952 670 1059
5175 4 2 100001 100001  954 620 673 621
5176 4 2 100001 100001  1046 694 695 527
5177 4 2 100001 100001  445 951 671 672
5178 4 2 100001 100001  695 694 1046 970
5179 4 2 100001 100001  1030 867 775 776
5180 4 2 100001 100001  1034 785 1124 904
5181 4 2 100001 100001  447 953 673 955
5182 4 2 100001 100001  1001 489 715 714
5183 4 2 100001 100001  1019 1073 1016 1119
5184 4 2 100001 100001  215 618 1060 619
5185 4 2 100001 100001  579 1012 632 743
5186 4 2 100001 100001  550 774 147 775
5187 4 2 100001 100001  110 109 513 326
5188 4 2 100001 100001  786 871 983 1124
5189 4 2 100001 100001  313 500 1033 1003
5190 4 2 100001 100001  773 145 547 548
5191 4 2 100001 100001  1065 902 959 844
5192 4 2 100001 100001  1020 1088 1013 1086
5193 4 2 100001 100001  632 1012 579 921
5194 4 2 100001 100001  641 642 934 589
5195 4 2 100001 100001  246 423 20 21
5196 4 2 100001 100001  245 19 422 421
5197 4 2 100001 100001  88 491 492 305
5198 4 2 100001 100001  245 365 1086 1085
5199 4 2 100001 100001  1016 1132 1040 1118
5200 4 2 100001 100001  1116 816 594 1117
5201 4 2 100001 100001  1128 1016 1040 1133
5202 4 2 100001 100001  1140 1020 961 1021
5203 4 2 100001 100001  490 489 715 1001
5204 4 2 100001 100001  868 774 1031 775
5205 4 2 100001 100001  772 142 544 545
5206 4 2 100001 100001  1015 1016 1040 1118
5207 4 2 100001 100001  1016 1015 1040 1133
5208 4 2 100001 100001  807 182 926 808
5209 4 2 100001 100001  146 774 147 549
5210 4 2 100001 100001  1016 1128 1040 1132
5211 4 2 100001 100001  734 1032 567 735
5212 4 2 100001 100001  961 1020 1140 1089
5213 4 2 100001 100001  989 702 703 535
5214 4 2 100001 100001  703 702 989 988
5215 4 2 100001 100001  18 244 421 19
5216 4 2 100001 100001  1032 934 1056 875
5217 4 2 100001 100001  697 979 696 529
5218 4 2 100001 100001  140 770 771 543
5219 4 2 100001 100001  333 1111 327 1112
5220 4 2 100001 100001  1116 816 815 594
5221 4 2 100001 100001  1033 1034 1026 1050
5222 4 2 100001 100001  1105 1030 999 1029
5223 4 2 100001 100001  682 683 975 630
5224 4 2 100001 100001  953 446 673 672
5225 4 2 100001 100001  1116 816 887 815
5226 4 2 100001 100001  510 930 735 736
5227 4 2 100001 100001  696 979 697 978
5228 4 2 100001 100001  837 836 892 1059
5229 4 2 100001 100001  1037 372 473 289
5230 4 2 100001 100001  1116 816 1117 887
5231 4 2 100001 100001  302 82 83 486
5232 4 2 100001 100001  647 420 1119 421
5233 4 2 100001 100001  1081 658 606 947
5234 4 2 100001 100001  730 1017 1109 1051
5235 4 2 100001 100001  951 445 953 672
5236 4 2 100001 100001  675 957 622 623
5237 4 2 100001 100001  563 562 787 1051
5238 4 2 100001 100001  1091 679 452 453
5239 4 2 100001 100001  920 406 230 231
5240 4 2 100001 100001  622 957 675 674
5241 4 2 100001 100001  955 1061 1084 954
5242 4 2 100001 100001  1044 915 918 1043
5243 4 2 100001 100001  1084 1061 955 1138
5244 4 2 100001 100001  151 152 554 779
5245 4 2 100001 100001  1015 1118 1018 887
5246 4 2 100001 100001  963 978 1090 697
5247 4 2 100001 100001  965 342 360 274
5248 4 2 100001 100001  360 342 965 978
5249 4 2 100001 100001  872 911 886 1066
5250 4 2 100001 100001  1018 1118 1015 1040
5251 4 2 100001 100001  1090 978 963 962
5252 4 2 100001 100001  943 655 656 603
5253 4 2 100001 100001  656 655 943 942
5254 4 2 100001 100001  887 1015 1118 1117
5255 4 2 100001 100001  582 583 804 179
5256 4 2 100001 100001  605 202 606 827
5257 4 2 100001 100001  1084 1059 1060 1058
5258 4 2 100001 100001  986 1048 904 761
5259 4 2 100001 100001  207 830 611 610
5260 4 2 100001 100001  904 1048 986 1136
5261 4 2 100001 100001  1121 952 942 348
5262 4 2 100001 100001  1121 265 951 264
5263 4 2 100001 100001  957 1062 960 1024
5264 4 2 100001 100001  773 144 546 547
5265 4 2 100001 100001  193 596 818 597
5266 4 2 100001 100001  1121 347 264 348
5267 4 2 100001 100001  873 1014 817 595
5268 4 2 100001 100001  804 583 582 921
5269 4 2 100001 100001  1027 496 310 497
5270 4 2 100001 100001  1121 265 264 347
5271 4 2 100001 100001  572 740 1010 573
5272 4 2 100001 100001  877 1008 1070 928
5273 4 2 100001 100001  310 496 1027 1101
5274 4 2 100001 100001  1132 1020 1117 1016
5275 4 2 100001 100001  461 330 229 114
5276 4 2 100001 100001  635 920 1137 409
5277 4 2 100001 100001  573 1053 1011 1010
5278 4 2 100001 100001  1100 1003 1049 1108
5279 4 2 100001 100001  1117 1020 1132 1064
5280 4 2 100001 100001  182 586 926 808
5281 4 2 100001 100001  387 332 1011 233
5282 4 2 100001 100001  1117 1132 1016 1118
5283 4 2 100001 100001  672 619 620 1084
5284 4 2 100001 100001  974 1045 800 575
5285 4 2 100001 100001  681 965 454 680
5286 4 2 100001 100001  65 66 285 469
5287 4 2 100001 100001  698 530 963 697
5288 4 2 100001 100001  454 965 681 964
5289 4 2 100001 100001  1056 939 813 591
5290 4 2 100001 100001  375 376 993 297
5291 4 2 100001 100001  993 376 375 1027
5292 4 2 100001 100001  834 944 1083 949
5293 4 2 100001 100001  596 1085 597 649
5294 4 2 100001 100001  597 1085 596 960
5295 4 2 100001 100001  654 655 1058 602
5296 4 2 100001 100001  1058 1120 655 654
5297 4 2 100001 100001  1083 944 834 950
5298 4 2 100001 100001  47 269 450 270
5299 4 2 100001 100001  655 1120 1058 942
5300 4 2 100001 100001  856 898 979 855
5301 4 2 100001 100001  829 948 897 830
5302 4 2 100001 100001  276 964 366 275
5303 4 2 100001 100001  579 578 1012 743
5304 4 2 100001 100001  920 635 408 409
5305 4 2 100001 100001  382 1025 315 316
5306 4 2 100001 100001  244 1086 421 245
5307 4 2 100001 100001  871 785 904 1124
5308 4 2 100001 100001  407 920 408 231
5309 4 2 100001 100001  1122 382 373 1123
5310 4 2 100001 100001  905 914 1021 1064
5311 4 2 100001 100001  421 1086 244 1119
5312 4 2 100001 100001  681 964 965 966
5313 4 2 100001 100001  212 950 1083 834
5314 4 2 100001 100001  647 1073 1019 1119
5315 4 2 100001 100001  899 912 916 1065
5316 4 2 100001 100001  1106 542 710 543
5317 4 2 100001 100001  1012 578 579 802
5318 4 2 100001 100001  255 351 1077 352
5319 4 2 100001 100001  235 236 925 412
5320 4 2 100001 100001  941 1076 942 952
5321 4 2 100001 100001  998 864 996 767
5322 4 2 100001 100001  582 804 921 178
5323 4 2 100001 100001  838 619 1060 1084
5324 4 2 100001 100001  252 942 349 348
5325 4 2 100001 100001  191 594 190 816
5326 4 2 100001 100001  1106 542 1105 710
5327 4 2 100001 100001  176 803 177 580
5328 4 2 100001 100001  1106 542 770 1105
5329 4 2 100001 100001  256 434 1082 433
5330 4 2 100001 100001  323 322 930 337
5331 4 2 100001 100001  996 864 998 1028
5332 4 2 100001 100001  330 329 1113 384
5333 4 2 100001 100001  658 1081 432 1077
5334 4 2 100001 100001  928 1007 927 1008
5335 4 2 100001 100001  927 1007 928 1069
5336 4 2 100001 100001  724 557 558 1108
5337 4 2 100001 100001  826 604 947 605
5338 4 2 100001 100001  874 790 1052 791
5339 4 2 100001 100001  1106 542 543 770
5340 4 2 100001 100001  769 1105 1029 866
5341 4 2 100001 100001  146 774 549 548
5342 4 2 100001 100001  603 824 602 199
5343 4 2 100001 100001  75 478 295 294
5344 4 2 100001 100001  768 769 1029 865
5345 4 2 100001 100001  939 935 1056 1057
5346 4 2 100001 100001  508 509 929 734
5347 4 2 100001 100001  840 954 622 218
5348 4 2 100001 100001  875 1032 792 791
5349 4 2 100001 100001  498 311 1002 312
5350 4 2 100001 100001  1100 374 388 1002
5351 4 2 100001 100001  498 497 311 94
5352 4 2 100001 100001  310 497 94 311
5353 4 2 100001 100001  184 185 588 810
5354 4 2 100001 100001  1029 769 768 1000
5355 4 2 100001 100001  924 932 588 641
5356 4 2 100001 100001  1078 943 944 942
5357 4 2 100001 100001  1029 1105 769 1000
5358 4 2 100001 100001  1083 212 615 616
5359 4 2 100001 100001  923 638 411 925
5360 4 2 100001 100001  1110 333 1112 1111
5361 4 2 100001 100001  765 766 995 862
5362 4 2 100001 100001  702 989 534 535
5363 4 2 100001 100001  944 943 1078 947
5364 4 2 100001 100001  1111 513 326 327
5365 4 2 100001 100001  943 656 657 604
5366 4 2 100001 100001  1056 643 644 591
5367 4 2 100001 100001  962 965 342 978
5368 4 2 100001 100001  963 979 978 697
5369 4 2 100001 100001  124 754 527 526
5370 4 2 100001 100001  342 965 962 1091
5371 4 2 100001 100001  139 770 542 1000
5372 4 2 100001 100001  959 960 1013 958
5373 4 2 100001 100001  530 128 758 127
5374 4 2 100001 100001  978 979 963 969
5375 4 2 100001 100001  1111 513 514 739
5376 4 2 100001 100001  513 1111 738 739
5377 4 2 100001 100001  1124 982 1025 1125
5378 4 2 100001 100001  477 988 294 293
5379 4 2 100001 100001  1000 708 709 541
5380 4 2 100001 100001  1123 1136 987 1026
5381 4 2 100001 100001  1136 1034 1025 1125
5382 4 2 100001 100001  637 636 922 410
5383 4 2 100001 100001  1098 985 986 1099
5384 4 2 100001 100001  595 1014 648 1019
5385 4 2 100001 100001  985 531 532 759
5386 4 2 100001 100001  218 841 219 622
5387 4 2 100001 100001  978 965 1094 969
5388 4 2 100001 100001  531 129 532 759
5389 4 2 100001 100001  453 51 274 454
5390 4 2 100001 100001  1058 653 654 601
5391 4 2 100001 100001  654 653 1058 1022
5392 4 2 100001 100001  1091 678 452 679
5393 4 2 100001 100001  935 592 591 644
5394 4 2 100001 100001  678 961 452 451
5395 4 2 100001 100001  992 378 299 377
5396 4 2 100001 100001  709 708 1000 991
5397 4 2 100001 100001  943 656 1078 657
5398 4 2 100001 100001  1013 960 959 1014
5399 4 2 100001 100001  1046 693 694 526
5400 4 2 100001 100001  1033 500 726 725
5401 4 2 100001 100001  330 461 1012 517
5402 4 2 100001 100001  962 965 978 969
5403 4 2 100001 100001  1078 656 943 942
5404 4 2 100001 100001  651 1139 1075 1074
5405 4 2 100001 100001  613 614 945 832
5406 4 2 100001 100001  329 330 517 113
5407 4 2 100001 100001  514 740 515 1112
5408 4 2 100001 100001  1073 1015 1116 1019
5409 4 2 100001 100001  183 586 808 587
5410 4 2 100001 100001  694 693 1046 970
5411 4 2 100001 100001  1016 1086 1119 389
5412 4 2 100001 100001  1007 1069 925 928
5413 4 2 100001 100001  235 923 411 925
5414 4 2 100001 100001  637 923 411 410
5415 4 2 100001 100001  500 1033 726 501
5416 4 2 100001 100001  309 310 376 1101
5417 4 2 100001 100001  1119 1086 1016 1019
5418 4 2 100001 100001  468 65 64 284
5419 4 2 100001 100001  959 961 677 958
5420 4 2 100001 100001  811 934 876 875
5421 4 2 100001 100001  1091 342 359 399
5422 4 2 100001 100001  255 1077 256 352
5423 4 2 100001 100001  949 1079 944 946
5424 4 2 100001 100001  978 980 1094 971
5425 4 2 100001 100001  1037 372 289 369
5426 4 2 100001 100001  970 1046 1094 975
5427 4 2 100001 100001  299 300 483 80
5428 4 2 100001 100001  767 998 994 996
5429 4 2 100001 100001  236 413 925 412
5430 4 2 100001 100001  257 1082 258 353
5431 4 2 100001 100001  466 282 63 62
5432 4 2 100001 100001  944 1079 949 947
5433 4 2 100001 100001  1082 256 353 257
5434 4 2 100001 100001  622 841 840 218
5435 4 2 100001 100001  840 841 622 957
5436 4 2 100001 100001  758 963 531 530
5437 4 2 100001 100001  992 378 991 299
5438 4 2 100001 100001  301 1104 380 379
5439 4 2 100001 100001  382 371 981 356
5440 4 2 100001 100001  701 533 534 1048
5441 4 2 100001 100001  961 1088 1089 358
5442 4 2 100001 100001  983 1098 1125 986
5443 4 2 100001 100001  1005 729 728 503
5444 4 2 100001 100001  1099 1098 983 986
5445 4 2 100001 100001  298 299 377 992
5446 4 2 100001 100001  713 1031 1001 746
5447 4 2 100001 100001  1090 288 369 289
5448 4 2 100001 100001  1031 713 546 746
5449 4 2 100001 100001  719 720 999 1126
5450 4 2 100001 100001  489 86 303 304
5451 4 2 100001 100001  427 25 251 428
5452 4 2 100001 100001  970 468 694 693
5453 4 2 100001 100001  614 945 832 833
5454 4 2 100001 100001  1090 962 399 367
5455 4 2 100001 100001  123 754 124 526
5456 4 2 100001 100001  755 124 527 125
5457 4 2 100001 100001  991 378 992 999
5458 4 2 100001 100001  256 30 31 433
5459 4 2 100001 100001  531 963 758 858
5460 4 2 100001 100001  12 414 238 237
5461 4 2 100001 100001  414 12 11 237
5462 4 2 100001 100001  1066 911 886 887
5463 4 2 100001 100001  239 931 338 337
5464 4 2 100001 100001  962 342 399 367
5465 4 2 100001 100001  752 121 524 122
5466 4 2 100001 100001  1085 246 365 345
5467 4 2 100001 100001  502 99 316 503
5468 4 2 100001 100001  1024 957 1061 956
5469 4 2 100001 100001  959 961 1020 1021
5470 4 2 100001 100001  269 958 270 357
5471 4 2 100001 100001  931 322 929 338
5472 4 2 100001 100001  212 950 213 616
5473 4 2 100001 100001  1022 1023 1058 1084
5474 4 2 100001 100001  1037 698 963 1090
5475 4 2 100001 100001  1117 816 873 905
5476 4 2 100001 100001  929 322 931 930
5477 4 2 100001 100001  666 945 948 613
5478 4 2 100001 100001  916 912 1063 1065
5479 4 2 100001 100001  235 236 412 10
5480 4 2 100001 100001  913 905 1041 917
5481 4 2 100001 100001  948 945 666 1080
5482 4 2 100001 100001  213 950 212 835
5483 4 2 100001 100001  1083 834 615 212
5484 4 2 100001 100001  615 834 1083 949
5485 4 2 100001 100001  1042 402 1128 401
5486 4 2 100001 100001  637 584 585 1055
5487 4 2 100001 100001  945 666 667 614
5488 4 2 100001 100001  1110 1011 1010 1112
5489 4 2 100001 100001  1053 882 798 799
5490 4 2 100001 100001  269 47 450 449
5491 4 2 100001 100001  878 795 1008 927
5492 4 2 100001 100001  1006 563 788 1018
5493 4 2 100001 100001  582 634 581 921
5494 4 2 100001 100001  578 175 579 802
5495 4 2 100001 100001  426 652 653 1022
5496 4 2 100001 100001  846 224 627 966
5497 4 2 100001 100001  1053 1127 881 1054
5498 4 2 100001 100001  235 9 10 412
5499 4 2 100001 100001  1027 310 376 375
5500 4 2 100001 100001  1053 1054 881 882
5501 4 2 100001 100001  9 235 411 412
5502 4 2 100001 100001  1012 577 578 801
5503 4 2 100001 100001  974 857 1045 1047
5504 4 2 100001 100001  1127 923 1010 1069
5505 4 2 100001 100001  174 175 578 802
5506 4 2 100001 100001  1030 1106 1107 1031
5507 4 2 100001 100001  794 878 795 1008
5508 4 2 100001 100001  1110 1007 925 334
5509 4 2 100001 100001  1069 1007 1009 927
5510 4 2 100001 100001  354 955 940 1022
5511 4 2 100001 100001  1107 1106 1001 1031
5512 4 2 100001 100001  1106 1030 1107 999
5513 4 2 100001 100001  1105 991 1000 1029
5514 4 2 100001 100001  998 1000 1029 768
$EndElements
