$MeshFormat
2.000000 0 8
$EndMeshFormat
$Nodes
774
1 2.422650 -1.976068 0.000000
2 2.207141 -1.851644 0.000000
3 1.991633 -1.727220 0.000000
4 1.776124 -1.602796 0.000000
5 1.560616 -1.478372 0.000000
6 1.345107 -1.353948 0.000000
7 1.129598 -1.229524 0.000000
8 0.914090 -1.105100 0.000000
9 0.698581 -0.980676 0.000000
10 0.483020 -0.856349 0.000000
11 0.253640 -0.761244 0.000000
12 0.007641 -0.727765 0.000000
13 -0.238720 -0.757879 0.000000
14 -0.469285 -0.849576 0.000000
15 -0.685318 -0.973019 0.000000
16 -0.900826 -1.097443 0.000000
17 -1.116335 -1.221867 0.000000
18 -1.331844 -1.346291 0.000000
19 -1.547352 -1.470715 0.000000
20 -1.762861 -1.595139 0.000000
21 -1.978370 -1.719562 0.000000
22 -2.193878 -1.843986 0.000000
23 -2.409387 -1.968410 0.000000
24 -2.645747 -2.036263 0.000000
25 -2.884751 -1.985239 0.000000
26 -3.073267 -1.829994 0.000000
27 -3.168069 -1.603702 0.000000
28 -3.129790 -1.361283 0.000000
29 -2.985015 -1.164735 0.000000
30 -2.778978 -1.027093 0.000000
31 -2.563469 -0.902669 0.000000
32 -2.347961 -0.778245 0.000000
33 -2.132452 -0.653821 0.000000
34 -1.916943 -0.529397 0.000000
35 -1.701435 -0.404973 0.000000
36 -1.485926 -0.280549 0.000000
37 -1.270417 -0.156125 0.000000
38 -1.054909 -0.031701 0.000000
39 -0.848441 0.106272 0.000000
40 -0.680168 0.288295 0.000000
41 -0.563646 0.507130 0.000000
42 -0.506536 0.748429 0.000000
43 -0.500000 0.997063 0.000000
44 -0.500000 1.245911 0.000000
45 -0.500000 1.494759 0.000000
46 -0.500000 1.743607 0.000000
47 -0.500000 1.992454 0.000000
48 -0.500000 2.241302 0.000000
49 -0.500000 2.490150 0.000000
50 -0.500000 2.738998 0.000000
51 -0.500000 2.987846 0.000000
52 -0.470623 3.233801 0.000000
53 -0.345861 3.444803 0.000000
54 -0.129544 3.560343 0.000000
55 0.114523 3.563330 0.000000
56 0.333127 3.453312 0.000000
57 0.467635 3.248821 0.000000
58 0.500000 3.003161 0.000000
59 0.500000 2.754313 0.000000
60 0.500000 2.505465 0.000000
61 0.500000 2.256617 0.000000
62 0.500000 2.007769 0.000000
63 0.500000 1.758922 0.000000
64 0.500000 1.510074 0.000000
65 0.500000 1.261226 0.000000
66 0.500000 1.012378 0.000000
67 0.505535 0.763711 0.000000
68 0.558723 0.521633 0.000000
69 0.671659 0.301029 0.000000
70 0.836927 0.116369 0.000000
71 1.041645 -0.024044 0.000000
72 1.257154 -0.148468 0.000000
73 1.472663 -0.272891 0.000000
74 1.688171 -0.397315 0.000000
75 1.903680 -0.521739 0.000000
76 2.119189 -0.646163 0.000000
77 2.334697 -0.770587 0.000000
78 2.550206 -0.895011 0.000000
79 2.765715 -1.019435 0.000000
80 2.973500 -1.154637 0.000000
81 3.123017 -1.347548 0.000000
82 3.167068 -1.588420 0.000000
83 3.083365 -1.818480 0.000000
84 2.898487 -1.978465 0.000000
85 2.661029 -2.035262 0.000000
86 -0.500000 3.086110 1.000000
87 -0.432074 3.322150 1.000000
88 -0.264158 3.499396 1.000000
89 -0.033168 3.579513 1.000000
90 0.207921 3.536972 1.000000
91 0.394498 3.378386 1.000000
92 0.486805 3.152445 1.000000
93 0.500000 2.904897 1.000000
94 0.500000 2.656049 1.000000
95 0.500000 2.407201 1.000000
96 0.500000 2.158353 1.000000
97 0.500000 1.909505 1.000000
98 0.500000 1.660657 1.000000
99 0.500000 1.411809 1.000000
100 0.500000 1.162961 1.000000
101 0.500000 0.914114 1.000000
102 0.519242 0.666616 1.000000
103 0.596528 0.431159 1.000000
104 0.731108 0.223052 1.000000
105 0.914161 0.055951 1.000000
106 1.126745 -0.073176 1.000000
107 1.342253 -0.197600 1.000000
108 1.557762 -0.322024 1.000000
109 1.773271 -0.446448 1.000000
110 1.988779 -0.570872 1.000000
111 2.204288 -0.695295 1.000000
112 2.419797 -0.819719 1.000000
113 2.635305 -0.944143 1.000000
114 2.850814 -1.068567 1.000000
115 3.047379 -1.219427 1.000000
116 3.157220 -1.438159 1.000000
117 3.143196 -1.682485 1.000000
118 3.018575 -1.892359 1.000000
119 2.810356 -2.021926 1.000000
120 2.565242 -2.024472 1.000000
121 2.337551 -1.926936 1.000000
122 2.122042 -1.802512 1.000000
123 1.906534 -1.678088 1.000000
124 1.691025 -1.553664 1.000000
125 1.475516 -1.429240 1.000000
126 1.260008 -1.304816 1.000000
127 1.044499 -1.180392 1.000000
128 0.828990 -1.055968 1.000000
129 0.613482 -0.931544 1.000000
130 0.394890 -0.812889 1.000000
131 0.157365 -0.741697 1.000000
132 -0.090413 -0.733190 1.000000
133 -0.332187 -0.787908 1.000000
134 -0.554908 -0.897727 1.000000
135 -0.770417 -1.022151 1.000000
136 -0.985926 -1.146575 1.000000
137 -1.201434 -1.270999 1.000000
138 -1.416943 -1.395423 1.000000
139 -1.632452 -1.519847 1.000000
140 -1.847960 -1.644271 1.000000
141 -2.063469 -1.768695 1.000000
142 -2.278977 -1.893119 1.000000
143 -2.501197 -2.002731 1.000000
144 -2.743801 -2.029837 1.000000
145 -2.972882 -1.941778 1.000000
146 -3.121455 -1.746530 1.000000
147 -3.161643 -1.505649 1.000000
148 -3.086329 -1.273153 1.000000
149 -2.909387 -1.102385 1.000000
150 -2.693879 -0.977961 1.000000
151 -2.478370 -0.853537 1.000000
152 -2.262861 -0.729113 1.000000
153 -2.047353 -0.604689 1.000000
154 -1.831844 -0.480265 1.000000
155 -1.616335 -0.355841 1.000000
156 -1.400827 -0.231417 1.000000
157 -1.185318 -0.106993 1.000000
158 -0.970397 0.018375 1.000000
159 -0.775703 0.172202 1.000000
160 -0.626442 0.370500 1.000000
161 -0.532437 0.600281 1.000000
162 -0.500110 0.846482 1.000000
163 -0.500000 1.095327 1.000000
164 -0.500000 1.344175 1.000000
165 -0.500000 1.593023 1.000000
166 -0.500000 1.841870 1.000000
167 -0.500000 2.090718 1.000000
168 -0.500000 2.339566 1.000000
169 -0.500000 2.588414 1.000000
170 -0.500000 2.837262 1.000000
171 2.450439 -1.704957 0.000000
172 2.235868 -1.581325 0.000000
173 2.021138 -1.456413 0.000000
174 1.805403 -1.331252 0.000000
175 1.588398 -1.205568 0.000000
176 1.369380 -1.078730 0.000000
177 1.146540 -0.949708 0.000000
178 0.915834 -0.818141 0.000000
179 0.670440 -0.701028 0.000000
180 0.408794 -0.606790 0.000000
181 0.140684 -0.547405 0.000000
182 -0.136979 -0.543725 0.000000
183 -0.418072 -0.589487 0.000000
184 -0.680819 -0.688701 0.000000
185 -0.918800 -0.819783 0.000000
186 -1.144641 -0.949418 0.000000
187 -1.365100 -1.076718 0.000000
188 -1.582933 -1.202671 0.000000
189 -1.799314 -1.327965 0.000000
190 -2.014651 -1.453055 0.000000
191 -2.228970 -1.578258 0.000000
192 -2.442832 -1.702991 0.000000
193 -2.662095 -1.819409 0.000000
194 -2.893560 -1.705320 0.000000
195 -2.924913 -1.454512 0.000000
196 -2.729383 -1.303682 0.000000
197 -2.520883 -1.171526 0.000000
198 -2.307261 -1.045072 0.000000
199 -2.091946 -0.919862 0.000000
200 -1.875530 -0.794777 0.000000
201 -1.657689 -0.669311 0.000000
202 -1.437334 -0.542898 0.000000
203 -1.212263 -0.414367 0.000000
204 -0.980007 -0.279877 0.000000
205 -0.758527 -0.119834 0.000000
206 -0.576440 0.081675 0.000000
207 -0.434272 0.303076 0.000000
208 -0.335316 0.542430 0.000000
209 -0.225713 0.805713 0.000000
210 2.671230 -1.817552 0.000000
211 -0.240354 1.098306 0.000000
212 -0.246266 1.361956 0.000000
213 -0.248696 1.616798 0.000000
214 -0.249974 1.867924 0.000000
215 -0.251324 2.116792 0.000000
216 -0.254026 2.363197 0.000000
217 -0.260211 2.605423 0.000000
218 -0.271005 2.840960 0.000000
219 -0.250191 3.075771 0.000000
220 -0.181002 3.298382 0.000000
221 0.067099 3.356565 0.000000
222 0.256182 3.177365 0.000000
223 0.205366 2.907657 0.000000
224 0.237693 2.630936 0.000000
225 0.246052 2.376568 0.000000
226 0.248696 2.126406 0.000000
227 0.249733 1.876575 0.000000
228 0.250567 1.625846 0.000000
229 0.252370 1.373360 0.000000
230 0.257877 1.118139 0.000000
231 0.275886 0.859394 0.000000
232 0.316322 0.589222 0.000000
233 0.411789 0.327721 0.000000
234 0.571050 0.091436 0.000000
235 0.777733 -0.088350 0.000000
236 0.990862 -0.253294 0.000000
237 1.201084 -0.404224 0.000000
238 1.426702 -0.536434 0.000000
239 1.648767 -0.664195 0.000000
240 1.867693 -0.790260 0.000000
241 2.084728 -0.915571 0.000000
242 2.300451 -1.040719 0.000000
243 2.514546 -1.166695 0.000000
244 2.724175 -1.297446 0.000000
245 2.922080 -1.445424 0.000000
246 2.899112 -1.697865 0.000000
247 2.479678 -1.437240 0.000000
248 1.835418 -1.060111 0.000000
249 1.616485 -0.933593 0.000000
250 1.393417 -0.804884 0.000000
251 1.160848 -0.670895 0.000000
252 0.896470 -0.520569 0.000000
253 0.298338 -0.361476 0.000000
254 0.000284 -0.335876 0.000000
255 -0.933189 -0.543348 0.000000
256 -1.618933 -0.935205 0.000000
257 -1.836606 -1.060981 0.000000
258 -2.052588 -1.186338 0.000000
259 -2.266954 -1.311962 0.000000
260 -2.478852 -1.438959 0.000000
261 -2.687183 -1.568960 0.000000
262 2.689545 -1.565108 0.000000
263 0.007154 1.233893 0.000000
264 -1.172508 -0.678771 0.000000
265 -0.456173 -0.140002 0.000000
266 -0.176543 0.324451 0.000000
267 0.485804 -0.161061 0.000000
268 -0.299170 0.090147 0.000000
269 0.580581 -0.446158 0.000000
270 0.002403 1.492034 0.000000
271 0.000497 1.745303 0.000000
272 -0.000839 1.995733 0.000000
273 -0.003080 2.243952 0.000000
274 -0.008642 2.488992 0.000000
275 -0.023394 2.725811 0.000000
276 -0.063295 2.935573 0.000000
277 0.009456 3.131599 0.000000
278 0.071639 0.698674 0.000000
279 0.021353 0.967468 0.000000
280 0.115237 0.383986 0.000000
281 0.283641 0.103233 0.000000
282 0.747226 -0.298824 0.000000
283 2.267003 -1.311114 0.000000
284 2.052094 -1.185694 0.000000
285 -0.302278 -0.350386 0.000000
286 -0.647465 -0.388735 0.000000
287 -1.398508 -0.808260 0.000000
288 -0.106170 0.552138 0.000000
289 -0.009740 0.111002 0.000000
290 0.151335 -0.123655 0.000000
291 -0.151980 -0.123246 0.000000
292 -0.500000 2.715016 0.738539
293 2.321428 -1.917627 0.203290
294 2.099953 -1.789759 0.227457
295 1.877768 -1.661480 0.248419
296 1.655209 -1.532986 0.250454
297 1.435745 -1.406278 0.250351
298 1.218208 -1.280683 0.250179
299 1.001687 -1.155675 0.250086
300 0.785699 -1.030974 0.250050
301 0.570011 -0.906447 0.250072
302 0.348128 -0.793319 0.250228
303 0.106032 -0.734214 0.250328
304 -0.142209 -0.738682 0.250217
305 -0.380991 -0.806034 0.250087
306 -0.599639 -0.923552 0.250002
307 -0.814750 -1.047746 0.249984
308 -1.030036 -1.172042 0.249985
309 -1.245403 -1.296384 0.249985
310 -1.460785 -1.420735 0.249980
311 -1.676125 -1.545062 0.249967
312 -1.891340 -1.669316 0.249942
313 -2.106280 -1.793412 0.249900
314 -2.320629 -1.917166 0.249869
315 -2.545794 -2.017870 0.250043
316 -2.790361 -2.026785 0.249715
317 -3.005381 -1.907404 0.249599
318 -3.136931 -1.700940 0.249814
319 -3.158532 -1.458184 0.249808
320 -3.060599 -1.231020 0.249899
321 -2.864915 -1.076708 0.249903
322 -2.649623 -0.952410 0.249930
323 -2.434261 -0.828071 0.249963
324 -2.218846 -0.703701 0.249981
325 -2.003400 -0.579313 0.249988
326 -1.787950 -0.454922 0.249987
327 -1.572519 -0.330544 0.249980
328 -1.357150 -0.206200 0.249964
329 -1.141913 -0.081933 0.249935
330 -0.929068 0.045990 0.249943
331 -0.742640 0.209903 0.249920
332 -0.604449 0.415097 0.249896
333 -0.522548 0.649995 0.250010
334 -0.500000 0.897833 0.250000
335 2.544246 -2.017344 0.188789
336 -0.500000 1.146643 0.249997
337 -0.500000 1.395737 0.249995
338 -0.500000 1.645195 0.249944
339 -0.500000 1.895225 0.249735
340 -0.500000 2.146129 0.249020
341 -0.500000 2.397810 0.246598
342 -0.500000 2.646572 0.237432
343 -0.500000 2.868072 0.195536
344 -0.498471 3.093797 0.250921
345 -0.420730 3.339127 0.262225
346 -0.236528 3.517857 0.255611
347 0.007202 3.584677 0.252070
348 0.245667 3.511751 0.250810
349 0.420805 3.339014 0.250293
350 0.496787 3.102262 0.250116
351 0.500000 2.853688 0.249980
352 0.500000 2.605059 0.249977
353 0.500000 2.356338 0.249986
354 0.500000 2.107562 0.249992
355 0.500000 1.858764 0.249994
356 0.500000 1.609962 0.249993
357 0.500000 1.361181 0.249991
358 0.500000 1.112450 0.249990
359 0.500000 0.863850 0.250008
360 0.529135 0.616883 0.250052
361 0.619025 0.385540 0.249980
362 0.765024 0.184378 0.250004
363 0.956928 0.027375 0.249963
364 1.171025 -0.098741 0.249980
365 1.386393 -0.223083 0.249994
366 1.601863 -0.347485 0.250009
367 1.817405 -0.471928 0.250031
368 2.033041 -0.596426 0.250076
369 2.248830 -0.721012 0.250180
370 2.464921 -0.845772 0.250433
371 2.681619 -0.970883 0.251071
372 2.899586 -1.096726 0.252767
373 3.085130 -1.270721 0.256843
374 3.162564 -1.519704 0.265713
375 3.110822 -1.777853 0.267380
376 2.943391 -1.956321 0.229660
377 2.759975 -2.028776 0.159404
378 -0.477321 3.200126 0.804667
379 -0.381874 3.397278 0.762529
380 -0.188987 3.548518 0.753142
381 0.058494 3.574475 0.750676
382 0.288390 3.483204 0.750084
383 0.449887 3.295491 0.749931
384 0.500000 3.052789 0.749891
385 0.500000 2.804506 0.750003
386 0.500000 2.555926 0.750013
387 0.500000 2.307213 0.750009
388 0.500000 2.058437 0.750006
389 0.500000 1.809640 0.750005
390 0.500000 1.560841 0.750006
391 0.500000 1.312070 0.750010
392 0.500000 1.063370 0.750015
393 0.502186 0.814801 0.750019
394 0.542505 0.569408 0.750056
395 0.643722 0.342841 0.750072
396 0.799525 0.149170 0.750109
397 0.998337 0.000961 0.750025
398 1.213544 -0.123289 0.750020
399 1.428929 -0.247642 0.750012
400 1.644409 -0.372049 0.750009
401 1.859958 -0.496496 0.750011
402 2.075597 -0.620996 0.750027
403 2.291378 -0.745577 0.750082
404 2.507422 -0.870310 0.750241
405 2.723935 -0.995314 0.750672
406 2.939126 -1.124491 0.751772
407 3.105909 -1.312856 0.754974
408 3.165087 -1.558196 0.766464
409 3.110011 -1.780245 0.810480
410 2.964484 -1.945919 0.764069
411 2.721577 -2.031293 0.773389
412 2.467387 -1.991254 0.793202
413 2.249657 -1.876190 0.803726
414 2.036835 -1.753318 0.781342
415 1.828765 -1.633188 0.753501
416 1.610510 -1.507179 0.749981
417 1.392404 -1.381255 0.749721
418 1.175342 -1.255934 0.749813
419 0.959009 -1.131035 0.749900
420 -0.500000 2.974860 0.749657
421 0.743113 -1.006387 0.749956
422 0.527510 -0.881908 0.749977
423 0.301441 -0.777471 0.749980
424 0.056782 -0.730986 0.750114
425 -0.190591 -0.748306 0.750175
426 -0.425232 -0.827852 0.750147
427 -0.642176 -0.948111 0.750113
428 -0.857277 -1.072300 0.750060
429 -1.072567 -1.196597 0.750032
430 -1.287935 -1.320940 0.750021
431 -1.503316 -1.445290 0.750021
432 -1.718650 -1.569614 0.750031
433 -1.933864 -1.693867 0.750054
434 -2.148842 -1.817985 0.750093
435 -2.363406 -1.941863 0.750118
436 -2.593294 -2.033994 0.750064
437 -2.836905 -2.008834 0.749648
438 -3.038346 -1.869814 0.749723
439 -3.153029 -1.653518 0.749912
440 -3.153005 -1.408358 0.749534
441 -3.022819 -1.197889 0.749411
442 -2.822058 -1.051965 0.749867
443 -2.607006 -0.927805 0.749977
444 -2.391706 -0.803501 0.749999
445 -2.176301 -0.679137 0.750003
446 -1.960858 -0.554751 0.750005
447 -1.745407 -0.430361 0.750006
448 -1.529981 -0.305984 0.750008
449 -1.314610 -0.181640 0.750010
450 -1.099360 -0.057365 0.749997
451 -0.888038 0.073406 0.749937
452 -0.710130 0.246974 0.749934
453 -0.582629 0.459345 0.749740
454 -0.512933 0.698333 0.749804
455 -0.500000 0.946896 0.749938
456 -0.500000 1.195803 0.749939
457 -0.500000 1.445006 0.749860
458 -0.500000 1.694675 0.749654
459 -0.500000 1.945235 0.749134
460 -0.500000 2.197570 0.747810
461 -0.500000 2.453404 0.744562
462 2.453131 -1.986415 0.391822
463 1.991594 -1.727198 0.499920
464 1.750620 -1.588071 0.500347
465 1.526025 -1.458401 0.500058
466 1.306510 -1.331664 0.499978
467 1.089085 -1.206134 0.499974
468 0.872652 -1.081176 0.499988
469 0.656735 -0.956517 0.500013
470 0.439374 -0.834825 0.500099
471 0.204471 -0.751067 0.500228
472 -0.043790 -0.730134 0.500338
473 -0.287928 -0.772884 0.500262
474 -0.513905 -0.874053 0.500116
475 -0.728653 -0.998038 0.500049
476 -0.943750 -1.122225 0.500020
477 -1.159018 -1.246510 0.500008
478 -1.374349 -1.370831 0.500002
479 -1.589658 -1.495140 0.499998
480 -1.804856 -1.619384 0.499997
481 -2.019800 -1.743482 0.499996
482 -2.234236 -1.867287 0.499990
483 -2.450715 -1.985595 0.499938
484 -2.690731 -2.033315 0.499801
485 -2.924274 -1.965748 0.499597
486 -3.102804 -1.796314 0.499590
487 -3.165072 -1.557970 0.499493
488 -3.109363 -1.319861 0.499438
489 -2.947505 -1.131839 0.499784
490 -2.735724 -1.002120 0.499895
491 -2.520554 -0.877892 0.499954
492 -2.305232 -0.753576 0.499982
493 -2.089831 -0.629214 0.499992
494 -1.874405 -0.504838 0.499995
495 -1.658987 -0.380466 0.499993
496 -1.443624 -0.256126 0.499988
497 -1.228374 -0.131852 0.499973
498 -1.013346 -0.007705 0.499938
499 -0.812321 0.137948 0.499882
500 -0.653763 0.327813 0.499743
501 -0.548076 0.552998 0.499802
502 -0.503283 0.798072 0.499904
503 -0.330343 3.455172 0.510679
504 -0.500000 1.046957 0.499964
505 -0.500000 1.296041 0.499943
506 -0.500000 1.545576 0.499844
507 -0.500000 1.795897 0.499555
508 -0.500000 2.047769 0.498733
509 -0.500000 2.303023 0.496381
510 -0.500000 2.567197 0.489309
511 -0.500000 2.867158 0.463173
512 -0.477776 3.197841 0.537282
513 0.153526 3.555572 0.501151
514 0.364904 3.422675 0.500180
515 0.477230 3.200584 0.499784
516 0.500000 2.953014 0.499955
517 0.500000 2.704654 0.499984
518 0.500000 2.456063 0.499994
519 0.500000 2.207351 0.499998
520 0.500000 1.958586 0.499999
521 0.500000 1.709801 0.499999
522 0.500000 1.461031 0.499999
523 0.500000 1.212301 0.500000
524 0.500000 0.963650 0.500010
525 0.509618 0.715000 0.500061
526 0.575084 0.474644 0.500098
527 0.699371 0.259556 0.500051
528 0.874397 0.083509 0.499980
529 1.084751 -0.048931 0.499996
530 1.300045 -0.173230 0.500004
531 1.515462 -0.297602 0.500009
532 1.730973 -0.422027 0.500020
533 1.946596 -0.546517 0.500047
534 2.162373 -0.671096 0.500117
535 2.378445 -0.795845 0.500297
536 2.595078 -0.920918 0.500763
537 2.812861 -1.046655 0.501989
538 3.019713 -1.195164 0.505258
539 3.156272 -1.423704 0.514552
540 3.126540 -1.731549 0.549012
541 2.908112 -1.973719 0.510788
542 -0.096410 3.566933 0.503486
543 2.597609 -2.035459 0.576199
544 2.169518 -1.829922 0.617238
545 2.361496 -1.940760 0.599145
546 2.230487 -1.865123 0.414197
547 2.708647 -2.032141 0.359395
548 -0.255478 2.723997 1.000000
549 -0.280580 3.163119 1.000000
550 -0.147958 3.334540 1.000000
551 0.103484 3.327172 1.000000
552 0.232274 3.074388 1.000000
553 0.243932 2.780436 1.000000
554 0.247865 2.519839 1.000000
555 0.249125 2.266637 1.000000
556 0.249423 2.015075 1.000000
557 0.249260 1.762941 1.000000
558 0.248693 1.508386 1.000000
559 0.247748 1.248529 1.000000
560 0.248726 0.978605 1.000000
561 0.279052 0.703316 1.000000
562 0.366025 0.437450 1.000000
563 0.494025 0.192425 1.000000
564 0.672783 -0.002675 1.000000
565 0.877514 -0.177710 1.000000
566 1.083595 -0.333551 1.000000
567 1.308408 -0.467205 1.000000
568 1.530496 -0.595589 1.000000
569 1.749944 -0.722215 1.000000
570 1.968218 -0.848414 1.000000
571 2.186606 -0.975258 1.000000
572 2.406616 -1.104344 1.000000
573 2.630858 -1.237599 1.000000
574 2.864982 -1.361687 1.000000
575 2.920341 -1.616314 1.000000
576 2.753646 -1.806914 1.000000
577 2.530617 -1.789970 1.000000
578 2.354648 -1.656833 1.000000
579 2.145032 -1.529148 1.000000
580 1.928750 -1.402638 1.000000
581 1.711389 -1.276620 1.000000
582 1.493451 -1.150457 1.000000
583 1.274109 -1.023338 1.000000
584 1.051519 -0.894134 1.000000
585 -0.266506 2.956659 1.000000
586 0.821799 -0.762718 1.000000
587 0.577530 -0.648968 1.000000
588 0.315715 -0.568591 1.000000
589 0.049972 -0.528054 1.000000
590 -0.224583 -0.542047 1.000000
591 -0.490779 -0.620531 1.000000
592 -0.736758 -0.734210 1.000000
593 -0.966823 -0.852944 1.000000
594 -1.189670 -0.977211 1.000000
595 -1.408895 -1.102445 1.000000
596 -1.626271 -1.227464 1.000000
597 -1.842706 -1.351993 1.000000
598 -2.058748 -1.475716 1.000000
599 -2.275045 -1.597432 1.000000
600 -2.493731 -1.711894 1.000000
601 -2.722109 -1.805800 1.000000
602 -2.923637 -1.653242 1.000000
603 -2.906710 -1.395744 1.000000
604 -2.696264 -1.264075 1.000000
605 -2.481321 -1.141252 1.000000
606 -2.265741 -1.018293 1.000000
607 -2.049733 -0.894455 1.000000
608 -1.832948 -0.769957 1.000000
609 -1.614562 -0.644868 1.000000
610 -1.392569 -0.518970 1.000000
611 -1.161337 -0.391311 1.000000
612 -0.899587 -0.255935 1.000000
613 -0.710128 -0.033749 1.000000
614 -0.533506 0.166643 1.000000
615 -0.395136 0.400934 1.000000
616 -0.296308 0.664897 1.000000
617 -0.253998 0.941617 1.000000
618 -0.249806 1.213235 1.000000
619 -0.249581 1.473781 1.000000
620 -0.249751 1.728560 1.000000
621 -0.249975 1.980459 1.000000
622 -0.250402 2.230747 1.000000
623 -0.251621 2.479385 1.000000
624 -0.052866 3.116902 1.000000
625 -0.004019 2.625574 1.000000
626 0.402268 -0.090948 1.000000
627 0.645336 -0.226881 1.000000
628 -0.001311 2.374109 1.000000
629 -0.000499 2.122723 1.000000
630 -0.000322 1.870413 1.000000
631 -0.000464 1.615479 1.000000
632 -0.000997 1.354519 1.000000
633 -0.002495 1.078822 1.000000
634 -0.008324 0.751844 1.000000
635 -0.013366 2.876900 1.000000
636 0.239621 0.181287 1.000000
637 1.055105 -0.607830 1.000000
638 1.287024 -0.742655 1.000000
639 1.510327 -0.871931 1.000000
640 1.730316 -0.999200 1.000000
641 1.949374 -1.126175 1.000000
642 2.169351 -1.254600 1.000000
643 2.393511 -1.388549 1.000000
644 2.635526 -1.545794 1.000000
645 -0.682721 -0.462975 1.000000
646 -0.384485 -0.330591 1.000000
647 0.794289 -0.454804 1.000000
648 0.486525 -0.389760 1.000000
649 0.215150 -0.320050 1.000000
650 -0.937618 -0.560561 1.000000
651 -1.173916 -0.683951 1.000000
652 -1.399312 -0.809935 1.000000
653 -1.619531 -0.935582 1.000000
654 -1.837267 -1.060527 1.000000
655 -2.053780 -1.184625 1.000000
656 -2.269722 -1.307346 1.000000
657 -2.485632 -1.427308 1.000000
658 -2.702367 -1.542705 1.000000
659 -0.622868 -0.233488 1.000000
660 -0.282688 0.174897 1.000000
661 -0.144821 0.437135 1.000000
662 0.114517 0.450319 1.000000
663 -0.445707 -0.056673 1.000000
664 -0.072100 -0.305665 1.000000
665 0.099243 -0.069821 1.000000
666 -0.023806 0.183060 1.000000
667 -0.181278 -0.068885 1.000000
668 0.398644 -0.474964 0.333702
669 0.362463 -0.357088 0.756728
670 0.151986 -0.282688 0.423007
671 -0.085851 -0.386211 0.284714
672 -0.677748 -0.641989 0.329150
673 -2.036443 -1.191578 0.296459
674 -2.740594 -1.590233 0.314159
675 -0.242901 0.360106 0.299405
676 -0.307363 0.254186 0.701055
677 -0.671120 -0.172778 0.350637
678 -0.192171 1.105350 0.344031
679 -0.193990 1.370493 0.372497
680 -0.096480 1.930716 0.501870
681 0.101952 1.263631 0.262291
682 0.231412 0.996188 0.312445
683 0.262079 0.503748 0.348043
684 2.185120 -1.184793 0.313690
685 2.522308 -1.726814 0.641558
686 1.707132 -1.222278 0.522905
687 1.182868 -0.859865 0.660217
688 1.784291 -0.814605 0.323759
689 1.047888 -0.443208 0.338023
690 -1.698312 -1.237590 0.392287
691 -1.929970 -1.290751 0.696196
692 -2.371788 -1.371505 0.305917
693 2.691161 -1.596366 0.313837
694 2.785848 -1.471960 0.728326
695 -1.942823 -0.864044 0.449712
696 -1.638824 -0.693106 0.379557
697 -1.649941 -0.936377 0.702433
698 -1.392135 -0.546341 0.303969
699 -1.374538 -0.564954 0.659744
700 -0.260246 1.628985 0.368405
701 0.110530 1.598983 0.318884
702 -0.177085 1.632242 0.681785
703 0.148329 2.359430 0.332099
704 0.194708 2.642329 0.687457
705 0.127491 0.718635 0.263529
706 0.168132 2.769812 0.331248
707 0.183861 1.936607 0.299080
708 0.235197 0.878328 0.669559
709 -1.310590 -0.977396 0.347210
710 1.378902 -0.579734 0.349769
711 -1.026736 -0.551884 0.295581
712 0.085146 -0.033984 0.292423
713 -0.166189 2.877351 0.671376
714 -0.225948 0.816782 0.341886
715 0.020347 3.189323 0.317399
716 0.172634 3.107920 0.691442
717 0.180641 2.206091 0.689195
718 -0.161875 2.525851 0.640898
719 0.185137 1.787764 0.694665
720 -0.211474 2.212219 0.700628
721 -0.191782 1.911295 0.742296
722 0.168158 1.336346 0.674133
723 -0.202829 1.341920 0.741691
724 -0.280188 1.093213 0.691248
725 -0.258585 0.834183 0.730532
726 0.201282 0.397966 0.694194
727 0.468555 0.051961 0.762779
728 0.701277 -0.283422 0.678316
729 0.981990 -0.473041 0.718266
730 1.319535 -0.513790 0.703923
731 1.518812 -0.866120 0.711725
732 1.894215 -0.852530 0.696588
733 2.081948 -1.179133 0.662008
734 2.442072 -1.207335 0.635018
735 2.247214 -1.509367 0.757056
736 0.062561 -0.427317 0.728756
737 -0.247525 -0.343023 0.665035
738 -0.008655 -0.017462 0.714360
739 -0.732972 -0.680343 0.730403
740 -0.496080 -0.494868 0.703231
741 -0.296601 -0.004811 0.796686
742 -1.242416 -0.970647 0.712607
743 -1.027940 -0.568533 0.653096
744 -0.791175 -0.283074 0.732478
745 -2.408792 -1.459008 0.711456
746 -2.267018 -1.077874 0.662263
747 -2.788645 -1.588553 0.687813
748 -0.552026 -0.048271 0.718022
749 -0.284508 0.556423 0.715410
750 -0.215698 2.174559 0.293814
751 -0.243024 2.477919 0.258969
752 -0.198636 2.799221 0.287047
753 -0.441438 -0.484601 0.290528
754 -0.296412 0.014878 0.354677
755 0.158298 0.217122 0.354827
756 -0.153691 3.230988 0.716431
757 -0.200232 1.857201 0.251824
758 2.271178 -1.570381 0.317764
759 1.096950 -0.876730 0.305469
760 1.438793 -1.024320 0.295757
761 0.759438 -0.707340 0.272558
762 -1.626844 -0.951780 0.228978
763 -0.014019 1.033069 0.584094
764 -0.016047 0.683352 0.572842
765 0.272466 -0.128424 0.622024
766 0.779581 -0.700198 0.647269
767 0.438430 0.047178 0.397491
768 0.688440 -0.074394 0.298037
769 0.742697 -0.265094 0.148318
770 0.781793 -0.367630 0.360431
771 0.549700 -0.289744 0.199547
772 0.387601 -0.122706 0.184077
773 0.569704 -0.230884 0.401394
774 0.675901 -0.448882 0.190688
$EndNodes
$Elements
3655
1 2 2 1 1  1 2 171
2 2 2 1 1  2 3 172
3 2 2 1 1  2 172 171
4 2 2 1 1  3 4 173
5 2 2 1 1  3 173 172
6 2 2 1 1  4 5 174
7 2 2 1 1  4 174 173
8 2 2 1 1  5 6 175
9 2 2 1 1  5 175 174
10 2 2 1 1  6 7 176
11 2 2 1 1  6 176 175
12 2 2 1 1  7 8 177
13 2 2 1 1  7 177 176
14 2 2 1 1  8 9 178
15 2 2 1 1  8 178 177
16 2 2 1 1  9 10 179
17 2 2 1 1  9 179 178
18 2 2 1 1  10 11 180
19 2 2 1 1  11 12 181
20 2 2 1 1  12 13 182
21 2 2 1 1  13 14 183
22 2 2 1 1  14 15 184
23 2 2 1 1  15 16 185
24 2 2 1 1  15 185 184
25 2 2 1 1  16 17 186
26 2 2 1 1  16 186 185
27 2 2 1 1  17 18 187
28 2 2 1 1  17 187 186
29 2 2 1 1  18 19 188
30 2 2 1 1  18 188 187
31 2 2 1 1  19 20 189
32 2 2 1 1  19 189 188
33 2 2 1 1  20 21 190
34 2 2 1 1  20 190 189
35 2 2 1 1  21 22 191
36 2 2 1 1  21 191 190
37 2 2 1 1  22 23 192
38 2 2 1 1  22 192 191
39 2 2 1 1  23 24 193
40 2 2 1 1  23 193 192
41 2 2 1 1  24 25 193
42 2 2 1 1  25 26 194
43 2 2 1 1  193 25 194
44 2 2 1 1  26 27 194
45 2 2 1 1  27 28 195
46 2 2 1 1  27 195 194
47 2 2 1 1  28 29 195
48 2 2 1 1  29 30 196
49 2 2 1 1  29 196 195
50 2 2 1 1  30 31 197
51 2 2 1 1  30 197 196
52 2 2 1 1  31 32 198
53 2 2 1 1  31 198 197
54 2 2 1 1  32 33 199
55 2 2 1 1  32 199 198
56 2 2 1 1  33 34 200
57 2 2 1 1  33 200 199
58 2 2 1 1  34 35 201
59 2 2 1 1  34 201 200
60 2 2 1 1  35 36 202
61 2 2 1 1  35 202 201
62 2 2 1 1  36 37 203
63 2 2 1 1  36 203 202
64 2 2 1 1  37 38 204
65 2 2 1 1  37 204 203
66 2 2 1 1  38 39 205
67 2 2 1 1  38 205 204
68 2 2 1 1  39 40 206
69 2 2 1 1  39 206 205
70 2 2 1 1  40 41 207
71 2 2 1 1  41 42 208
72 2 2 1 1  42 43 209
73 2 2 1 1  85 1 210
74 2 2 1 1  1 171 210
75 2 2 1 1  43 44 211
76 2 2 1 1  43 211 209
77 2 2 1 1  44 45 212
78 2 2 1 1  44 212 211
79 2 2 1 1  45 46 213
80 2 2 1 1  45 213 212
81 2 2 1 1  46 47 214
82 2 2 1 1  46 214 213
83 2 2 1 1  47 48 215
84 2 2 1 1  47 215 214
85 2 2 1 1  48 49 216
86 2 2 1 1  48 216 215
87 2 2 1 1  49 50 217
88 2 2 1 1  49 217 216
89 2 2 1 1  50 51 218
90 2 2 1 1  50 218 217
91 2 2 1 1  51 52 219
92 2 2 1 1  51 219 218
93 2 2 1 1  52 53 220
94 2 2 1 1  219 52 220
95 2 2 1 1  53 54 220
96 2 2 1 1  54 55 221
97 2 2 1 1  54 221 220
98 2 2 1 1  55 56 221
99 2 2 1 1  56 57 222
100 2 2 1 1  221 56 222
101 2 2 1 1  57 58 222
102 2 2 1 1  58 59 223
103 2 2 1 1  59 60 224
104 2 2 1 1  59 224 223
105 2 2 1 1  60 61 225
106 2 2 1 1  60 225 224
107 2 2 1 1  61 62 226
108 2 2 1 1  61 226 225
109 2 2 1 1  62 63 227
110 2 2 1 1  62 227 226
111 2 2 1 1  63 64 228
112 2 2 1 1  63 228 227
113 2 2 1 1  64 65 229
114 2 2 1 1  64 229 228
115 2 2 1 1  65 66 230
116 2 2 1 1  65 230 229
117 2 2 1 1  66 67 231
118 2 2 1 1  66 231 230
119 2 2 1 1  67 68 232
120 2 2 1 1  68 69 233
121 2 2 1 1  69 70 234
122 2 2 1 1  70 71 235
123 2 2 1 1  71 72 236
124 2 2 1 1  71 236 235
125 2 2 1 1  72 73 237
126 2 2 1 1  72 237 236
127 2 2 1 1  73 74 238
128 2 2 1 1  73 238 237
129 2 2 1 1  74 75 239
130 2 2 1 1  74 239 238
131 2 2 1 1  75 76 240
132 2 2 1 1  75 240 239
133 2 2 1 1  76 77 241
134 2 2 1 1  76 241 240
135 2 2 1 1  77 78 242
136 2 2 1 1  77 242 241
137 2 2 1 1  78 79 243
138 2 2 1 1  78 243 242
139 2 2 1 1  79 80 244
140 2 2 1 1  79 244 243
141 2 2 1 1  80 81 245
142 2 2 1 1  80 245 244
143 2 2 1 1  81 82 245
144 2 2 1 1  82 83 246
145 2 2 1 1  245 82 246
146 2 2 1 1  83 84 246
147 2 2 1 1  84 85 210
148 2 2 1 1  10 180 179
149 2 2 1 1  180 11 181
150 2 2 1 1  12 182 181
151 2 2 1 1  13 183 182
152 2 2 1 1  14 184 183
153 2 2 1 1  208 42 209
154 2 2 1 1  40 207 206
155 2 2 1 1  207 41 208
156 2 2 1 1  234 70 235
157 2 2 1 1  233 69 234
158 2 2 1 1  222 58 223
159 2 2 1 1  67 232 231
160 2 2 1 1  232 68 233
161 2 2 1 1  246 84 210
162 2 2 1 1  171 172 247
163 2 2 1 1  174 175 248
164 2 2 1 1  175 176 249
165 2 2 1 1  175 249 248
166 2 2 1 1  176 177 250
167 2 2 1 1  176 250 249
168 2 2 1 1  177 178 251
169 2 2 1 1  177 251 250
170 2 2 1 1  178 179 252
171 2 2 1 1  178 252 251
172 2 2 1 1  180 181 253
173 2 2 1 1  181 182 254
174 2 2 1 1  184 185 255
175 2 2 1 1  187 188 256
176 2 2 1 1  188 189 257
177 2 2 1 1  188 257 256
178 2 2 1 1  189 190 258
179 2 2 1 1  189 258 257
180 2 2 1 1  190 191 259
181 2 2 1 1  190 259 258
182 2 2 1 1  191 192 260
183 2 2 1 1  191 260 259
184 2 2 1 1  192 193 261
185 2 2 1 1  260 192 261
186 2 2 1 1  193 194 261
187 2 2 1 1  195 196 261
188 2 2 1 1  210 171 262
189 2 2 1 1  246 210 262
190 2 2 1 1  171 247 262
191 2 2 1 1  196 197 260
192 2 2 1 1  211 212 263
193 2 2 1 1  194 195 261
194 2 2 1 1  197 198 259
195 2 2 1 1  198 199 258
196 2 2 1 1  199 200 257
197 2 2 1 1  200 201 256
198 2 2 1 1  202 203 264
199 2 2 1 1  203 204 255
200 2 2 1 1  205 206 265
201 2 2 1 1  207 208 266
202 2 2 1 1  234 235 267
203 2 2 1 1  206 207 268
204 2 2 1 1  179 180 269
205 2 2 1 1  212 213 270
206 2 2 1 1  212 270 263
207 2 2 1 1  213 214 271
208 2 2 1 1  213 271 270
209 2 2 1 1  214 215 272
210 2 2 1 1  214 272 271
211 2 2 1 1  215 216 273
212 2 2 1 1  215 273 272
213 2 2 1 1  216 217 274
214 2 2 1 1  216 274 273
215 2 2 1 1  217 218 275
216 2 2 1 1  217 275 274
217 2 2 1 1  218 219 276
218 2 2 1 1  218 276 275
219 2 2 1 1  219 220 277
220 2 2 1 1  276 219 277
221 2 2 1 1  220 221 277
222 2 2 1 1  221 222 277
223 2 2 1 1  224 225 274
224 2 2 1 1  225 226 273
225 2 2 1 1  231 232 278
226 2 2 1 1  223 224 275
227 2 2 1 1  226 227 272
228 2 2 1 1  227 228 271
229 2 2 1 1  228 229 270
230 2 2 1 1  229 230 263
231 2 2 1 1  230 231 279
232 2 2 1 1  263 230 279
233 2 2 1 1  231 278 279
234 2 2 1 1  232 233 280
235 2 2 1 1  222 223 277
236 2 2 1 1  233 234 281
237 2 2 1 1  235 236 282
238 2 2 1 1  238 239 250
239 2 2 1 1  239 240 249
240 2 2 1 1  240 241 248
241 2 2 1 1  242 243 283
242 2 2 1 1  243 244 247
243 2 2 1 1  245 246 262
244 2 2 1 1  209 211 279
245 2 2 1 1  172 173 283
246 2 2 1 1  173 174 284
247 2 2 1 1  283 173 284
248 2 2 1 1  174 248 284
249 2 2 1 1  182 183 285
250 2 2 1 1  183 184 286
251 2 2 1 1  185 186 264
252 2 2 1 1  186 187 287
253 2 2 1 1  264 186 287
254 2 2 1 1  187 256 287
255 2 2 1 1  236 237 252
256 2 2 1 1  237 238 251
257 2 2 1 1  182 285 254
258 2 2 1 1  180 253 269
259 2 2 1 1  252 179 269
260 2 2 1 1  253 181 254
261 2 2 1 1  268 207 266
262 2 2 1 1  267 235 282
263 2 2 1 1  184 255 286
264 2 2 1 1  266 208 288
265 2 2 1 1  265 206 268
266 2 2 1 1  255 204 286
267 2 2 1 1  261 196 260
268 2 2 1 1  197 259 260
269 2 2 1 1  209 279 278
270 2 2 1 1  259 198 258
271 2 2 1 1  211 263 279
272 2 2 1 1  257 200 256
273 2 2 1 1  258 199 257
274 2 2 1 1  264 203 255
275 2 2 1 1  202 264 287
276 2 2 1 1  201 202 287
277 2 2 1 1  205 265 286
278 2 2 1 1  204 205 286
279 2 2 1 1  256 201 287
280 2 2 1 1  234 267 281
281 2 2 1 1  273 226 272
282 2 2 1 1  224 274 275
283 2 2 1 1  278 232 280
284 2 2 1 1  274 225 273
285 2 2 1 1  233 281 280
286 2 2 1 1  255 185 264
287 2 2 1 1  227 271 272
288 2 2 1 1  228 270 271
289 2 2 1 1  229 263 270
290 2 2 1 1  238 250 251
291 2 2 1 1  239 249 250
292 2 2 1 1  240 248 249
293 2 2 1 1  242 283 284
294 2 2 1 1  241 242 284
295 2 2 1 1  243 247 283
296 2 2 1 1  245 262 244
297 2 2 1 1  247 172 283
298 2 2 1 1  241 284 248
299 2 2 1 1  183 286 285
300 2 2 1 1  208 209 288
301 2 2 1 1  237 251 252
302 2 2 1 1  244 262 247
303 2 2 1 1  268 266 289
304 2 2 1 1  236 252 282
305 2 2 1 1  286 265 285
306 2 2 1 1  267 282 269
307 2 2 1 1  253 254 290
308 2 2 1 1  280 281 289
309 2 2 1 1  269 253 267
310 2 2 1 1  223 275 276
311 2 2 1 1  277 223 276
312 2 2 1 1  209 278 288
313 2 2 1 1  278 280 288
314 2 2 1 1  252 269 282
315 2 2 1 1  266 288 280
316 2 2 1 1  254 285 291
317 2 2 1 1  281 267 290
318 2 2 1 1  266 280 289
319 2 2 1 1  267 253 290
320 2 2 1 1  265 268 291
321 2 2 1 1  290 254 291
322 2 2 1 1  265 291 285
323 2 2 1 1  291 268 289
324 2 2 1 1  281 290 289
325 2 2 1 1  290 291 289
326 2 2 2 2  169 170 292
327 2 2 2 2  2 1 293
328 2 2 2 2  3 2 294
329 2 2 2 2  2 293 294
330 2 2 2 2  4 3 295
331 2 2 2 2  3 294 295
332 2 2 2 2  5 4 296
333 2 2 2 2  4 295 296
334 2 2 2 2  6 5 297
335 2 2 2 2  5 296 297
336 2 2 2 2  7 6 298
337 2 2 2 2  6 297 298
338 2 2 2 2  8 7 299
339 2 2 2 2  7 298 299
340 2 2 2 2  9 8 300
341 2 2 2 2  8 299 300
342 2 2 2 2  10 9 301
343 2 2 2 2  9 300 301
344 2 2 2 2  11 10 302
345 2 2 2 2  10 301 302
346 2 2 2 2  12 11 303
347 2 2 2 2  11 302 303
348 2 2 2 2  13 12 304
349 2 2 2 2  12 303 304
350 2 2 2 2  14 13 305
351 2 2 2 2  13 304 305
352 2 2 2 2  15 14 306
353 2 2 2 2  14 305 306
354 2 2 2 2  16 15 307
355 2 2 2 2  15 306 307
356 2 2 2 2  17 16 308
357 2 2 2 2  16 307 308
358 2 2 2 2  18 17 309
359 2 2 2 2  17 308 309
360 2 2 2 2  19 18 310
361 2 2 2 2  18 309 310
362 2 2 2 2  20 19 311
363 2 2 2 2  19 310 311
364 2 2 2 2  21 20 312
365 2 2 2 2  20 311 312
366 2 2 2 2  22 21 313
367 2 2 2 2  21 312 313
368 2 2 2 2  23 22 314
369 2 2 2 2  22 313 314
370 2 2 2 2  24 23 315
371 2 2 2 2  23 314 315
372 2 2 2 2  25 24 316
373 2 2 2 2  24 315 316
374 2 2 2 2  26 25 317
375 2 2 2 2  25 316 317
376 2 2 2 2  27 26 318
377 2 2 2 2  26 317 318
378 2 2 2 2  28 27 319
379 2 2 2 2  27 318 319
380 2 2 2 2  29 28 320
381 2 2 2 2  28 319 320
382 2 2 2 2  30 29 321
383 2 2 2 2  29 320 321
384 2 2 2 2  31 30 322
385 2 2 2 2  30 321 322
386 2 2 2 2  32 31 323
387 2 2 2 2  31 322 323
388 2 2 2 2  33 32 324
389 2 2 2 2  32 323 324
390 2 2 2 2  34 33 325
391 2 2 2 2  33 324 325
392 2 2 2 2  35 34 326
393 2 2 2 2  34 325 326
394 2 2 2 2  36 35 327
395 2 2 2 2  35 326 327
396 2 2 2 2  37 36 328
397 2 2 2 2  36 327 328
398 2 2 2 2  38 37 329
399 2 2 2 2  37 328 329
400 2 2 2 2  39 38 330
401 2 2 2 2  38 329 330
402 2 2 2 2  40 39 331
403 2 2 2 2  39 330 331
404 2 2 2 2  41 40 332
405 2 2 2 2  40 331 332
406 2 2 2 2  42 41 333
407 2 2 2 2  41 332 333
408 2 2 2 2  43 42 334
409 2 2 2 2  42 333 334
410 2 2 2 2  1 85 335
411 2 2 2 2  1 335 293
412 2 2 2 2  44 43 336
413 2 2 2 2  43 334 336
414 2 2 2 2  45 44 337
415 2 2 2 2  44 336 337
416 2 2 2 2  46 45 338
417 2 2 2 2  45 337 338
418 2 2 2 2  47 46 339
419 2 2 2 2  46 338 339
420 2 2 2 2  48 47 340
421 2 2 2 2  47 339 340
422 2 2 2 2  49 48 341
423 2 2 2 2  48 340 341
424 2 2 2 2  50 49 342
425 2 2 2 2  49 341 342
426 2 2 2 2  51 50 343
427 2 2 2 2  50 342 343
428 2 2 2 2  52 51 344
429 2 2 2 2  51 343 344
430 2 2 2 2  53 52 345
431 2 2 2 2  52 344 345
432 2 2 2 2  54 53 346
433 2 2 2 2  53 345 346
434 2 2 2 2  55 54 347
435 2 2 2 2  54 346 347
436 2 2 2 2  56 55 348
437 2 2 2 2  55 347 348
438 2 2 2 2  57 56 349
439 2 2 2 2  56 348 349
440 2 2 2 2  58 57 350
441 2 2 2 2  57 349 350
442 2 2 2 2  59 58 351
443 2 2 2 2  58 350 351
444 2 2 2 2  60 59 352
445 2 2 2 2  59 351 352
446 2 2 2 2  61 60 353
447 2 2 2 2  60 352 353
448 2 2 2 2  62 61 354
449 2 2 2 2  61 353 354
450 2 2 2 2  63 62 355
451 2 2 2 2  62 354 355
452 2 2 2 2  64 63 356
453 2 2 2 2  63 355 356
454 2 2 2 2  65 64 357
455 2 2 2 2  64 356 357
456 2 2 2 2  66 65 358
457 2 2 2 2  65 357 358
458 2 2 2 2  67 66 359
459 2 2 2 2  66 358 359
460 2 2 2 2  68 67 360
461 2 2 2 2  67 359 360
462 2 2 2 2  69 68 361
463 2 2 2 2  68 360 361
464 2 2 2 2  70 69 362
465 2 2 2 2  69 361 362
466 2 2 2 2  71 70 363
467 2 2 2 2  70 362 363
468 2 2 2 2  72 71 364
469 2 2 2 2  71 363 364
470 2 2 2 2  73 72 365
471 2 2 2 2  72 364 365
472 2 2 2 2  74 73 366
473 2 2 2 2  73 365 366
474 2 2 2 2  75 74 367
475 2 2 2 2  74 366 367
476 2 2 2 2  76 75 368
477 2 2 2 2  75 367 368
478 2 2 2 2  77 76 369
479 2 2 2 2  76 368 369
480 2 2 2 2  78 77 370
481 2 2 2 2  77 369 370
482 2 2 2 2  79 78 371
483 2 2 2 2  78 370 371
484 2 2 2 2  80 79 372
485 2 2 2 2  79 371 372
486 2 2 2 2  81 80 373
487 2 2 2 2  80 372 373
488 2 2 2 2  82 81 374
489 2 2 2 2  81 373 374
490 2 2 2 2  83 82 375
491 2 2 2 2  82 374 375
492 2 2 2 2  84 83 376
493 2 2 2 2  83 375 376
494 2 2 2 2  85 84 377
495 2 2 2 2  335 85 377
496 2 2 2 2  84 376 377
497 2 2 2 2  86 87 378
498 2 2 2 2  87 88 379
499 2 2 2 2  87 379 378
500 2 2 2 2  88 89 380
501 2 2 2 2  88 380 379
502 2 2 2 2  89 90 381
503 2 2 2 2  89 381 380
504 2 2 2 2  90 91 382
505 2 2 2 2  90 382 381
506 2 2 2 2  91 92 383
507 2 2 2 2  91 383 382
508 2 2 2 2  92 93 384
509 2 2 2 2  92 384 383
510 2 2 2 2  93 94 385
511 2 2 2 2  93 385 384
512 2 2 2 2  94 95 386
513 2 2 2 2  94 386 385
514 2 2 2 2  95 96 387
515 2 2 2 2  95 387 386
516 2 2 2 2  96 97 388
517 2 2 2 2  96 388 387
518 2 2 2 2  97 98 389
519 2 2 2 2  97 389 388
520 2 2 2 2  98 99 390
521 2 2 2 2  98 390 389
522 2 2 2 2  99 100 391
523 2 2 2 2  99 391 390
524 2 2 2 2  100 101 392
525 2 2 2 2  100 392 391
526 2 2 2 2  101 102 393
527 2 2 2 2  101 393 392
528 2 2 2 2  102 103 394
529 2 2 2 2  102 394 393
530 2 2 2 2  103 104 395
531 2 2 2 2  103 395 394
532 2 2 2 2  104 105 396
533 2 2 2 2  105 106 397
534 2 2 2 2  105 397 396
535 2 2 2 2  106 107 398
536 2 2 2 2  106 398 397
537 2 2 2 2  107 108 399
538 2 2 2 2  107 399 398
539 2 2 2 2  108 109 400
540 2 2 2 2  108 400 399
541 2 2 2 2  109 110 401
542 2 2 2 2  109 401 400
543 2 2 2 2  110 111 402
544 2 2 2 2  110 402 401
545 2 2 2 2  111 112 403
546 2 2 2 2  111 403 402
547 2 2 2 2  112 113 404
548 2 2 2 2  112 404 403
549 2 2 2 2  113 114 405
550 2 2 2 2  113 405 404
551 2 2 2 2  114 115 406
552 2 2 2 2  114 406 405
553 2 2 2 2  115 116 407
554 2 2 2 2  115 407 406
555 2 2 2 2  116 117 408
556 2 2 2 2  116 408 407
557 2 2 2 2  117 118 409
558 2 2 2 2  117 409 408
559 2 2 2 2  118 119 410
560 2 2 2 2  118 410 409
561 2 2 2 2  119 120 411
562 2 2 2 2  119 411 410
563 2 2 2 2  120 121 412
564 2 2 2 2  121 122 413
565 2 2 2 2  121 413 412
566 2 2 2 2  122 123 414
567 2 2 2 2  122 414 413
568 2 2 2 2  123 124 415
569 2 2 2 2  123 415 414
570 2 2 2 2  124 125 416
571 2 2 2 2  124 416 415
572 2 2 2 2  125 126 417
573 2 2 2 2  125 417 416
574 2 2 2 2  126 127 418
575 2 2 2 2  126 418 417
576 2 2 2 2  127 128 419
577 2 2 2 2  127 419 418
578 2 2 2 2  170 86 420
579 2 2 2 2  86 378 420
580 2 2 2 2  128 129 421
581 2 2 2 2  128 421 419
582 2 2 2 2  129 130 422
583 2 2 2 2  129 422 421
584 2 2 2 2  130 131 423
585 2 2 2 2  130 423 422
586 2 2 2 2  131 132 424
587 2 2 2 2  131 424 423
588 2 2 2 2  132 133 425
589 2 2 2 2  132 425 424
590 2 2 2 2  133 134 426
591 2 2 2 2  133 426 425
592 2 2 2 2  134 135 427
593 2 2 2 2  134 427 426
594 2 2 2 2  135 136 428
595 2 2 2 2  135 428 427
596 2 2 2 2  136 137 429
597 2 2 2 2  136 429 428
598 2 2 2 2  137 138 430
599 2 2 2 2  137 430 429
600 2 2 2 2  138 139 431
601 2 2 2 2  138 431 430
602 2 2 2 2  139 140 432
603 2 2 2 2  139 432 431
604 2 2 2 2  140 141 433
605 2 2 2 2  140 433 432
606 2 2 2 2  141 142 434
607 2 2 2 2  141 434 433
608 2 2 2 2  142 143 435
609 2 2 2 2  142 435 434
610 2 2 2 2  143 144 436
611 2 2 2 2  143 436 435
612 2 2 2 2  144 145 437
613 2 2 2 2  144 437 436
614 2 2 2 2  145 146 438
615 2 2 2 2  145 438 437
616 2 2 2 2  146 147 439
617 2 2 2 2  147 148 440
618 2 2 2 2  147 440 439
619 2 2 2 2  148 149 441
620 2 2 2 2  148 441 440
621 2 2 2 2  149 150 442
622 2 2 2 2  149 442 441
623 2 2 2 2  150 151 443
624 2 2 2 2  150 443 442
625 2 2 2 2  151 152 444
626 2 2 2 2  151 444 443
627 2 2 2 2  152 153 445
628 2 2 2 2  152 445 444
629 2 2 2 2  153 154 446
630 2 2 2 2  153 446 445
631 2 2 2 2  154 155 447
632 2 2 2 2  154 447 446
633 2 2 2 2  155 156 448
634 2 2 2 2  155 448 447
635 2 2 2 2  156 157 449
636 2 2 2 2  156 449 448
637 2 2 2 2  157 158 450
638 2 2 2 2  157 450 449
639 2 2 2 2  158 159 451
640 2 2 2 2  158 451 450
641 2 2 2 2  159 160 452
642 2 2 2 2  159 452 451
643 2 2 2 2  160 161 453
644 2 2 2 2  160 453 452
645 2 2 2 2  161 162 454
646 2 2 2 2  161 454 453
647 2 2 2 2  162 163 455
648 2 2 2 2  162 455 454
649 2 2 2 2  163 164 456
650 2 2 2 2  163 456 455
651 2 2 2 2  164 165 457
652 2 2 2 2  164 457 456
653 2 2 2 2  165 166 458
654 2 2 2 2  165 458 457
655 2 2 2 2  166 167 459
656 2 2 2 2  166 459 458
657 2 2 2 2  167 168 460
658 2 2 2 2  167 460 459
659 2 2 2 2  168 169 461
660 2 2 2 2  169 292 461
661 2 2 2 2  104 396 395
662 2 2 2 2  120 412 411
663 2 2 2 2  170 420 292
664 2 2 2 2  146 439 438
665 2 2 2 2  168 461 460
666 2 2 2 2  293 335 462
667 2 2 2 2  295 294 463
668 2 2 2 2  296 295 464
669 2 2 2 2  295 463 464
670 2 2 2 2  297 296 465
671 2 2 2 2  296 464 465
672 2 2 2 2  298 297 466
673 2 2 2 2  297 465 466
674 2 2 2 2  299 298 467
675 2 2 2 2  298 466 467
676 2 2 2 2  300 299 468
677 2 2 2 2  299 467 468
678 2 2 2 2  301 300 469
679 2 2 2 2  300 468 469
680 2 2 2 2  302 301 470
681 2 2 2 2  301 469 470
682 2 2 2 2  303 302 471
683 2 2 2 2  302 470 471
684 2 2 2 2  304 303 472
685 2 2 2 2  303 471 472
686 2 2 2 2  305 304 473
687 2 2 2 2  304 472 473
688 2 2 2 2  306 305 474
689 2 2 2 2  305 473 474
690 2 2 2 2  307 306 475
691 2 2 2 2  306 474 475
692 2 2 2 2  308 307 476
693 2 2 2 2  307 475 476
694 2 2 2 2  309 308 477
695 2 2 2 2  308 476 477
696 2 2 2 2  310 309 478
697 2 2 2 2  309 477 478
698 2 2 2 2  311 310 479
699 2 2 2 2  310 478 479
700 2 2 2 2  312 311 480
701 2 2 2 2  311 479 480
702 2 2 2 2  313 312 481
703 2 2 2 2  312 480 481
704 2 2 2 2  314 313 482
705 2 2 2 2  313 481 482
706 2 2 2 2  315 314 483
707 2 2 2 2  314 482 483
708 2 2 2 2  316 315 484
709 2 2 2 2  315 483 484
710 2 2 2 2  317 316 485
711 2 2 2 2  316 484 485
712 2 2 2 2  318 317 486
713 2 2 2 2  317 485 486
714 2 2 2 2  319 318 487
715 2 2 2 2  318 486 487
716 2 2 2 2  320 319 488
717 2 2 2 2  319 487 488
718 2 2 2 2  321 320 489
719 2 2 2 2  320 488 489
720 2 2 2 2  322 321 490
721 2 2 2 2  321 489 490
722 2 2 2 2  323 322 491
723 2 2 2 2  322 490 491
724 2 2 2 2  324 323 492
725 2 2 2 2  323 491 492
726 2 2 2 2  325 324 493
727 2 2 2 2  324 492 493
728 2 2 2 2  326 325 494
729 2 2 2 2  325 493 494
730 2 2 2 2  327 326 495
731 2 2 2 2  326 494 495
732 2 2 2 2  328 327 496
733 2 2 2 2  327 495 496
734 2 2 2 2  329 328 497
735 2 2 2 2  328 496 497
736 2 2 2 2  330 329 498
737 2 2 2 2  329 497 498
738 2 2 2 2  331 330 499
739 2 2 2 2  330 498 499
740 2 2 2 2  332 331 500
741 2 2 2 2  331 499 500
742 2 2 2 2  333 332 501
743 2 2 2 2  332 500 501
744 2 2 2 2  334 333 502
745 2 2 2 2  333 501 502
746 2 2 2 2  379 380 503
747 2 2 2 2  336 334 504
748 2 2 2 2  334 502 504
749 2 2 2 2  337 336 505
750 2 2 2 2  336 504 505
751 2 2 2 2  338 337 506
752 2 2 2 2  337 505 506
753 2 2 2 2  339 338 507
754 2 2 2 2  338 506 507
755 2 2 2 2  340 339 508
756 2 2 2 2  339 507 508
757 2 2 2 2  341 340 509
758 2 2 2 2  340 508 509
759 2 2 2 2  342 341 510
760 2 2 2 2  341 509 510
761 2 2 2 2  343 342 511
762 2 2 2 2  342 510 511
763 2 2 2 2  343 511 344
764 2 2 2 2  512 344 511
765 2 2 2 2  345 344 512
766 2 2 2 2  346 345 503
767 2 2 2 2  348 347 513
768 2 2 2 2  349 348 514
769 2 2 2 2  348 513 514
770 2 2 2 2  350 349 515
771 2 2 2 2  349 514 515
772 2 2 2 2  351 350 516
773 2 2 2 2  350 515 516
774 2 2 2 2  352 351 517
775 2 2 2 2  351 516 517
776 2 2 2 2  353 352 518
777 2 2 2 2  352 517 518
778 2 2 2 2  354 353 519
779 2 2 2 2  353 518 519
780 2 2 2 2  355 354 520
781 2 2 2 2  354 519 520
782 2 2 2 2  356 355 521
783 2 2 2 2  355 520 521
784 2 2 2 2  357 356 522
785 2 2 2 2  356 521 522
786 2 2 2 2  358 357 523
787 2 2 2 2  357 522 523
788 2 2 2 2  359 358 524
789 2 2 2 2  358 523 524
790 2 2 2 2  360 359 525
791 2 2 2 2  359 524 525
792 2 2 2 2  361 360 526
793 2 2 2 2  360 525 526
794 2 2 2 2  362 361 527
795 2 2 2 2  361 526 527
796 2 2 2 2  363 362 528
797 2 2 2 2  362 527 528
798 2 2 2 2  364 363 529
799 2 2 2 2  363 528 529
800 2 2 2 2  365 364 530
801 2 2 2 2  364 529 530
802 2 2 2 2  366 365 531
803 2 2 2 2  365 530 531
804 2 2 2 2  367 366 532
805 2 2 2 2  366 531 532
806 2 2 2 2  368 367 533
807 2 2 2 2  367 532 533
808 2 2 2 2  369 368 534
809 2 2 2 2  368 533 534
810 2 2 2 2  370 369 535
811 2 2 2 2  369 534 535
812 2 2 2 2  371 370 536
813 2 2 2 2  370 535 536
814 2 2 2 2  372 371 537
815 2 2 2 2  371 536 537
816 2 2 2 2  373 372 538
817 2 2 2 2  372 537 538
818 2 2 2 2  374 373 539
819 2 2 2 2  373 538 539
820 2 2 2 2  375 374 540
821 2 2 2 2  374 539 540
822 2 2 2 2  376 375 541
823 2 2 2 2  375 540 541
824 2 2 2 2  380 381 542
825 2 2 2 2  380 542 503
826 2 2 2 2  381 382 513
827 2 2 2 2  382 383 514
828 2 2 2 2  383 384 515
829 2 2 2 2  384 385 516
830 2 2 2 2  385 386 517
831 2 2 2 2  386 387 518
832 2 2 2 2  387 388 519
833 2 2 2 2  388 389 520
834 2 2 2 2  389 390 521
835 2 2 2 2  390 391 522
836 2 2 2 2  391 392 523
837 2 2 2 2  392 393 524
838 2 2 2 2  393 394 525
839 2 2 2 2  394 395 526
840 2 2 2 2  411 412 543
841 2 2 2 2  397 398 529
842 2 2 2 2  396 397 528
843 2 2 2 2  399 400 531
844 2 2 2 2  400 401 532
845 2 2 2 2  401 402 533
846 2 2 2 2  402 403 534
847 2 2 2 2  403 404 535
848 2 2 2 2  404 405 536
849 2 2 2 2  405 406 537
850 2 2 2 2  406 407 538
851 2 2 2 2  407 408 539
852 2 2 2 2  408 409 540
853 2 2 2 2  410 411 541
854 2 2 2 2  292 420 511
855 2 2 2 2  413 414 544
856 2 2 2 2  412 413 545
857 2 2 2 2  543 412 545
858 2 2 2 2  413 544 545
859 2 2 2 2  415 416 464
860 2 2 2 2  416 417 465
861 2 2 2 2  417 418 466
862 2 2 2 2  418 419 467
863 2 2 2 2  421 422 469
864 2 2 2 2  420 378 512
865 2 2 2 2  422 423 470
866 2 2 2 2  423 424 471
867 2 2 2 2  424 425 472
868 2 2 2 2  425 426 473
869 2 2 2 2  426 427 474
870 2 2 2 2  427 428 475
871 2 2 2 2  428 429 476
872 2 2 2 2  429 430 477
873 2 2 2 2  430 431 478
874 2 2 2 2  431 432 479
875 2 2 2 2  432 433 480
876 2 2 2 2  433 434 481
877 2 2 2 2  434 435 482
878 2 2 2 2  435 436 483
879 2 2 2 2  436 437 484
880 2 2 2 2  437 438 485
881 2 2 2 2  460 461 509
882 2 2 2 2  440 441 488
883 2 2 2 2  439 440 487
884 2 2 2 2  442 443 490
885 2 2 2 2  443 444 491
886 2 2 2 2  444 445 492
887 2 2 2 2  445 446 493
888 2 2 2 2  446 447 494
889 2 2 2 2  447 448 495
890 2 2 2 2  448 449 496
891 2 2 2 2  449 450 497
892 2 2 2 2  450 451 498
893 2 2 2 2  451 452 499
894 2 2 2 2  452 453 500
895 2 2 2 2  453 454 501
896 2 2 2 2  454 455 502
897 2 2 2 2  455 456 504
898 2 2 2 2  456 457 505
899 2 2 2 2  457 458 506
900 2 2 2 2  458 459 507
901 2 2 2 2  459 460 508
902 2 2 2 2  461 292 510
903 2 2 2 2  395 396 527
904 2 2 2 2  438 439 486
905 2 2 2 2  419 421 468
906 2 2 2 2  294 293 546
907 2 2 2 2  463 294 546
908 2 2 2 2  293 462 546
909 2 2 2 2  398 399 530
910 2 2 2 2  414 415 463
911 2 2 2 2  441 442 489
912 2 2 2 2  345 512 503
913 2 2 2 2  381 513 542
914 2 2 2 2  346 503 542
915 2 2 2 2  513 347 542
916 2 2 2 2  347 346 542
917 2 2 2 2  513 382 514
918 2 2 2 2  378 379 512
919 2 2 2 2  383 515 514
920 2 2 2 2  384 516 515
921 2 2 2 2  385 517 516
922 2 2 2 2  386 518 517
923 2 2 2 2  387 519 518
924 2 2 2 2  388 520 519
925 2 2 2 2  389 521 520
926 2 2 2 2  390 522 521
927 2 2 2 2  391 523 522
928 2 2 2 2  392 524 523
929 2 2 2 2  393 525 524
930 2 2 2 2  394 526 525
931 2 2 2 2  411 543 541
932 2 2 2 2  397 529 528
933 2 2 2 2  396 528 527
934 2 2 2 2  399 531 530
935 2 2 2 2  400 532 531
936 2 2 2 2  401 533 532
937 2 2 2 2  402 534 533
938 2 2 2 2  403 535 534
939 2 2 2 2  404 536 535
940 2 2 2 2  405 537 536
941 2 2 2 2  406 538 537
942 2 2 2 2  407 539 538
943 2 2 2 2  408 540 539
944 2 2 2 2  410 541 540
945 2 2 2 2  409 410 540
946 2 2 2 2  292 511 510
947 2 2 2 2  415 464 463
948 2 2 2 2  465 417 466
949 2 2 2 2  416 465 464
950 2 2 2 2  418 467 466
951 2 2 2 2  421 469 468
952 2 2 2 2  420 512 511
953 2 2 2 2  422 470 469
954 2 2 2 2  423 471 470
955 2 2 2 2  424 472 471
956 2 2 2 2  425 473 472
957 2 2 2 2  426 474 473
958 2 2 2 2  427 475 474
959 2 2 2 2  428 476 475
960 2 2 2 2  429 477 476
961 2 2 2 2  430 478 477
962 2 2 2 2  431 479 478
963 2 2 2 2  432 480 479
964 2 2 2 2  433 481 480
965 2 2 2 2  434 482 481
966 2 2 2 2  435 483 482
967 2 2 2 2  436 484 483
968 2 2 2 2  437 485 484
969 2 2 2 2  460 509 508
970 2 2 2 2  440 488 487
971 2 2 2 2  439 487 486
972 2 2 2 2  442 490 489
973 2 2 2 2  443 491 490
974 2 2 2 2  444 492 491
975 2 2 2 2  445 493 492
976 2 2 2 2  446 494 493
977 2 2 2 2  447 495 494
978 2 2 2 2  448 496 495
979 2 2 2 2  449 497 496
980 2 2 2 2  450 498 497
981 2 2 2 2  451 499 498
982 2 2 2 2  452 500 499
983 2 2 2 2  453 501 500
984 2 2 2 2  454 502 501
985 2 2 2 2  455 504 502
986 2 2 2 2  456 505 504
987 2 2 2 2  457 506 505
988 2 2 2 2  458 507 506
989 2 2 2 2  459 508 507
990 2 2 2 2  461 510 509
991 2 2 2 2  398 530 529
992 2 2 2 2  395 527 526
993 2 2 2 2  438 486 485
994 2 2 2 2  419 468 467
995 2 2 2 2  441 489 488
996 2 2 2 2  379 503 512
997 2 2 2 2  335 377 547
998 2 2 2 2  376 541 547
999 2 2 2 2  335 547 462
1000 2 2 2 2  376 547 377
1001 2 2 2 2  462 547 543
1002 2 2 2 2  462 543 545
1003 2 2 2 2  462 545 546
1004 2 2 2 2  414 463 544
1005 2 2 2 2  545 544 546
1006 2 2 2 2  544 463 546
1007 2 2 2 2  547 541 543
1008 2 2 3 3  170 169 548
1009 2 2 3 3  87 86 549
1010 2 2 3 3  88 87 550
1011 2 2 3 3  87 549 550
1012 2 2 3 3  89 88 550
1013 2 2 3 3  90 89 551
1014 2 2 3 3  91 90 551
1015 2 2 3 3  89 550 551
1016 2 2 3 3  92 91 552
1017 2 2 3 3  91 551 552
1018 2 2 3 3  93 92 552
1019 2 2 3 3  94 93 553
1020 2 2 3 3  95 94 554
1021 2 2 3 3  94 553 554
1022 2 2 3 3  96 95 555
1023 2 2 3 3  95 554 555
1024 2 2 3 3  97 96 556
1025 2 2 3 3  96 555 556
1026 2 2 3 3  98 97 557
1027 2 2 3 3  97 556 557
1028 2 2 3 3  99 98 558
1029 2 2 3 3  98 557 558
1030 2 2 3 3  100 99 559
1031 2 2 3 3  99 558 559
1032 2 2 3 3  101 100 560
1033 2 2 3 3  100 559 560
1034 2 2 3 3  102 101 561
1035 2 2 3 3  101 560 561
1036 2 2 3 3  103 102 562
1037 2 2 3 3  104 103 563
1038 2 2 3 3  105 104 564
1039 2 2 3 3  106 105 565
1040 2 2 3 3  107 106 566
1041 2 2 3 3  106 565 566
1042 2 2 3 3  108 107 567
1043 2 2 3 3  107 566 567
1044 2 2 3 3  109 108 568
1045 2 2 3 3  108 567 568
1046 2 2 3 3  110 109 569
1047 2 2 3 3  109 568 569
1048 2 2 3 3  111 110 570
1049 2 2 3 3  110 569 570
1050 2 2 3 3  112 111 571
1051 2 2 3 3  111 570 571
1052 2 2 3 3  113 112 572
1053 2 2 3 3  112 571 572
1054 2 2 3 3  114 113 573
1055 2 2 3 3  113 572 573
1056 2 2 3 3  115 114 574
1057 2 2 3 3  114 573 574
1058 2 2 3 3  116 115 574
1059 2 2 3 3  117 116 575
1060 2 2 3 3  118 117 575
1061 2 2 3 3  116 574 575
1062 2 2 3 3  119 118 576
1063 2 2 3 3  120 119 576
1064 2 2 3 3  118 575 576
1065 2 2 3 3  121 120 577
1066 2 2 3 3  120 576 577
1067 2 2 3 3  122 121 578
1068 2 2 3 3  121 577 578
1069 2 2 3 3  123 122 579
1070 2 2 3 3  122 578 579
1071 2 2 3 3  124 123 580
1072 2 2 3 3  123 579 580
1073 2 2 3 3  125 124 581
1074 2 2 3 3  124 580 581
1075 2 2 3 3  126 125 582
1076 2 2 3 3  125 581 582
1077 2 2 3 3  127 126 583
1078 2 2 3 3  126 582 583
1079 2 2 3 3  128 127 584
1080 2 2 3 3  127 583 584
1081 2 2 3 3  86 170 585
1082 2 2 3 3  549 86 585
1083 2 2 3 3  170 548 585
1084 2 2 3 3  129 128 586
1085 2 2 3 3  128 584 586
1086 2 2 3 3  130 129 587
1087 2 2 3 3  129 586 587
1088 2 2 3 3  131 130 588
1089 2 2 3 3  130 587 588
1090 2 2 3 3  132 131 589
1091 2 2 3 3  133 132 590
1092 2 2 3 3  134 133 591
1093 2 2 3 3  135 134 592
1094 2 2 3 3  134 591 592
1095 2 2 3 3  136 135 593
1096 2 2 3 3  135 592 593
1097 2 2 3 3  137 136 594
1098 2 2 3 3  136 593 594
1099 2 2 3 3  138 137 595
1100 2 2 3 3  137 594 595
1101 2 2 3 3  139 138 596
1102 2 2 3 3  138 595 596
1103 2 2 3 3  140 139 597
1104 2 2 3 3  139 596 597
1105 2 2 3 3  141 140 598
1106 2 2 3 3  140 597 598
1107 2 2 3 3  142 141 599
1108 2 2 3 3  141 598 599
1109 2 2 3 3  143 142 600
1110 2 2 3 3  142 599 600
1111 2 2 3 3  144 143 601
1112 2 2 3 3  143 600 601
1113 2 2 3 3  145 144 601
1114 2 2 3 3  146 145 602
1115 2 2 3 3  147 146 602
1116 2 2 3 3  145 601 602
1117 2 2 3 3  148 147 603
1118 2 2 3 3  147 602 603
1119 2 2 3 3  149 148 603
1120 2 2 3 3  150 149 604
1121 2 2 3 3  149 603 604
1122 2 2 3 3  151 150 605
1123 2 2 3 3  150 604 605
1124 2 2 3 3  152 151 606
1125 2 2 3 3  151 605 606
1126 2 2 3 3  153 152 607
1127 2 2 3 3  152 606 607
1128 2 2 3 3  154 153 608
1129 2 2 3 3  153 607 608
1130 2 2 3 3  155 154 609
1131 2 2 3 3  154 608 609
1132 2 2 3 3  156 155 610
1133 2 2 3 3  155 609 610
1134 2 2 3 3  157 156 611
1135 2 2 3 3  156 610 611
1136 2 2 3 3  158 157 612
1137 2 2 3 3  157 611 612
1138 2 2 3 3  159 158 613
1139 2 2 3 3  158 612 613
1140 2 2 3 3  160 159 614
1141 2 2 3 3  161 160 615
1142 2 2 3 3  162 161 616
1143 2 2 3 3  163 162 617
1144 2 2 3 3  164 163 618
1145 2 2 3 3  163 617 618
1146 2 2 3 3  165 164 619
1147 2 2 3 3  164 618 619
1148 2 2 3 3  166 165 620
1149 2 2 3 3  165 619 620
1150 2 2 3 3  167 166 621
1151 2 2 3 3  166 620 621
1152 2 2 3 3  168 167 622
1153 2 2 3 3  167 621 622
1154 2 2 3 3  169 168 623
1155 2 2 3 3  168 622 623
1156 2 2 3 3  102 561 562
1157 2 2 3 3  93 552 553
1158 2 2 3 3  564 104 563
1159 2 2 3 3  563 103 562
1160 2 2 3 3  105 564 565
1161 2 2 3 3  132 589 590
1162 2 2 3 3  591 133 590
1163 2 2 3 3  589 131 588
1164 2 2 3 3  159 613 614
1165 2 2 3 3  160 614 615
1166 2 2 3 3  617 162 616
1167 2 2 3 3  616 161 615
1168 2 2 3 3  169 623 548
1169 2 2 3 3  551 550 624
1170 2 2 3 3  551 624 552
1171 2 2 3 3  554 553 625
1172 2 2 3 3  564 563 626
1173 2 2 3 3  565 564 627
1174 2 2 3 3  555 554 628
1175 2 2 3 3  554 625 628
1176 2 2 3 3  556 555 629
1177 2 2 3 3  555 628 629
1178 2 2 3 3  557 556 630
1179 2 2 3 3  556 629 630
1180 2 2 3 3  558 557 631
1181 2 2 3 3  557 630 631
1182 2 2 3 3  559 558 632
1183 2 2 3 3  558 631 632
1184 2 2 3 3  560 559 633
1185 2 2 3 3  559 632 633
1186 2 2 3 3  561 560 634
1187 2 2 3 3  560 633 634
1188 2 2 3 3  553 552 635
1189 2 2 3 3  625 553 635
1190 2 2 3 3  552 624 635
1191 2 2 3 3  563 562 636
1192 2 2 3 3  567 566 637
1193 2 2 3 3  568 567 638
1194 2 2 3 3  567 637 638
1195 2 2 3 3  569 568 639
1196 2 2 3 3  568 638 639
1197 2 2 3 3  570 569 640
1198 2 2 3 3  569 639 640
1199 2 2 3 3  571 570 641
1200 2 2 3 3  570 640 641
1201 2 2 3 3  572 571 642
1202 2 2 3 3  571 641 642
1203 2 2 3 3  573 572 643
1204 2 2 3 3  572 642 643
1205 2 2 3 3  574 573 644
1206 2 2 3 3  573 643 644
1207 2 2 3 3  618 617 633
1208 2 2 3 3  575 574 644
1209 2 2 3 3  592 591 645
1210 2 2 3 3  576 575 644
1211 2 2 3 3  577 576 644
1212 2 2 3 3  578 577 644
1213 2 2 3 3  579 578 643
1214 2 2 3 3  580 579 642
1215 2 2 3 3  581 580 641
1216 2 2 3 3  582 581 640
1217 2 2 3 3  583 582 639
1218 2 2 3 3  584 583 638
1219 2 2 3 3  591 590 646
1220 2 2 3 3  587 586 647
1221 2 2 3 3  588 587 648
1222 2 2 3 3  589 588 649
1223 2 2 3 3  593 592 650
1224 2 2 3 3  592 645 650
1225 2 2 3 3  594 593 651
1226 2 2 3 3  593 650 651
1227 2 2 3 3  595 594 652
1228 2 2 3 3  594 651 652
1229 2 2 3 3  596 595 653
1230 2 2 3 3  595 652 653
1231 2 2 3 3  597 596 654
1232 2 2 3 3  596 653 654
1233 2 2 3 3  598 597 655
1234 2 2 3 3  597 654 655
1235 2 2 3 3  599 598 656
1236 2 2 3 3  598 655 656
1237 2 2 3 3  600 599 657
1238 2 2 3 3  599 656 657
1239 2 2 3 3  601 600 658
1240 2 2 3 3  602 601 658
1241 2 2 3 3  600 657 658
1242 2 2 3 3  603 602 658
1243 2 2 3 3  604 603 658
1244 2 2 3 3  605 604 657
1245 2 2 3 3  606 605 656
1246 2 2 3 3  607 606 655
1247 2 2 3 3  608 607 654
1248 2 2 3 3  609 608 653
1249 2 2 3 3  610 609 652
1250 2 2 3 3  611 610 651
1251 2 2 3 3  612 611 650
1252 2 2 3 3  613 612 659
1253 2 2 3 3  615 614 660
1254 2 2 3 3  548 623 625
1255 2 2 3 3  616 615 661
1256 2 2 3 3  562 561 662
1257 2 2 3 3  619 618 632
1258 2 2 3 3  620 619 631
1259 2 2 3 3  621 620 630
1260 2 2 3 3  622 621 629
1261 2 2 3 3  623 622 628
1262 2 2 3 3  614 613 663
1263 2 2 3 3  586 584 637
1264 2 2 3 3  550 549 624
1265 2 2 3 3  590 589 664
1266 2 2 3 3  566 565 647
1267 2 2 3 3  649 588 648
1268 2 2 3 3  648 587 647
1269 2 2 3 3  636 562 662
1270 2 2 3 3  647 586 637
1271 2 2 3 3  564 626 627
1272 2 2 3 3  561 634 662
1273 2 2 3 3  637 566 647
1274 2 2 3 3  618 633 632
1275 2 2 3 3  646 590 664
1276 2 2 3 3  638 583 639
1277 2 2 3 3  549 585 624
1278 2 2 3 3  605 657 656
1279 2 2 3 3  633 617 634
1280 2 2 3 3  579 643 642
1281 2 2 3 3  645 591 646
1282 2 2 3 3  578 644 643
1283 2 2 3 3  641 580 642
1284 2 2 3 3  639 582 640
1285 2 2 3 3  581 641 640
1286 2 2 3 3  584 638 637
1287 2 2 3 3  585 548 635
1288 2 2 3 3  589 649 664
1289 2 2 3 3  604 658 657
1290 2 2 3 3  635 548 625
1291 2 2 3 3  654 607 655
1292 2 2 3 3  655 606 656
1293 2 2 3 3  626 563 636
1294 2 2 3 3  617 616 634
1295 2 2 3 3  608 654 653
1296 2 2 3 3  609 653 652
1297 2 2 3 3  610 652 651
1298 2 2 3 3  611 651 650
1299 2 2 3 3  613 659 663
1300 2 2 3 3  615 660 661
1301 2 2 3 3  619 632 631
1302 2 2 3 3  620 631 630
1303 2 2 3 3  621 630 629
1304 2 2 3 3  622 629 628
1305 2 2 3 3  623 628 625
1306 2 2 3 3  614 663 660
1307 2 2 3 3  565 627 647
1308 2 2 3 3  635 624 585
1309 2 2 3 3  664 649 665
1310 2 2 3 3  636 662 666
1311 2 2 3 3  648 647 627
1312 2 2 3 3  626 636 665
1313 2 2 3 3  612 650 645
1314 2 2 3 3  616 661 634
1315 2 2 3 3  660 663 667
1316 2 2 3 3  665 649 626
1317 2 2 3 3  636 666 665
1318 2 2 3 3  648 627 626
1319 2 2 3 3  648 626 649
1320 2 2 3 3  612 645 659
1321 2 2 3 3  667 663 646
1322 2 2 3 3  646 663 659
1323 2 2 3 3  667 646 664
1324 2 2 3 3  661 660 666
1325 2 2 3 3  664 665 667
1326 2 2 3 3  661 666 662
1327 2 2 3 3  634 661 662
1328 2 2 3 3  645 646 659
1329 2 2 3 3  665 666 667
1330 2 2 3 3  660 667 666
1331 4 2 1 1  334 209 42 333
1332 4 2 1 1  762 695 696 697
1333 4 2 1 1  693 377 335 547
1334 4 2 1 1  332 331 207 40
1335 4 2 1 1  150 443 442 604
1336 4 2 1 1  443 150 605 604
1337 4 2 1 1  732 688 534 533
1338 4 2 1 1  693 377 210 335
1339 4 2 1 1  559 391 99 558
1340 4 2 1 1  631 632 558 722
1341 4 2 1 1  693 377 376 210
1342 4 2 1 1  253 671 668 181
1343 4 2 1 1  712 738 765 670
1344 4 2 1 1  693 377 547 376
1345 4 2 1 1  668 669 765 728
1346 4 2 1 1  674 318 319 487
1347 4 2 1 1  688 732 686 731
1348 4 2 1 1  137 742 594 595
1349 4 2 1 1  518 519 703 717
1350 4 2 1 1  378 585 420 86
1351 4 2 1 1  721 621 629 630
1352 4 2 1 1  622 628 720 629
1353 4 2 1 1  331 675 207 206
1354 4 2 1 1  519 388 520 717
1355 4 2 1 1  99 98 558 390
1356 4 2 1 1  523 708 524 682
1357 4 2 1 1  378 585 756 420
1358 4 2 1 1  378 585 549 756
1359 4 2 1 1  729 687 710 689
1360 4 2 1 1  542 715 346 503
1361 4 2 1 1  669 668 765 670
1362 4 2 1 1  553 716 704 385
1363 4 2 1 1  137 742 429 594
1364 4 2 1 1  18 309 310 188
1365 4 2 1 1  378 585 86 549
1366 4 2 1 1  582 639 731 640
1367 4 2 1 1  744 672 677 743
1368 4 2 1 1  516 385 517 704
1369 4 2 1 1  744 672 740 677
1370 4 2 1 1  293 758 294 172
1371 4 2 1 1  137 742 430 429
1372 4 2 1 1  605 444 746 606
1373 4 2 1 1  137 742 595 430
1374 4 2 1 1  565 397 106 105
1375 4 2 1 1  675 755 676 726
1376 4 2 1 1  566 397 398 106
1377 4 2 1 1  671 265 754 677
1378 4 2 1 1  744 672 739 740
1379 4 2 1 1  565 397 566 106
1380 4 2 1 1  744 672 743 739
1381 4 2 1 1  694 573 405 406
1382 4 2 1 1  247 262 693 244
1383 4 2 1 1  694 541 693 685
1384 4 2 1 1  694 541 540 693
1385 4 2 1 1  694 541 410 540
1386 4 2 1 1  520 719 389 521
1387 4 2 1 1  770 771 668 774
1388 4 2 1 1  694 541 685 410
1389 4 2 1 1  391 99 558 390
1390 4 2 1 1  575 117 409 118
1391 4 2 1 1  427 592 135 593
1392 4 2 1 1  697 595 652 742
1393 4 2 1 1  269 761 668 774
1394 4 2 1 1  161 749 454 453
1395 4 2 1 1  522 719 701 521
1396 4 2 1 1  288 675 280 266
1397 4 2 1 1  161 749 616 454
1398 4 2 1 1  764 675 726 683
1399 4 2 1 1  396 565 397 728
1400 4 2 1 1  719 721 680 717
1401 4 2 1 1  161 749 615 616
1402 4 2 1 1  486 674 317 485
1403 4 2 1 1  679 678 763 681
1404 4 2 1 1  335 377 210 85
1405 4 2 1 1  634 633 763 708
1406 4 2 1 1  526 683 360 525
1407 4 2 1 1  396 565 105 397
1408 4 2 1 1  318 674 319 195
1409 4 2 1 1  239 249 688 240
1410 4 2 1 1  161 749 453 615
1411 4 2 1 1  114 573 405 113
1412 4 2 1 1  405 694 406 537
1413 4 2 1 1  720 623 461 718
1414 4 2 1 1  101 560 393 392
1415 4 2 1 1  368 688 241 240
1416 4 2 1 1  634 560 708 561
1417 4 2 1 1  720 623 622 461
1418 4 2 1 1  761 300 301 469
1419 4 2 1 1  758 171 693 247
1420 4 2 1 1  748 499 452 451
1421 4 2 1 1  41 332 207 40
1422 4 2 1 1  252 269 761 179
1423 4 2 1 1  396 565 564 105
1424 4 2 1 1  308 187 309 17
1425 4 2 1 1  213 338 757 700
1426 4 2 1 1  396 565 728 564
1427 4 2 1 1  767 727 528 728
1428 4 2 1 1  744 611 612 650
1429 4 2 1 1  595 697 652 653
1430 4 2 1 1  222 348 221 56
1431 4 2 1 1  674 486 317 318
1432 4 2 1 1  443 605 151 444
1433 4 2 1 1  720 623 628 622
1434 4 2 1 1  292 585 420 713
1435 4 2 1 1  562 662 636 726
1436 4 2 1 1  766 761 759 689
1437 4 2 1 1  720 623 718 628
1438 4 2 1 1  265 286 205 677
1439 4 2 1 1  433 598 691 432
1440 4 2 1 1  675 764 705 683
1441 4 2 1 1  744 611 450 612
1442 4 2 1 1  744 748 613 451
1443 4 2 1 1  748 646 737 740
1444 4 2 1 1  729 766 687 689
1445 4 2 1 1  575 644 576 694
1446 4 2 1 1  552 384 93 92
1447 4 2 1 1  691 654 596 597
1448 4 2 1 1  598 691 597 655
1449 4 2 1 1  292 585 170 420
1450 4 2 1 1  292 585 548 170
1451 4 2 1 1  292 585 713 548
1452 4 2 1 1  713 624 635 585
1453 4 2 1 1  654 691 655 597
1454 4 2 1 1  579 735 643 642
1455 4 2 1 1  675 288 208 266
1456 4 2 1 1  578 735 643 579
1457 4 2 1 1  714 333 334 502
1458 4 2 1 1  644 694 573 643
1459 4 2 1 1  713 624 716 635
1460 4 2 1 1  557 719 390 389
1461 4 2 1 1  644 735 694 643
1462 4 2 1 1  200 762 257 695
1463 4 2 1 1  443 150 151 605
1464 4 2 1 1  766 421 468 469
1465 4 2 1 1  713 624 756 716
1466 4 2 1 1  353 352 225 60
1467 4 2 1 1  714 333 209 334
1468 4 2 1 1  443 605 444 746
1469 4 2 1 1  445 606 152 607
1470 4 2 1 1  396 727 728 528
1471 4 2 1 1  328 711 698 497
1472 4 2 1 1  431 691 597 432
1473 4 2 1 1  428 427 135 593
1474 4 2 1 1  352 224 225 60
1475 4 2 1 1  598 691 432 597
1476 4 2 1 1  557 98 390 558
1477 4 2 1 1  246 262 245 693
1478 4 2 1 1  209 714 279 705
1479 4 2 1 1  760 688 686 731
1480 4 2 1 1  563 626 564 727
1481 4 2 1 1  425 589 132 590
1482 4 2 1 1  713 624 585 756
1483 4 2 1 1  404 572 571 112
1484 4 2 1 1  466 760 686 731
1485 4 2 1 1  358 65 230 66
1486 4 2 1 1  163 455 162 617
1487 4 2 1 1  559 100 99 391
1488 4 2 1 1  454 725 749 616
1489 4 2 1 1  580 415 686 416
1490 4 2 1 1  476 742 428 429
1491 4 2 1 1  212 44 336 211
1492 4 2 1 1  499 677 330 498
1493 4 2 1 1  732 532 401 731
1494 4 2 1 1  744 611 743 450
1495 4 2 1 1  707 356 355 228
1496 4 2 1 1  184 305 14 306
1497 4 2 1 1  366 74 73 238
1498 4 2 1 1  725 454 502 455
1499 4 2 1 1  730 687 731 710
1500 4 2 1 1  744 611 650 743
1501 4 2 1 1  687 729 710 730
1502 4 2 1 1  552 385 716 553
1503 4 2 1 1  730 530 710 531
1504 4 2 1 1  532 400 401 731
1505 4 2 1 1  10 302 179 301
1506 4 2 1 1  213 701 271 270
1507 4 2 1 1  707 356 521 355
1508 4 2 1 1  187 18 309 17
1509 4 2 1 1  671 712 290 670
1510 4 2 1 1  246 84 210 376
1511 4 2 1 1  153 608 446 607
1512 4 2 1 1  552 385 384 716
1513 4 2 1 1  578 121 413 122
1514 4 2 1 1  703 352 224 225
1515 4 2 1 1  353 226 225 703
1516 4 2 1 1  216 341 751 750
1517 4 2 1 1  189 19 310 188
1518 4 2 1 1  552 385 93 384
1519 4 2 1 1  354 226 707 227
1520 4 2 1 1  342 217 50 49
1521 4 2 1 1  293 546 758 693
1522 4 2 1 1  421 687 584 766
1523 4 2 1 1  358 682 524 359
1524 4 2 1 1  598 140 597 432
1525 4 2 1 1  216 341 340 48
1526 4 2 1 1  600 747 601 436
1527 4 2 1 1  645 744 739 740
1528 4 2 1 1  421 687 419 584
1529 4 2 1 1  747 483 674 484
1530 4 2 1 1  298 176 6 297
1531 4 2 1 1  628 625 704 554
1532 4 2 1 1  638 639 731 583
1533 4 2 1 1  707 356 701 521
1534 4 2 1 1  707 356 228 701
1535 4 2 1 1  552 385 553 93
1536 4 2 1 1  466 298 297 760
1537 4 2 1 1  567 398 107 566
1538 4 2 1 1  567 398 399 107
1539 4 2 1 1  193 315 674 192
1540 4 2 1 1  694 539 540 408
1541 4 2 1 1  706 516 517 704
1542 4 2 1 1  189 311 310 19
1543 4 2 1 1  476 477 709 742
1544 4 2 1 1  496 328 698 497
1545 4 2 1 1  421 687 468 419
1546 4 2 1 1  245 372 244 80
1547 4 2 1 1  681 358 523 357
1548 4 2 1 1  256 762 257 200
1549 4 2 1 1  567 398 730 399
1550 4 2 1 1  598 433 599 141
1551 4 2 1 1  567 398 566 730
1552 4 2 1 1  245 372 693 244
1553 4 2 1 1  190 311 312 673
1554 4 2 1 1  466 760 297 686
1555 4 2 1 1  691 745 481 692
1556 4 2 1 1  553 625 554 704
1557 4 2 1 1  245 372 373 693
1558 4 2 1 1  284 241 684 248
1559 4 2 1 1  764 725 749 714
1560 4 2 1 1  664 589 649 736
1561 4 2 1 1  638 639 568 731
1562 4 2 1 1  141 433 599 434
1563 4 2 1 1  480 691 481 673
1564 4 2 1 1  35 36 202 327
1565 4 2 1 1  245 372 80 373
1566 4 2 1 1  711 186 185 264
1567 4 2 1 1  289 712 291 754
1568 4 2 1 1  599 745 656 657
1569 4 2 1 1  667 664 665 738
1570 4 2 1 1  711 186 307 185
1571 4 2 1 1  329 677 330 204
1572 4 2 1 1  675 755 754 676
1573 4 2 1 1  421 687 766 468
1574 4 2 1 1  732 532 731 688
1575 4 2 1 1  711 186 709 307
1576 4 2 1 1  575 410 576 118
1577 4 2 1 1  711 186 264 709
1578 4 2 1 1  711 286 255 672
1579 4 2 1 1  658 745 600 657
1580 4 2 1 1  745 599 600 657
1581 4 2 1 1  711 286 204 255
1582 4 2 1 1  711 286 677 204
1583 4 2 1 1  203 328 36 37
1584 4 2 1 1  582 686 581 640
1585 4 2 1 1  384 516 515 716
1586 4 2 1 1  606 655 607 746
1587 4 2 1 1  239 710 238 366
1588 4 2 1 1  239 710 250 238
1589 4 2 1 1  239 710 688 250
1590 4 2 1 1  422 130 587 129
1591 4 2 1 1  255 184 185 672
1592 4 2 1 1  214 339 47 215
1593 4 2 1 1  364 71 236 72
1594 4 2 1 1  516 715 515 716
1595 4 2 1 1  239 710 366 688
1596 4 2 1 1  705 675 683 280
1597 4 2 1 1  296 464 465 686
1598 4 2 1 1  703 720 680 750
1599 4 2 1 1  270 701 271 228
1600 4 2 1 1  711 286 672 677
1601 4 2 1 1  213 757 214 271
1602 4 2 1 1  75 368 76 240
1603 4 2 1 1  729 766 728 647
1604 4 2 1 1  766 421 469 422
1605 4 2 1 1  703 720 717 680
1606 4 2 1 1  703 720 718 717
1607 4 2 1 1  602 438 439 146
1608 4 2 1 1  703 720 750 718
1609 4 2 1 1  718 625 704 628
1610 4 2 1 1  288 209 705 714
1611 4 2 1 1  49 751 216 341
1612 4 2 1 1  49 751 217 216
1613 4 2 1 1  334 714 504 336
1614 4 2 1 1  675 206 268 207
1615 4 2 1 1  49 751 342 217
1616 4 2 1 1  605 745 656 746
1617 4 2 1 1  49 751 341 342
1618 4 2 1 1  744 612 613 659
1619 4 2 1 1  688 733 684 686
1620 4 2 1 1  323 746 492 673
1621 4 2 1 1  183 305 304 13
1622 4 2 1 1  323 746 491 492
1623 4 2 1 1  586 766 587 422
1624 4 2 1 1  661 615 676 749
1625 4 2 1 1  688 733 534 684
1626 4 2 1 1  602 747 439 438
1627 4 2 1 1  719 522 722 390
1628 4 2 1 1  288 278 705 209
1629 4 2 1 1  310 478 479 690
1630 4 2 1 1  688 733 732 534
1631 4 2 1 1  5 174 296 175
1632 4 2 1 1  229 701 356 357
1633 4 2 1 1  688 733 686 732
1634 4 2 1 1  718 703 704 706
1635 4 2 1 1  348 55 347 221
1636 4 2 1 1  645 592 591 739
1637 4 2 1 1  440 747 439 602
1638 4 2 1 1  582 418 731 583
1639 4 2 1 1  368 240 241 76
1640 4 2 1 1  369 688 534 684
1641 4 2 1 1  364 236 689 237
1642 4 2 1 1  323 746 692 491
1643 4 2 1 1  686 174 248 175
1644 4 2 1 1  507 757 680 508
1645 4 2 1 1  323 746 673 692
1646 4 2 1 1  668 774 761 770
1647 4 2 1 1  41 332 208 207
1648 4 2 1 1  164 723 457 456
1649 4 2 1 1  164 723 619 457
1650 4 2 1 1  676 615 660 614
1651 4 2 1 1  19 18 310 188
1652 4 2 1 1  766 421 422 586
1653 4 2 1 1  117 575 408 116
1654 4 2 1 1  741 667 660 666
1655 4 2 1 1  687 689 759 710
1656 4 2 1 1  631 723 619 632
1657 4 2 1 1  164 723 618 619
1658 4 2 1 1  160 453 614 615
1659 4 2 1 1  716 635 704 713
1660 4 2 1 1  305 473 474 672
1661 4 2 1 1  100 559 392 391
1662 4 2 1 1  177 250 759 251
1663 4 2 1 1  246 374 375 693
1664 4 2 1 1  715 222 349 348
1665 4 2 1 1  716 381 382 551
1666 4 2 1 1  549 87 86 378
1667 4 2 1 1  768 772 767 773
1668 4 2 1 1  716 381 513 382
1669 4 2 1 1  716 381 756 513
1670 4 2 1 1  71 364 236 363
1671 4 2 1 1  735 463 414 544
1672 4 2 1 1  686 641 581 640
1673 4 2 1 1  198 323 673 692
1674 4 2 1 1  164 723 456 618
1675 4 2 1 1  578 685 644 735
1676 4 2 1 1  518 706 704 703
1677 4 2 1 1  351 706 517 352
1678 4 2 1 1  351 516 517 706
1679 4 2 1 1  726 738 636 727
1680 4 2 1 1  716 381 551 756
1681 4 2 1 1  716 516 704 385
1682 4 2 1 1  269 668 771 774
1683 4 2 1 1  713 706 715 752
1684 4 2 1 1  518 706 517 704
1685 4 2 1 1  723 631 722 632
1686 4 2 1 1  631 723 722 702
1687 4 2 1 1  74 367 239 366
1688 4 2 1 1  335 210 693 171
1689 4 2 1 1  285 671 254 182
1690 4 2 1 1  701 681 679 722
1691 4 2 1 1  518 706 352 517
1692 4 2 1 1  713 706 718 704
1693 4 2 1 1  682 708 763 722
1694 4 2 1 1  713 706 752 718
1695 4 2 1 1  522 719 722 701
1696 4 2 1 1  470 766 469 422
1697 4 2 1 1  744 612 645 650
1698 4 2 1 1  686 760 297 175
1699 4 2 1 1  748 744 659 740
1700 4 2 1 1  518 706 703 352
1701 4 2 1 1  741 667 737 646
1702 4 2 1 1  605 745 657 656
1703 4 2 1 1  725 454 749 502
1704 4 2 1 1  608 447 609 154
1705 4 2 1 1  321 692 322 197
1706 4 2 1 1  571 732 641 733
1707 4 2 1 1  744 739 743 650
1708 4 2 1 1  760 249 688 250
1709 4 2 1 1  744 645 739 650
1710 4 2 1 1  321 692 490 322
1711 4 2 1 1  707 273 226 703
1712 4 2 1 1  321 692 674 490
1713 4 2 1 1  707 273 272 226
1714 4 2 1 1  769 363 770 768
1715 4 2 1 1  707 273 750 272
1716 4 2 1 1  476 477 742 429
1717 4 2 1 1  687 638 731 583
1718 4 2 1 1  72 365 73 237
1719 4 2 1 1  569 639 731 568
1720 4 2 1 1  173 3 294 172
1721 4 2 1 1  400 730 399 567
1722 4 2 1 1  363 529 770 768
1723 4 2 1 1  707 273 703 750
1724 4 2 1 1  542 503 380 756
1725 4 2 1 1  767 668 773 772
1726 4 2 1 1  728 770 768 773
1727 4 2 1 1  362 363 70 235
1728 4 2 1 1  708 559 633 722
1729 4 2 1 1  367 368 688 533
1730 4 2 1 1  746 490 443 745
1731 4 2 1 1  751 718 703 750
1732 4 2 1 1  582 417 126 125
1733 4 2 1 1  457 619 165 458
1734 4 2 1 1  723 724 763 679
1735 4 2 1 1  566 729 647 637
1736 4 2 1 1  457 164 165 619
1737 4 2 1 1  675 764 749 714
1738 4 2 1 1  757 339 750 508
1739 4 2 1 1  732 533 534 402
1740 4 2 1 1  746 490 491 443
1741 4 2 1 1  444 491 746 492
1742 4 2 1 1  716 382 514 383
1743 4 2 1 1  571 732 570 641
1744 4 2 1 1  738 726 666 676
1745 4 2 1 1  41 42 208 333
1746 4 2 1 1  543 547 693 462
1747 4 2 1 1  210 246 376 693
1748 4 2 1 1  396 397 528 728
1749 4 2 1 1  423 130 587 422
1750 4 2 1 1  423 588 587 130
1751 4 2 1 1  671 473 753 737
1752 4 2 1 1  701 719 702 680
1753 4 2 1 1  499 748 452 500
1754 4 2 1 1  588 648 669 587
1755 4 2 1 1  687 467 468 419
1756 4 2 1 1  423 588 669 587
1757 4 2 1 1  697 430 431 596
1758 4 2 1 1  721 507 702 680
1759 4 2 1 1  746 490 692 491
1760 4 2 1 1  684 735 733 734
1761 4 2 1 1  728 767 773 768
1762 4 2 1 1  697 430 478 431
1763 4 2 1 1  718 509 461 720
1764 4 2 1 1  697 430 742 478
1765 4 2 1 1  177 8 299 7
1766 4 2 1 1  664 646 590 737
1767 4 2 1 1  762 673 257 695
1768 4 2 1 1  638 730 731 568
1769 4 2 1 1  746 490 745 692
1770 4 2 1 1  723 632 722 633
1771 4 2 1 1  571 732 403 570
1772 4 2 1 1  756 503 380 379
1773 4 2 1 1  364 236 237 72
1774 4 2 1 1  571 732 733 403
1775 4 2 1 1  655 691 607 746
1776 4 2 1 1  77 242 241 369
1777 4 2 1 1  394 708 393 561
1778 4 2 1 1  526 394 726 525
1779 4 2 1 1  741 738 666 676
1780 4 2 1 1  615 661 676 660
1781 4 2 1 1  580 735 642 733
1782 4 2 1 1  414 578 413 122
1783 4 2 1 1  328 711 203 698
1784 4 2 1 1  18 187 309 188
1785 4 2 1 1  507 700 702 680
1786 4 2 1 1  580 735 579 642
1787 4 2 1 1  394 708 525 393
1788 4 2 1 1  741 667 663 660
1789 4 2 1 1  550 549 624 756
1790 4 2 1 1  762 673 695 690
1791 4 2 1 1  707 228 271 701
1792 4 2 1 1  369 368 241 76
1793 4 2 1 1  381 542 380 756
1794 4 2 1 1  688 249 248 240
1795 4 2 1 1  401 569 568 109
1796 4 2 1 1  173 295 3 4
1797 4 2 1 1  580 735 415 579
1798 4 2 1 1  694 644 573 574
1799 4 2 1 1  201 287 696 698
1800 4 2 1 1  705 682 763 714
1801 4 2 1 1  707 228 227 271
1802 4 2 1 1  580 735 733 415
1803 4 2 1 1  124 580 581 416
1804 4 2 1 1  193 674 194 261
1805 4 2 1 1  764 725 714 763
1806 4 2 1 1  625 718 548 623
1807 4 2 1 1  269 774 771 769
1808 4 2 1 1  707 228 355 227
1809 4 2 1 1  394 708 726 525
1810 4 2 1 1  394 708 561 726
1811 4 2 1 1  365 364 237 72
1812 4 2 1 1  361 755 683 526
1813 4 2 1 1  724 725 455 617
1814 4 2 1 1  525 682 524 708
1815 4 2 1 1  738 741 754 676
1816 4 2 1 1  721 621 720 629
1817 4 2 1 1  525 682 359 524
1818 4 2 1 1  525 682 705 359
1819 4 2 1 1  355 62 227 63
1820 4 2 1 1  525 682 708 705
1821 4 2 1 1  675 208 207 266
1822 4 2 1 1  147 440 603 148
1823 4 2 1 1  677 748 737 740
1824 4 2 1 1  675 208 332 207
1825 4 2 1 1  35 34 326 201
1826 4 2 1 1  302 179 301 761
1827 4 2 1 1  54 220 53 346
1828 4 2 1 1  408 407 116 574
1829 4 2 1 1  709 186 287 187
1830 4 2 1 1  259 673 190 692
1831 4 2 1 1  259 673 258 190
1832 4 2 1 1  295 173 174 4
1833 4 2 1 1  91 552 92 383
1834 4 2 1 1  430 477 742 478
1835 4 2 1 1  425 590 740 737
1836 4 2 1 1  98 557 390 389
1837 4 2 1 1  305 183 672 184
1838 4 2 1 1  183 305 672 753
1839 4 2 1 1  259 673 198 258
1840 4 2 1 1  184 305 306 672
1841 4 2 1 1  508 339 750 340
1842 4 2 1 1  101 102 393 561
1843 4 2 1 1  460 621 167 622
1844 4 2 1 1  259 673 692 198
1845 4 2 1 1  193 674 261 192
1846 4 2 1 1  685 578 577 413
1847 4 2 1 1  144 143 601 436
1848 4 2 1 1  176 760 249 175
1849 4 2 1 1  592 427 739 593
1850 4 2 1 1  742 699 709 743
1851 4 2 1 1  546 463 294 758
1852 4 2 1 1  714 501 749 675
1853 4 2 1 1  173 684 283 758
1854 4 2 1 1  412 121 413 577
1855 4 2 1 1  714 501 502 749
1856 4 2 1 1  677 744 743 498
1857 4 2 1 1  744 450 743 498
1858 4 2 1 1  694 539 538 693
1859 4 2 1 1  450 744 451 498
1860 4 2 1 1  520 355 707 521
1861 4 2 1 1  509 341 340 750
1862 4 2 1 1  452 160 614 159
1863 4 2 1 1  590 736 589 664
1864 4 2 1 1  160 453 615 161
1865 4 2 1 1  590 736 425 589
1866 4 2 1 1  547 693 376 541
1867 4 2 1 1  280 675 289 266
1868 4 2 1 1  590 736 737 425
1869 4 2 1 1  171 335 293 693
1870 4 2 1 1  706 350 351 516
1871 4 2 1 1  711 699 709 698
1872 4 2 1 1  355 354 707 227
1873 4 2 1 1  590 736 664 737
1874 4 2 1 1  293 546 693 462
1875 4 2 1 1  714 501 333 502
1876 4 2 1 1  706 350 223 351
1877 4 2 1 1  262 246 210 693
1878 4 2 1 1  480 691 690 479
1879 4 2 1 1  706 350 715 223
1880 4 2 1 1  100 101 392 560
1881 4 2 1 1  506 723 679 505
1882 4 2 1 1  691 480 690 673
1883 4 2 1 1  400 532 730 731
1884 4 2 1 1  706 350 516 715
1885 4 2 1 1  719 520 707 521
1886 4 2 1 1  714 501 675 333
1887 4 2 1 1  569 732 640 570
1888 4 2 1 1  425 736 424 589
1889 4 2 1 1  508 720 750 680
1890 4 2 1 1  400 108 568 567
1891 4 2 1 1  226 272 707 227
1892 4 2 1 1  311 310 479 690
1893 4 2 1 1  730 530 531 399
1894 4 2 1 1  442 441 149 604
1895 4 2 1 1  626 765 649 669
1896 4 2 1 1  626 765 665 649
1897 4 2 1 1  323 32 198 324
1898 4 2 1 1  598 433 140 432
1899 4 2 1 1  418 687 583 419
1900 4 2 1 1  326 35 201 327
1901 4 2 1 1  257 199 673 258
1902 4 2 1 1  466 417 731 686
1903 4 2 1 1  197 31 198 323
1904 4 2 1 1  243 371 79 244
1905 4 2 1 1  425 736 472 424
1906 4 2 1 1  455 725 162 617
1907 4 2 1 1  31 32 198 323
1908 4 2 1 1  115 114 574 406
1909 4 2 1 1  751 509 718 750
1910 4 2 1 1  626 765 727 665
1911 4 2 1 1  734 371 537 536
1912 4 2 1 1  608 153 446 154
1913 4 2 1 1  626 765 669 727
1914 4 2 1 1  407 115 574 406
1915 4 2 1 1  519 387 717 518
1916 4 2 1 1  701 757 271 707
1917 4 2 1 1  734 371 693 537
1918 4 2 1 1  278 209 279 705
1919 4 2 1 1  755 361 683 233
1920 4 2 1 1  425 736 737 472
1921 4 2 1 1  734 371 684 693
1922 4 2 1 1  718 509 720 750
1923 4 2 1 1  123 414 122 579
1924 4 2 1 1  734 371 536 684
1925 4 2 1 1  509 508 720 750
1926 4 2 1 1  555 387 95 554
1927 4 2 1 1  367 239 688 240
1928 4 2 1 1  592 134 591 426
1929 4 2 1 1  248 760 688 686
1930 4 2 1 1  644 685 577 576
1931 4 2 1 1  248 760 249 688
1932 4 2 1 1  166 458 165 620
1933 4 2 1 1  573 114 405 406
1934 4 2 1 1  440 147 603 602
1935 4 2 1 1  447 608 446 154
1936 4 2 1 1  368 367 688 240
1937 4 2 1 1  739 592 591 426
1938 4 2 1 1  700 701 702 680
1939 4 2 1 1  699 697 652 742
1940 4 2 1 1  747 489 490 442
1941 4 2 1 1  445 695 607 446
1942 4 2 1 1  697 699 609 447
1943 4 2 1 1  412 685 577 413
1944 4 2 1 1  708 392 393 560
1945 4 2 1 1  668 761 470 770
1946 4 2 1 1  721 507 680 508
1947 4 2 1 1  189 257 673 258
1948 4 2 1 1  770 774 769 771
1949 4 2 1 1  114 573 574 406
1950 4 2 1 1  212 263 211 681
1951 4 2 1 1  524 708 393 525
1952 4 2 1 1  417 686 416 581
1953 4 2 1 1  354 519 703 353
1954 4 2 1 1  431 596 139 597
1955 4 2 1 1  674 196 320 195
1956 4 2 1 1  608 697 609 447
1957 4 2 1 1  493 695 324 492
1958 4 2 1 1  196 674 260 261
1959 4 2 1 1  726 666 661 662
1960 4 2 1 1  694 537 538 406
1961 4 2 1 1  689 363 529 770
1962 4 2 1 1  503 715 346 345
1963 4 2 1 1  464 295 684 686
1964 4 2 1 1  596 431 139 138
1965 4 2 1 1  562 726 561 662
1966 4 2 1 1  432 431 139 597
1967 4 2 1 1  58 222 350 223
1968 4 2 1 1  715 516 515 350
1969 4 2 1 1  292 170 548 169
1970 4 2 1 1  708 392 524 393
1971 4 2 1 1  220 345 346 715
1972 4 2 1 1  222 715 350 223
1973 4 2 1 1  723 457 702 619
1974 4 2 1 1  671 471 303 472
1975 4 2 1 1  348 222 349 56
1976 4 2 1 1  687 729 637 584
1977 4 2 1 1  321 196 29 320
1978 4 2 1 1  674 318 194 195
1979 4 2 1 1  729 687 637 730
1980 4 2 1 1  583 687 584 419
1981 4 2 1 1  726 666 676 661
1982 4 2 1 1  319 674 320 195
1983 4 2 1 1  721 621 630 620
1984 4 2 1 1  232 705 231 359
1985 4 2 1 1  674 321 320 196
1986 4 2 1 1  566 107 106 398
1987 4 2 1 1  456 723 457 505
1988 4 2 1 1  248 760 175 249
1989 4 2 1 1  507 757 508 339
1990 4 2 1 1  532 688 710 731
1991 4 2 1 1  248 760 686 175
1992 4 2 1 1  509 460 461 720
1993 4 2 1 1  532 688 366 710
1994 4 2 1 1  530 365 710 531
1995 4 2 1 1  318 674 194 317
1996 4 2 1 1  631 723 702 619
1997 4 2 1 1  565 729 397 728
1998 4 2 1 1  536 405 537 734
1999 4 2 1 1  435 747 483 745
2000 4 2 1 1  565 729 566 397
2001 4 2 1 1  572 573 405 734
2002 4 2 1 1  565 729 647 566
2003 4 2 1 1  582 686 640 731
2004 4 2 1 1  703 718 752 706
2005 4 2 1 1  542 381 513 756
2006 4 2 1 1  565 729 728 647
2007 4 2 1 1  435 747 436 483
2008 4 2 1 1  39 331 205 330
2009 4 2 1 1  694 575 408 409
2010 4 2 1 1  435 747 600 436
2011 4 2 1 1  582 417 686 731
2012 4 2 1 1  418 687 731 583
2013 4 2 1 1  573 694 405 734
2014 4 2 1 1  405 694 537 734
2015 4 2 1 1  374 539 693 373
2016 4 2 1 1  573 572 643 734
2017 4 2 1 1  520 388 719 717
2018 4 2 1 1  687 638 583 584
2019 4 2 1 1  573 694 734 643
2020 4 2 1 1  694 735 734 643
2021 4 2 1 1  280 281 755 233
2022 4 2 1 1  712 670 767 772
2023 4 2 1 1  670 668 767 772
2024 4 2 1 1  394 562 561 102
2025 4 2 1 1  552 716 383 551
2026 4 2 1 1  332 41 208 333
2027 4 2 1 1  747 486 438 485
2028 4 2 1 1  435 747 745 600
2029 4 2 1 1  437 747 438 485
2030 4 2 1 1  440 147 602 439
2031 4 2 1 1  280 281 289 755
2032 4 2 1 1  345 219 715 220
2033 4 2 1 1  734 758 684 735
2034 4 2 1 1  341 216 340 750
2035 4 2 1 1  628 625 623 718
2036 4 2 1 1  734 758 693 684
2037 4 2 1 1  486 747 439 487
2038 4 2 1 1  460 621 622 720
2039 4 2 1 1  644 685 576 694
2040 4 2 1 1  773 765 668 767
2041 4 2 1 1  674 484 316 485
2042 4 2 1 1  734 758 685 693
2043 4 2 1 1  194 25 317 316
2044 4 2 1 1  734 758 735 685
2045 4 2 1 1  291 671 254 285
2046 4 2 1 1  13 12 304 182
2047 4 2 1 1  331 675 500 332
2048 4 2 1 1  192 692 191 313
2049 4 2 1 1  192 692 260 191
2050 4 2 1 1  705 359 360 525
2051 4 2 1 1  563 726 636 727
2052 4 2 1 1  588 648 649 669
2053 4 2 1 1  563 626 727 636
2054 4 2 1 1  192 692 674 260
2055 4 2 1 1  311 190 312 20
2056 4 2 1 1  648 626 669 627
2057 4 2 1 1  190 21 312 20
2058 4 2 1 1  705 279 231 682
2059 4 2 1 1  176 760 175 297
2060 4 2 1 1  688 240 248 241
2061 4 2 1 1  355 227 228 63
2062 4 2 1 1  545 685 543 412
2063 4 2 1 1  389 719 390 521
2064 4 2 1 1  278 279 231 705
2065 4 2 1 1  595 430 596 138
2066 4 2 1 1  201 327 202 698
2067 4 2 1 1  354 226 703 707
2068 4 2 1 1  186 308 17 187
2069 4 2 1 1  696 325 326 494
2070 4 2 1 1  430 595 137 138
2071 4 2 1 1  730 532 531 710
2072 4 2 1 1  367 239 240 75
2073 4 2 1 1  528 767 728 768
2074 4 2 1 1  490 322 692 491
2075 4 2 1 1  696 325 200 326
2076 4 2 1 1  771 668 253 772
2077 4 2 1 1  374 245 246 82
2078 4 2 1 1  723 456 724 505
2079 4 2 1 1  590 646 591 740
2080 4 2 1 1  691 746 692 673
2081 4 2 1 1  766 423 470 728
2082 4 2 1 1  691 745 692 746
2083 4 2 1 1  552 384 92 383
2084 4 2 1 1  766 423 422 470
2085 4 2 1 1  756 550 379 380
2086 4 2 1 1  654 596 653 697
2087 4 2 1 1  273 216 750 215
2088 4 2 1 1  766 423 587 422
2089 4 2 1 1  559 708 633 560
2090 4 2 1 1  25 193 316 194
2091 4 2 1 1  771 668 269 253
2092 4 2 1 1  679 336 337 505
2093 4 2 1 1  550 88 379 380
2094 4 2 1 1  696 325 695 200
2095 4 2 1 1  766 423 728 587
2096 4 2 1 1  696 325 494 695
2097 4 2 1 1  684 243 283 247
2098 4 2 1 1  661 666 676 660
2099 4 2 1 1  579 123 415 580
2100 4 2 1 1  724 725 763 714
2101 4 2 1 1  150 442 149 604
2102 4 2 1 1  306 184 672 185
2103 4 2 1 1  425 133 426 591
2104 4 2 1 1  133 425 590 591
2105 4 2 1 1  739 740 426 591
2106 4 2 1 1  739 645 740 591
2107 4 2 1 1  741 614 660 663
2108 4 2 1 1  338 757 507 339
2109 4 2 1 1  741 614 676 660
2110 4 2 1 1  741 614 748 676
2111 4 2 1 1  709 699 696 698
2112 4 2 1 1  306 672 307 185
2113 4 2 1 1  741 614 663 748
2114 4 2 1 1  287 709 698 264
2115 4 2 1 1  593 428 739 743
2116 4 2 1 1  762 187 256 188
2117 4 2 1 1  740 425 426 591
2118 4 2 1 1  682 705 359 231
2119 4 2 1 1  363 71 70 235
2120 4 2 1 1  762 187 287 256
2121 4 2 1 1  762 187 709 287
2122 4 2 1 1  651 611 610 699
2123 4 2 1 1  255 286 184 672
2124 4 2 1 1  590 425 740 591
2125 4 2 1 1  111 570 571 403
2126 4 2 1 1  735 685 544 413
2127 4 2 1 1  206 331 205 39
2128 4 2 1 1  219 344 343 51
2129 4 2 1 1  319 674 488 320
2130 4 2 1 1  259 197 692 260
2131 4 2 1 1  687 760 759 467
2132 4 2 1 1  343 51 50 218
2133 4 2 1 1  707 719 701 680
2134 4 2 1 1  434 599 142 435
2135 4 2 1 1  570 111 402 403
2136 4 2 1 1  404 112 571 403
2137 4 2 1 1  112 111 571 403
2138 4 2 1 1  352 59 224 60
2139 4 2 1 1  196 674 261 195
2140 4 2 1 1  358 230 681 682
2141 4 2 1 1  619 457 702 458
2142 4 2 1 1  762 187 188 709
2143 4 2 1 1  707 719 521 701
2144 4 2 1 1  675 332 208 333
2145 4 2 1 1  177 760 298 759
2146 4 2 1 1  661 726 749 676
2147 4 2 1 1  496 497 699 449
2148 4 2 1 1  649 648 626 669
2149 4 2 1 1  423 470 668 471
2150 4 2 1 1  234 281 772 267
2151 4 2 1 1  177 760 176 298
2152 4 2 1 1  315 193 23 192
2153 4 2 1 1  177 760 250 176
2154 4 2 1 1  464 465 686 416
2155 4 2 1 1  681 358 682 523
2156 4 2 1 1  234 772 768 267
2157 4 2 1 1  177 760 759 250
2158 4 2 1 1  718 703 717 704
2159 4 2 1 1  299 467 468 759
2160 4 2 1 1  727 526 527 395
2161 4 2 1 1  234 768 235 267
2162 4 2 1 1  190 189 673 258
2163 4 2 1 1  527 727 528 767
2164 4 2 1 1  279 714 682 705
2165 4 2 1 1  695 199 673 257
2166 4 2 1 1  727 526 767 527
2167 4 2 1 1  727 526 726 767
2168 4 2 1 1  234 235 768 362
2169 4 2 1 1  727 526 395 726
2170 4 2 1 1  177 298 299 759
2171 4 2 1 1  299 177 759 178
2172 4 2 1 1  270 212 679 681
2173 4 2 1 1  249 239 688 250
2174 4 2 1 1  232 67 68 360
2175 4 2 1 1  651 593 650 743
2176 4 2 1 1  362 528 768 767
2177 4 2 1 1  590 646 740 737
2178 4 2 1 1  586 421 129 128
2179 4 2 1 1  292 623 169 548
2180 4 2 1 1  711 709 264 698
2181 4 2 1 1  667 664 737 646
2182 4 2 1 1  727 626 564 627
2183 4 2 1 1  764 726 708 683
2184 4 2 1 1  210 335 85 1
2185 4 2 1 1  292 623 461 169
2186 4 2 1 1  705 764 708 683
2187 4 2 1 1  200 696 201 762
2188 4 2 1 1  721 458 620 702
2189 4 2 1 1  200 696 326 201
2190 4 2 1 1  674 487 319 488
2191 4 2 1 1  292 623 718 461
2192 4 2 1 1  242 684 241 369
2193 4 2 1 1  463 295 294 758
2194 4 2 1 1  200 696 762 695
2195 4 2 1 1  242 684 284 241
2196 4 2 1 1  671 738 754 712
2197 4 2 1 1  292 623 548 718
2198 4 2 1 1  344 345 715 512
2199 4 2 1 1  695 494 697 446
2200 4 2 1 1  677 286 205 204
2201 4 2 1 1  677 329 330 498
2202 4 2 1 1  682 678 763 714
2203 4 2 1 1  434 745 482 481
2204 4 2 1 1  671 471 668 303
2205 4 2 1 1  690 709 697 762
2206 4 2 1 1  563 727 564 396
2207 4 2 1 1  677 204 205 330
2208 4 2 1 1  726 767 765 727
2209 4 2 1 1  499 331 330 677
2210 4 2 1 1  764 634 726 749
2211 4 2 1 1  690 709 478 697
2212 4 2 1 1  690 709 310 478
2213 4 2 1 1  526 361 755 767
2214 4 2 1 1  562 394 726 395
2215 4 2 1 1  349 222 57 56
2216 4 2 1 1  117 575 409 408
2217 4 2 1 1  453 615 749 676
2218 4 2 1 1  275 752 217 218
2219 4 2 1 1  669 626 727 627
2220 4 2 1 1  690 709 762 310
2221 4 2 1 1  453 500 676 501
2222 4 2 1 1  38 204 330 205
2223 4 2 1 1  726 767 755 765
2224 4 2 1 1  361 68 233 69
2225 4 2 1 1  726 767 526 755
2226 4 2 1 1  757 215 214 272
2227 4 2 1 1  389 556 97 557
2228 4 2 1 1  345 220 53 52
2229 4 2 1 1  527 362 767 528
2230 4 2 1 1  634 661 726 749
2231 4 2 1 1  519 387 388 717
2232 4 2 1 1  311 189 673 190
2233 4 2 1 1  48 216 215 340
2234 4 2 1 1  289 755 675 280
2235 4 2 1 1  691 656 745 746
2236 4 2 1 1  671 181 303 668
2237 4 2 1 1  2 171 293 172
2238 4 2 1 1  757 215 339 214
2239 4 2 1 1  757 215 750 339
2240 4 2 1 1  757 215 272 750
2241 4 2 1 1  352 351 224 59
2242 4 2 1 1  3 2 294 172
2243 4 2 1 1  691 656 598 745
2244 4 2 1 1  389 556 388 97
2245 4 2 1 1  389 556 719 388
2246 4 2 1 1  414 735 544 413
2247 4 2 1 1  684 536 535 370
2248 4 2 1 1  691 656 655 598
2249 4 2 1 1  389 556 557 719
2250 4 2 1 1  308 709 309 187
2251 4 2 1 1  471 302 668 303
2252 4 2 1 1  453 454 501 749
2253 4 2 1 1  335 171 293 1
2254 4 2 1 1  670 253 671 668
2255 4 2 1 1  684 242 284 283
2256 4 2 1 1  219 276 715 277
2257 4 2 1 1  428 429 594 136
2258 4 2 1 1  691 656 746 655
2259 4 2 1 1  593 428 594 136
2260 4 2 1 1  556 629 719 717
2261 4 2 1 1  450 497 743 498
2262 4 2 1 1  634 725 617 616
2263 4 2 1 1  428 593 135 136
2264 4 2 1 1  448 496 699 449
2265 4 2 1 1  500 453 676 452
2266 4 2 1 1  296 465 297 686
2267 4 2 1 1  342 751 510 752
2268 4 2 1 1  34 325 326 200
2269 4 2 1 1  697 654 608 653
2270 4 2 1 1  670 253 290 671
2271 4 2 1 1  674 747 487 488
2272 4 2 1 1  725 634 617 633
2273 4 2 1 1  342 751 341 510
2274 4 2 1 1  730 638 567 568
2275 4 2 1 1  766 729 728 689
2276 4 2 1 1  755 675 683 726
2277 4 2 1 1  639 582 731 583
2278 4 2 1 1  124 415 580 416
2279 4 2 1 1  342 751 752 217
2280 4 2 1 1  747 440 487 488
2281 4 2 1 1  693 375 376 541
2282 4 2 1 1  84 246 83 376
2283 4 2 1 1  755 675 280 683
2284 4 2 1 1  697 608 446 447
2285 4 2 1 1  527 361 526 767
2286 4 2 1 1  564 727 728 396
2287 4 2 1 1  534 733 403 535
2288 4 2 1 1  259 197 198 692
2289 4 2 1 1  437 144 601 436
2290 4 2 1 1  242 684 370 243
2291 4 2 1 1  247 243 244 693
2292 4 2 1 1  181 671 182 254
2293 4 2 1 1  555 387 717 388
2294 4 2 1 1  742 651 743 593
2295 4 2 1 1  15 184 306 185
2296 4 2 1 1  562 394 561 726
2297 4 2 1 1  725 749 714 502
2298 4 2 1 1  357 522 701 356
2299 4 2 1 1  357 522 681 701
2300 4 2 1 1  456 163 724 455
2301 4 2 1 1  506 679 337 505
2302 4 2 1 1  757 272 271 707
2303 4 2 1 1  766 729 584 586
2304 4 2 1 1  634 560 633 708
2305 4 2 1 1  105 104 564 396
2306 4 2 1 1  687 766 759 689
2307 4 2 1 1  732 403 402 534
2308 4 2 1 1  732 403 570 402
2309 4 2 1 1  213 700 679 337
2310 4 2 1 1  670 253 772 290
2311 4 2 1 1  213 338 700 337
2312 4 2 1 1  186 308 307 16
2313 4 2 1 1  186 16 307 185
2314 4 2 1 1  721 507 508 459
2315 4 2 1 1  688 368 241 369
2316 4 2 1 1  161 454 616 162
2317 4 2 1 1  725 454 455 162
2318 4 2 1 1  474 672 739 475
2319 4 2 1 1  721 720 680 717
2320 4 2 1 1  721 719 702 630
2321 4 2 1 1  427 474 739 475
2322 4 2 1 1  721 719 680 702
2323 4 2 1 1  203 711 329 204
2324 4 2 1 1  365 237 710 238
2325 4 2 1 1  761 178 300 759
2326 4 2 1 1  665 738 727 636
2327 4 2 1 1  586 729 584 637
2328 4 2 1 1  255 711 203 204
2329 4 2 1 1  178 299 300 759
2330 4 2 1 1  124 125 416 581
2331 4 2 1 1  465 466 297 686
2332 4 2 1 1  719 631 702 630
2333 4 2 1 1  715 542 513 756
2334 4 2 1 1  732 403 534 733
2335 4 2 1 1  559 632 633 722
2336 4 2 1 1  751 752 718 510
2337 4 2 1 1  735 414 415 579
2338 4 2 1 1  692 196 197 321
2339 4 2 1 1  628 718 720 717
2340 4 2 1 1  683 705 360 525
2341 4 2 1 1  417 466 465 686
2342 4 2 1 1  692 196 260 197
2343 4 2 1 1  692 196 674 260
2344 4 2 1 1  506 700 337 679
2345 4 2 1 1  506 338 337 700
2346 4 2 1 1  171 293 758 693
2347 4 2 1 1  243 684 693 247
2348 4 2 1 1  107 108 399 567
2349 4 2 1 1  410 575 576 694
2350 4 2 1 1  410 685 576 411
2351 4 2 1 1  635 625 713 548
2352 4 2 1 1  256 762 200 201
2353 4 2 1 1  670 253 668 772
2354 4 2 1 1  692 196 321 674
2355 4 2 1 1  499 744 748 677
2356 4 2 1 1  715 503 756 512
2357 4 2 1 1  732 569 401 402
2358 4 2 1 1  733 642 571 734
2359 4 2 1 1  569 110 401 402
2360 4 2 1 1  694 407 574 406
2361 4 2 1 1  176 298 760 297
2362 4 2 1 1  121 578 413 577
2363 4 2 1 1  61 354 226 353
2364 4 2 1 1  174 296 175 686
2365 4 2 1 1  110 569 570 402
2366 4 2 1 1  290 281 267 772
2367 4 2 1 1  682 708 705 763
2368 4 2 1 1  612 450 451 158
2369 4 2 1 1  201 35 202 327
2370 4 2 1 1  245 81 373 80
2371 4 2 1 1  179 668 269 761
2372 4 2 1 1  442 745 443 490
2373 4 2 1 1  747 489 441 488
2374 4 2 1 1  203 711 264 698
2375 4 2 1 1  179 668 180 269
2376 4 2 1 1  223 276 277 715
2377 4 2 1 1  703 706 224 352
2378 4 2 1 1  42 209 208 333
2379 4 2 1 1  407 694 538 406
2380 4 2 1 1  29 196 195 320
2381 4 2 1 1  28 29 195 320
2382 4 2 1 1  671 303 304 472
2383 4 2 1 1  328 711 329 203
2384 4 2 1 1  411 120 576 119
2385 4 2 1 1  179 668 302 180
2386 4 2 1 1  206 265 205 677
2387 4 2 1 1  733 534 684 535
2388 4 2 1 1  329 711 677 204
2389 4 2 1 1  442 745 604 443
2390 4 2 1 1  595 652 742 594
2391 4 2 1 1  292 718 548 713
2392 4 2 1 1  417 582 581 125
2393 4 2 1 1  440 747 441 488
2394 4 2 1 1  474 306 672 475
2395 4 2 1 1  171 262 693 247
2396 4 2 1 1  163 724 455 617
2397 4 2 1 1  747 437 601 436
2398 4 2 1 1  194 674 316 317
2399 4 2 1 1  716 715 515 514
2400 4 2 1 1  652 651 699 742
2401 4 2 1 1  486 747 674 485
2402 4 2 1 1  716 514 515 383
2403 4 2 1 1  559 100 392 560
2404 4 2 1 1  506 723 457 702
2405 4 2 1 1  774 770 252 761
2406 4 2 1 1  715 349 515 514
2407 4 2 1 1  685 411 577 576
2408 4 2 1 1  526 726 683 525
2409 4 2 1 1  246 375 376 693
2410 4 2 1 1  338 213 46 45
2411 4 2 1 1  296 686 297 175
2412 4 2 1 1  6 176 175 297
2413 4 2 1 1  774 252 770 769
2414 4 2 1 1  179 668 761 302
2415 4 2 1 1  411 685 577 412
2416 4 2 1 1  774 252 269 761
2417 4 2 1 1  267 253 290 772
2418 4 2 1 1  719 520 717 707
2419 4 2 1 1  578 685 577 644
2420 4 2 1 1  774 269 252 769
2421 4 2 1 1  442 745 747 604
2422 4 2 1 1  349 715 515 350
2423 4 2 1 1  719 631 722 702
2424 4 2 1 1  612 744 645 659
2425 4 2 1 1  344 219 345 52
2426 4 2 1 1  384 716 515 383
2427 4 2 1 1  634 763 764 708
2428 4 2 1 1  764 763 634 725
2429 4 2 1 1  94 553 554 386
2430 4 2 1 1  667 741 663 646
2431 4 2 1 1  748 744 740 677
2432 4 2 1 1  747 437 436 484
2433 4 2 1 1  748 500 676 452
2434 4 2 1 1  674 316 317 485
2435 4 2 1 1  365 689 530 710
2436 4 2 1 1  611 651 743 699
2437 4 2 1 1  23 315 192 314
2438 4 2 1 1  553 94 385 386
2439 4 2 1 1  747 441 604 603
2440 4 2 1 1  685 578 413 735
2441 4 2 1 1  94 95 386 554
2442 4 2 1 1  404 572 405 734
2443 4 2 1 1  95 387 386 554
2444 4 2 1 1  108 400 399 567
2445 4 2 1 1  400 401 568 109
2446 4 2 1 1  685 644 735 694
2447 4 2 1 1  157 450 612 158
2448 4 2 1 1  553 704 554 386
2449 4 2 1 1  764 705 708 763
2450 4 2 1 1  253 267 771 772
2451 4 2 1 1  739 593 650 592
2452 4 2 1 1  553 385 704 386
2453 4 2 1 1  675 266 207 268
2454 4 2 1 1  216 340 750 215
2455 4 2 1 1  747 658 602 603
2456 4 2 1 1  140 432 139 597
2457 4 2 1 1  747 440 603 602
2458 4 2 1 1  339 340 215 750
2459 4 2 1 1  442 745 490 747
2460 4 2 1 1  671 473 472 304
2461 4 2 1 1  427 592 739 426
2462 4 2 1 1  38 329 330 204
2463 4 2 1 1  527 395 396 727
2464 4 2 1 1  650 593 739 743
2465 4 2 1 1  618 723 724 633
2466 4 2 1 1  742 651 593 594
2467 4 2 1 1  232 67 359 231
2468 4 2 1 1  723 618 632 633
2469 4 2 1 1  652 651 742 594
2470 4 2 1 1  768 771 772 773
2471 4 2 1 1  186 709 308 187
2472 4 2 1 1  768 771 267 772
2473 4 2 1 1  651 611 743 650
2474 4 2 1 1  428 742 594 429
2475 4 2 1 1  441 148 149 603
2476 4 2 1 1  729 766 584 687
2477 4 2 1 1  552 635 553 716
2478 4 2 1 1  757 508 750 680
2479 4 2 1 1  768 771 769 267
2480 4 2 1 1  368 688 533 534
2481 4 2 1 1  742 428 594 593
2482 4 2 1 1  363 236 769 770
2483 4 2 1 1  295 174 686 296
2484 4 2 1 1  367 74 239 75
2485 4 2 1 1  365 689 364 530
2486 4 2 1 1  738 664 736 737
2487 4 2 1 1  755 712 281 289
2488 4 2 1 1  285 671 183 753
2489 4 2 1 1  365 689 237 364
2490 4 2 1 1  391 722 390 558
2491 4 2 1 1  699 496 495 698
2492 4 2 1 1  373 539 693 538
2493 4 2 1 1  224 274 703 225
2494 4 2 1 1  283 684 247 758
2495 4 2 1 1  738 755 726 676
2496 4 2 1 1  365 689 710 237
2497 4 2 1 1  338 506 507 700
2498 4 2 1 1  707 519 717 703
2499 4 2 1 1  540 375 693 541
2500 4 2 1 1  465 417 686 416
2501 4 2 1 1  213 338 46 214
2502 4 2 1 1  537 372 693 538
2503 4 2 1 1  336 212 211 679
2504 4 2 1 1  707 519 520 717
2505 4 2 1 1  223 351 224 706
2506 4 2 1 1  704 517 518 386
2507 4 2 1 1  448 156 610 155
2508 4 2 1 1  706 351 224 352
2509 4 2 1 1  707 519 354 520
2510 4 2 1 1  338 213 757 214
2511 4 2 1 1  64 356 228 63
2512 4 2 1 1  507 721 458 459
2513 4 2 1 1  328 203 329 37
2514 4 2 1 1  738 665 666 636
2515 4 2 1 1  672 306 307 475
2516 4 2 1 1  722 719 390 558
2517 4 2 1 1  464 733 415 686
2518 4 2 1 1  177 8 178 299
2519 4 2 1 1  707 519 703 354
2520 4 2 1 1  434 433 745 481
2521 4 2 1 1  257 690 189 673
2522 4 2 1 1  385 517 704 386
2523 4 2 1 1  433 691 745 481
2524 4 2 1 1  257 690 188 189
2525 4 2 1 1  66 682 231 230
2526 4 2 1 1  400 730 531 399
2527 4 2 1 1  257 690 762 188
2528 4 2 1 1  691 433 480 481
2529 4 2 1 1  608 697 653 609
2530 4 2 1 1  302 470 471 668
2531 4 2 1 1  669 727 765 728
2532 4 2 1 1  66 682 359 231
2533 4 2 1 1  230 229 681 263
2534 4 2 1 1  602 438 145 601
2535 4 2 1 1  5 6 175 297
2536 4 2 1 1  252 236 770 769
2537 4 2 1 1  381 550 756 380
2538 4 2 1 1  715 348 514 513
2539 4 2 1 1  435 143 600 142
2540 4 2 1 1  66 682 358 359
2541 4 2 1 1  66 682 230 358
2542 4 2 1 1  699 697 609 652
2543 4 2 1 1  754 206 268 675
2544 4 2 1 1  754 206 265 268
2545 4 2 1 1  190 312 191 692
2546 4 2 1 1  703 704 518 717
2547 4 2 1 1  312 480 481 673
2548 4 2 1 1  335 293 693 462
2549 4 2 1 1  754 206 677 265
2550 4 2 1 1  585 635 713 548
2551 4 2 1 1  672 711 677 743
2552 4 2 1 1  183 285 753 286
2553 4 2 1 1  296 5 175 297
2554 4 2 1 1  727 564 728 627
2555 4 2 1 1  257 690 673 762
2556 4 2 1 1  460 508 459 720
2557 4 2 1 1  736 669 765 670
2558 4 2 1 1  554 717 387 704
2559 4 2 1 1  237 689 710 251
2560 4 2 1 1  431 691 432 479
2561 4 2 1 1  180 303 11 181
2562 4 2 1 1  714 336 211 678
2563 4 2 1 1  280 232 705 278
2564 4 2 1 1  705 232 280 683
2565 4 2 1 1  554 717 555 387
2566 4 2 1 1  54 346 347 221
2567 4 2 1 1  509 510 718 461
2568 4 2 1 1  183 753 672 286
2569 4 2 1 1  183 286 672 184
2570 4 2 1 1  669 648 728 587
2571 4 2 1 1  708 523 524 392
2572 4 2 1 1  232 233 683 360
2573 4 2 1 1  410 694 540 409
2574 4 2 1 1  440 747 603 441
2575 4 2 1 1  220 346 54 221
2576 4 2 1 1  718 510 509 751
2577 4 2 1 1  441 603 149 604
2578 4 2 1 1  128 421 419 584
2579 4 2 1 1  235 267 768 769
2580 4 2 1 1  180 303 302 11
2581 4 2 1 1  474 427 739 426
2582 4 2 1 1  554 717 628 555
2583 4 2 1 1  331 677 205 330
2584 4 2 1 1  394 562 102 103
2585 4 2 1 1  612 744 613 451
2586 4 2 1 1  678 336 211 679
2587 4 2 1 1  275 223 224 706
2588 4 2 1 1  626 665 727 636
2589 4 2 1 1  496 698 699 497
2590 4 2 1 1  251 250 710 238
2591 4 2 1 1  173 295 294 3
2592 4 2 1 1  369 684 535 370
2593 4 2 1 1  180 303 668 302
2594 4 2 1 1  758 173 294 172
2595 4 2 1 1  125 417 416 581
2596 4 2 1 1  458 721 620 459
2597 4 2 1 1  641 686 581 580
2598 4 2 1 1  237 365 73 238
2599 4 2 1 1  295 173 294 758
2600 4 2 1 1  678 724 504 505
2601 4 2 1 1  400 532 531 730
2602 4 2 1 1  363 235 768 769
2603 4 2 1 1  745 605 657 604
2604 4 2 1 1  651 652 699 610
2605 4 2 1 1  180 303 181 668
2606 4 2 1 1  311 189 190 20
2607 4 2 1 1  699 448 609 447
2608 4 2 1 1  554 717 704 628
2609 4 2 1 1  493 695 445 446
2610 4 2 1 1  760 176 249 250
2611 4 2 1 1  253 180 181 668
2612 4 2 1 1  361 233 234 69
2613 4 2 1 1  304 753 183 671
2614 4 2 1 1  562 394 395 103
2615 4 2 1 1  716 513 514 382
2616 4 2 1 1  68 361 233 360
2617 4 2 1 1  715 513 514 716
2618 4 2 1 1  351 58 223 59
2619 4 2 1 1  697 447 446 494
2620 4 2 1 1  354 226 353 703
2621 4 2 1 1  352 703 353 225
2622 4 2 1 1  199 325 200 695
2623 4 2 1 1  387 704 717 518
2624 4 2 1 1  32 199 198 324
2625 4 2 1 1  351 223 224 59
2626 4 2 1 1  628 555 717 629
2627 4 2 1 1  304 753 305 183
2628 4 2 1 1  357 681 229 701
2629 4 2 1 1  708 560 393 561
2630 4 2 1 1  721 629 719 630
2631 4 2 1 1  448 609 610 699
2632 4 2 1 1  391 559 722 558
2633 4 2 1 1  166 458 620 459
2634 4 2 1 1  336 212 679 337
2635 4 2 1 1  701 719 722 702
2636 4 2 1 1  173 295 684 758
2637 4 2 1 1  377 84 210 85
2638 4 2 1 1  283 173 758 172
2639 4 2 1 1  209 333 714 208
2640 4 2 1 1  672 711 743 475
2641 4 2 1 1  171 758 172 247
2642 4 2 1 1  2 293 294 172
2643 4 2 1 1  735 463 415 414
2644 4 2 1 1  333 675 714 208
2645 4 2 1 1  421 766 584 586
2646 4 2 1 1  610 449 156 448
2647 4 2 1 1  616 725 617 162
2648 4 2 1 1  678 336 679 505
2649 4 2 1 1  304 753 473 305
2650 4 2 1 1  321 489 674 320
2651 4 2 1 1  340 339 215 47
2652 4 2 1 1  451 748 613 452
2653 4 2 1 1  725 724 763 633
2654 4 2 1 1  708 559 392 560
2655 4 2 1 1  610 449 611 156
2656 4 2 1 1  611 450 157 449
2657 4 2 1 1  610 449 699 611
2658 4 2 1 1  315 193 24 23
2659 4 2 1 1  304 753 671 473
2660 4 2 1 1  415 464 686 416
2661 4 2 1 1  447 154 155 609
2662 4 2 1 1  610 449 448 699
2663 4 2 1 1  748 677 737 754
2664 4 2 1 1  133 425 132 590
2665 4 2 1 1  692 314 313 192
2666 4 2 1 1  675 726 676 749
2667 4 2 1 1  529 397 729 728
2668 4 2 1 1  696 287 709 698
2669 4 2 1 1  421 586 129 422
2670 4 2 1 1  563 104 395 396
2671 4 2 1 1  173 174 284 684
2672 4 2 1 1  634 725 763 633
2673 4 2 1 1  563 395 726 727
2674 4 2 1 1  738 726 765 727
2675 4 2 1 1  423 588 424 736
2676 4 2 1 1  447 609 155 448
2677 4 2 1 1  295 174 684 686
2678 4 2 1 1  679 212 211 681
2679 4 2 1 1  295 173 684 174
2680 4 2 1 1  508 721 459 720
2681 4 2 1 1  355 354 227 62
2682 4 2 1 1  361 526 683 360
2683 4 2 1 1  500 754 676 675
2684 4 2 1 1  315 483 484 674
2685 4 2 1 1  309 709 310 188
2686 4 2 1 1  756 503 379 512
2687 4 2 1 1  562 563 103 395
2688 4 2 1 1  193 315 24 316
2689 4 2 1 1  563 104 103 395
2690 4 2 1 1  692 314 482 313
2691 4 2 1 1  661 634 726 662
2692 4 2 1 1  366 365 531 710
2693 4 2 1 1  234 362 70 235
2694 4 2 1 1  633 722 763 708
2695 4 2 1 1  187 709 309 188
2696 4 2 1 1  588 423 669 736
2697 4 2 1 1  728 689 529 770
2698 4 2 1 1  418 127 583 126
2699 4 2 1 1  582 418 583 126
2700 4 2 1 1  500 754 748 676
2701 4 2 1 1  417 582 126 418
2702 4 2 1 1  438 437 145 601
2703 4 2 1 1  348 715 347 513
2704 4 2 1 1  481 691 692 673
2705 4 2 1 1  500 754 677 748
2706 4 2 1 1  410 576 118 119
2707 4 2 1 1  410 411 576 119
2708 4 2 1 1  725 504 502 714
2709 4 2 1 1  334 209 43 42
2710 4 2 1 1  546 685 544 758
2711 4 2 1 1  635 716 704 553
2712 4 2 1 1  621 460 459 720
2713 4 2 1 1  721 621 459 720
2714 4 2 1 1  546 685 545 544
2715 4 2 1 1  212 44 45 337
2716 4 2 1 1  684 371 243 693
2717 4 2 1 1  719 631 630 557
2718 4 2 1 1  685 694 734 693
2719 4 2 1 1  537 694 693 734
2720 4 2 1 1  692 314 674 482
2721 4 2 1 1  678 679 211 681
2722 4 2 1 1  684 758 693 247
2723 4 2 1 1  546 685 758 693
2724 4 2 1 1  474 740 473 426
2725 4 2 1 1  692 314 192 674
2726 4 2 1 1  180 269 668 253
2727 4 2 1 1  760 688 710 250
2728 4 2 1 1  252 761 178 179
2729 4 2 1 1  474 740 672 473
2730 4 2 1 1  233 767 755 361
2731 4 2 1 1  338 757 339 214
2732 4 2 1 1  428 427 739 475
2733 4 2 1 1  745 658 604 657
2734 4 2 1 1  474 740 739 672
2735 4 2 1 1  537 694 538 693
2736 4 2 1 1  489 321 674 490
2737 4 2 1 1  305 474 306 672
2738 4 2 1 1  183 13 304 182
2739 4 2 1 1  687 466 760 467
2740 4 2 1 1  242 684 243 283
2741 4 2 1 1  604 658 745 747
2742 4 2 1 1  374 539 540 693
2743 4 2 1 1  233 767 281 755
2744 4 2 1 1  22 191 313 192
2745 4 2 1 1  371 372 693 537
2746 4 2 1 1  510 511 713 292
2747 4 2 1 1  725 634 764 749
2748 4 2 1 1  661 634 616 749
2749 4 2 1 1  203 329 37 204
2750 4 2 1 1  634 725 616 749
2751 4 2 1 1  474 740 426 739
2752 4 2 1 1  713 511 510 752
2753 4 2 1 1  235 363 236 769
2754 4 2 1 1  233 767 234 281
2755 4 2 1 1  273 751 216 274
2756 4 2 1 1  727 669 627 728
2757 4 2 1 1  588 424 589 131
2758 4 2 1 1  661 615 749 616
2759 4 2 1 1  685 411 541 543
2760 4 2 1 1  668 761 302 470
2761 4 2 1 1  645 592 739 650
2762 4 2 1 1  329 38 37 204
2763 4 2 1 1  728 768 529 528
2764 4 2 1 1  715 513 716 756
2765 4 2 1 1  685 410 541 411
2766 4 2 1 1  704 387 554 386
2767 4 2 1 1  712 290 670 772
2768 4 2 1 1  496 698 327 495
2769 4 2 1 1  219 345 52 220
2770 4 2 1 1  529 768 728 770
2771 4 2 1 1  233 767 361 234
2772 4 2 1 1  210 262 693 171
2773 4 2 1 1  303 182 12 181
2774 4 2 1 1  648 587 647 728
2775 4 2 1 1  547 543 693 541
2776 4 2 1 1  293 171 758 172
2777 4 2 1 1  543 685 693 541
2778 4 2 1 1  764 634 708 726
2779 4 2 1 1  273 751 750 216
2780 4 2 1 1  67 359 231 66
2781 4 2 1 1  282 235 236 769
2782 4 2 1 1  634 726 561 708
2783 4 2 1 1  273 751 703 750
2784 4 2 1 1  354 226 227 62
2785 4 2 1 1  621 460 167 459
2786 4 2 1 1  735 642 733 734
2787 4 2 1 1  733 734 571 403
2788 4 2 1 1  507 721 702 458
2789 4 2 1 1  410 575 694 409
2790 4 2 1 1  166 621 167 459
2791 4 2 1 1  620 631 630 702
2792 4 2 1 1  273 751 274 703
2793 4 2 1 1  369 534 535 684
2794 4 2 1 1  476 742 743 428
2795 4 2 1 1  428 476 475 743
2796 4 2 1 1  341 509 510 751
2797 4 2 1 1  295 174 296 4
2798 4 2 1 1  668 423 471 669
2799 4 2 1 1  589 588 649 736
2800 4 2 1 1  564 565 728 627
2801 4 2 1 1  476 711 475 743
2802 4 2 1 1  447 696 494 697
2803 4 2 1 1  464 463 415 733
2804 4 2 1 1  303 182 304 12
2805 4 2 1 1  621 620 459 166
2806 4 2 1 1  459 620 621 721
2807 4 2 1 1  473 305 753 672
2808 4 2 1 1  186 308 16 17
2809 4 2 1 1  424 588 589 736
2810 4 2 1 1  338 700 507 757
2811 4 2 1 1  618 163 617 724
2812 4 2 1 1  649 588 669 736
2813 4 2 1 1  506 507 702 458
2814 4 2 1 1  664 738 736 665
2815 4 2 1 1  764 675 749 726
2816 4 2 1 1  499 677 500 331
2817 4 2 1 1  742 476 743 709
2818 4 2 1 1  753 265 677 286
2819 4 2 1 1  757 707 750 272
2820 4 2 1 1  761 766 468 469
2821 4 2 1 1  303 182 671 304
2822 4 2 1 1  476 711 743 709
2823 4 2 1 1  750 707 757 680
2824 4 2 1 1  447 696 495 494
2825 4 2 1 1  196 321 29 30
2826 4 2 1 1  411 120 577 576
2827 4 2 1 1  642 735 643 734
2828 4 2 1 1  111 110 570 402
2829 4 2 1 1  756 716 624 551
2830 4 2 1 1  542 715 503 756
2831 4 2 1 1  260 191 692 259
2832 4 2 1 1  676 453 614 452
2833 4 2 1 1  447 696 699 495
2834 4 2 1 1  578 644 643 735
2835 4 2 1 1  688 241 248 684
2836 4 2 1 1  572 404 113 112
2837 4 2 1 1  401 732 402 533
2838 4 2 1 1  447 696 697 699
2839 4 2 1 1  613 748 663 614
2840 4 2 1 1  709 477 309 478
2841 4 2 1 1  684 173 283 284
2842 4 2 1 1  686 688 248 684
2843 4 2 1 1  684 536 734 535
2844 4 2 1 1  392 722 559 708
2845 4 2 1 1  363 364 689 529
2846 4 2 1 1  392 722 391 559
2847 4 2 1 1  392 722 523 391
2848 4 2 1 1  371 372 79 244
2849 4 2 1 1  303 182 181 671
2850 4 2 1 1  716 706 516 715
2851 4 2 1 1  675 288 705 714
2852 4 2 1 1  748 646 659 663
2853 4 2 1 1  51 219 218 343
2854 4 2 1 1  746 695 492 673
2855 4 2 1 1  752 342 218 343
2856 4 2 1 1  194 318 317 26
2857 4 2 1 1  733 686 580 415
2858 4 2 1 1  193 674 316 194
2859 4 2 1 1  641 686 580 733
2860 4 2 1 1  237 251 710 238
2861 4 2 1 1  599 745 600 435
2862 4 2 1 1  686 732 640 731
2863 4 2 1 1  431 691 697 596
2864 4 2 1 1  761 178 759 251
2865 4 2 1 1  392 722 708 523
2866 4 2 1 1  344 715 752 512
2867 4 2 1 1  477 709 742 478
2868 4 2 1 1  659 646 748 740
2869 4 2 1 1  619 631 620 702
2870 4 2 1 1  34 200 326 201
2871 4 2 1 1  606 445 746 607
2872 4 2 1 1  431 690 479 478
2873 4 2 1 1  268 754 289 291
2874 4 2 1 1  747 658 600 601
2875 4 2 1 1  364 529 530 689
2876 4 2 1 1  158 451 613 159
2877 4 2 1 1  404 572 113 405
2878 4 2 1 1  123 124 415 580
2879 4 2 1 1  381 382 551 90
2880 4 2 1 1  716 706 704 516
2881 4 2 1 1  715 542 347 513
2882 4 2 1 1  313 22 192 314
2883 4 2 1 1  716 706 713 704
2884 4 2 1 1  629 628 720 717
2885 4 2 1 1  674 489 488 320
2886 4 2 1 1  489 747 674 488
2887 4 2 1 1  489 747 441 442
2888 4 2 1 1  453 160 614 452
2889 4 2 1 1  741 666 660 676
2890 4 2 1 1  613 452 614 159
2891 4 2 1 1  602 747 438 601
2892 4 2 1 1  289 754 268 675
2893 4 2 1 1  315 674 192 314
2894 4 2 1 1  684 463 295 464
2895 4 2 1 1  217 342 50 218
2896 4 2 1 1  431 690 691 479
2897 4 2 1 1  716 706 715 713
2898 4 2 1 1  128 127 584 419
2899 4 2 1 1  398 530 730 399
2900 4 2 1 1  110 569 401 109
2901 4 2 1 1  211 334 336 714
2902 4 2 1 1  752 510 342 511
2903 4 2 1 1  431 690 697 691
2904 4 2 1 1  613 451 452 159
2905 4 2 1 1  356 355 228 63
2906 4 2 1 1  213 700 701 679
2907 4 2 1 1  424 471 736 472
2908 4 2 1 1  757 272 214 271
2909 4 2 1 1  707 719 680 717
2910 4 2 1 1  295 463 684 758
2911 4 2 1 1  569 731 401 568
2912 4 2 1 1  555 556 388 717
2913 4 2 1 1  713 420 512 756
2914 4 2 1 1  211 334 43 336
2915 4 2 1 1  562 563 395 726
2916 4 2 1 1  493 695 492 445
2917 4 2 1 1  211 334 209 43
2918 4 2 1 1  311 189 20 19
2919 4 2 1 1  747 486 439 438
2920 4 2 1 1  401 731 569 732
2921 4 2 1 1  721 629 717 719
2922 4 2 1 1  565 627 647 728
2923 4 2 1 1  504 336 678 505
2924 4 2 1 1  323 673 492 324
2925 4 2 1 1  730 566 567 637
2926 4 2 1 1  191 312 313 692
2927 4 2 1 1  678 336 504 714
2928 4 2 1 1  741 667 666 738
2929 4 2 1 1  691 695 690 697
2930 4 2 1 1  638 730 567 637
2931 4 2 1 1  21 190 312 191
2932 4 2 1 1  691 431 597 596
2933 4 2 1 1  431 690 478 697
2934 4 2 1 1  744 499 748 451
2935 4 2 1 1  676 748 452 614
2936 4 2 1 1  708 726 525 683
2937 4 2 1 1  444 606 152 445
2938 4 2 1 1  444 151 152 606
2939 4 2 1 1  724 618 633 617
2940 4 2 1 1  211 334 714 209
2941 4 2 1 1  302 180 10 179
2942 4 2 1 1  328 203 202 698
2943 4 2 1 1  203 264 202 698
2944 4 2 1 1  688 367 366 239
2945 4 2 1 1  750 707 680 703
2946 4 2 1 1  346 715 347 221
2947 4 2 1 1  706 274 752 703
2948 4 2 1 1  762 188 690 310
2949 4 2 1 1  398 729 730 530
2950 4 2 1 1  632 559 558 722
2951 4 2 1 1  724 678 763 679
2952 4 2 1 1  695 696 697 494
2953 4 2 1 1  358 523 524 682
2954 4 2 1 1  9 10 179 301
2955 4 2 1 1  440 441 603 148
2956 4 2 1 1  499 744 498 451
2957 4 2 1 1  438 602 145 146
2958 4 2 1 1  264 287 202 698
2959 4 2 1 1  498 744 499 677
2960 4 2 1 1  423 669 728 587
2961 4 2 1 1  706 274 275 752
2962 4 2 1 1  738 667 666 665
2963 4 2 1 1  699 711 709 743
2964 4 2 1 1  342 752 218 217
2965 4 2 1 1  575 644 694 574
2966 4 2 1 1  688 367 532 366
2967 4 2 1 1  722 682 681 763
2968 4 2 1 1  542 715 347 346
2969 4 2 1 1  242 77 370 369
2970 4 2 1 1  77 242 370 78
2971 4 2 1 1  407 115 116 574
2972 4 2 1 1  348 715 514 349
2973 4 2 1 1  351 58 350 223
2974 4 2 1 1  716 382 383 551
2975 4 2 1 1  91 552 383 551
2976 4 2 1 1  371 78 370 243
2977 4 2 1 1  532 366 531 710
2978 4 2 1 1  719 557 390 558
2979 4 2 1 1  751 718 752 703
2980 4 2 1 1  695 762 690 697
2981 4 2 1 1  694 408 540 409
2982 4 2 1 1  506 700 702 507
2983 4 2 1 1  22 21 313 191
2984 4 2 1 1  21 312 313 191
2985 4 2 1 1  55 54 347 221
2986 4 2 1 1  715 222 350 349
2987 4 2 1 1  312 190 673 692
2988 4 2 1 1  259 190 191 692
2989 4 2 1 1  556 629 630 719
2990 4 2 1 1  711 498 329 677
2991 4 2 1 1  501 676 675 500
2992 4 2 1 1  726 738 666 636
2993 4 2 1 1  496 328 327 698
2994 4 2 1 1  522 391 722 390
2995 4 2 1 1  84 377 210 376
2996 4 2 1 1  171 2 293 1
2997 4 2 1 1  711 498 497 329
2998 4 2 1 1  456 163 618 724
2999 4 2 1 1  569 640 731 639
3000 4 2 1 1  738 665 727 765
3001 4 2 1 1  729 586 647 637
3002 4 2 1 1  711 498 743 497
3003 4 2 1 1  731 640 569 732
3004 4 2 1 1  476 308 307 709
3005 4 2 1 1  649 669 765 736
3006 4 2 1 1  738 671 754 737
3007 4 2 1 1  741 738 754 737
3008 4 2 1 1  229 64 357 356
3009 4 2 1 1  382 91 383 551
3010 4 2 1 1  229 701 228 356
3011 4 2 1 1  701 229 228 270
3012 4 2 1 1  757 213 701 271
3013 4 2 1 1  706 274 224 275
3014 4 2 1 1  556 555 629 717
3015 4 2 1 1  15 184 14 306
3016 4 2 1 1  765 755 712 767
3017 4 2 1 1  550 381 756 551
3018 4 2 1 1  751 752 274 703
3019 4 2 1 1  751 216 274 217
3020 4 2 1 1  275 752 274 217
3021 4 2 1 1  404 536 734 405
3022 4 2 1 1  711 498 677 743
3023 4 2 1 1  274 273 703 225
3024 4 2 1 1  64 229 357 65
3025 4 2 1 1  22 23 192 314
3026 4 2 1 1  752 751 274 217
3027 4 2 1 1  483 315 314 674
3028 4 2 1 1  483 747 436 484
3029 4 2 1 1  573 694 574 406
3030 4 2 1 1  407 539 538 694
3031 4 2 1 1  120 121 412 577
3032 4 2 1 1  427 428 739 593
3033 4 2 1 1  143 435 600 436
3034 4 2 1 1  747 437 484 485
3035 4 2 1 1  674 747 484 485
3036 4 2 1 1  327 328 202 698
3037 4 2 1 1  685 545 544 413
3038 4 2 1 1  728 766 689 770
3039 4 2 1 1  500 675 501 332
3040 4 2 1 1  699 697 709 696
3041 4 2 1 1  701 213 757 700
3042 4 2 1 1  764 675 705 714
3043 4 2 1 1  709 697 699 742
3044 4 2 1 1  286 753 672 677
3045 4 2 1 1  709 762 287 696
3046 4 2 1 1  363 236 689 364
3047 4 2 1 1  673 198 258 199
3048 4 2 1 1  229 65 230 357
3049 4 2 1 1  689 236 363 770
3050 4 2 1 1  369 688 684 241
3051 4 2 1 1  572 404 571 734
3052 4 2 1 1  723 506 679 702
3053 4 2 1 1  293 546 294 758
3054 4 2 1 1  747 437 438 601
3055 4 2 1 1  246 374 82 375
3056 4 2 1 1  700 701 679 702
3057 4 2 1 1  65 358 230 357
3058 4 2 1 1  714 334 504 502
3059 4 2 1 1  765 712 670 767
3060 4 2 1 1  509 508 750 340
3061 4 2 1 1  723 618 619 632
3062 4 2 1 1  328 36 327 202
3063 4 2 1 1  287 201 202 698
3064 4 2 1 1  326 201 698 327
3065 4 2 1 1  163 456 618 164
3066 4 2 1 1  322 321 197 30
3067 4 2 1 1  694 408 574 407
3068 4 2 1 1  711 476 307 709
3069 4 2 1 1  755 526 726 683
3070 4 2 1 1  748 741 737 646
3071 4 2 1 1  229 64 356 228
3072 4 2 1 1  753 473 740 737
3073 4 2 1 1  222 715 221 348
3074 4 2 1 1  582 417 731 418
3075 4 2 1 1  108 400 568 109
3076 4 2 1 1  174 5 296 4
3077 4 2 1 1  348 55 221 56
3078 4 2 1 1  78 242 370 243
3079 4 2 1 1  672 711 307 185
3080 4 2 1 1  694 408 575 574
3081 4 2 1 1  311 480 690 479
3082 4 2 1 1  611 450 612 157
3083 4 2 1 1  522 701 356 521
3084 4 2 1 1  609 448 610 155
3085 4 2 1 1  706 274 703 224
3086 4 2 1 1  690 480 311 673
3087 4 2 1 1  706 276 275 223
3088 4 2 1 1  706 276 752 275
3089 4 2 1 1  729 529 728 689
3090 4 2 1 1  627 648 647 728
3091 4 2 1 1  578 735 579 414
3092 4 2 1 1  685 411 543 412
3093 4 2 1 1  765 670 668 767
3094 4 2 1 1  174 684 248 284
3095 4 2 1 1  685 545 413 412
3096 4 2 1 1  248 684 174 686
3097 4 2 1 1  585 420 713 756
3098 4 2 1 1  339 214 47 46
3099 4 2 1 1  706 276 715 752
3100 4 2 1 1  592 427 135 134
3101 4 2 1 1  638 687 637 584
3102 4 2 1 1  668 770 728 773
3103 4 2 1 1  637 687 638 730
3104 4 2 1 1  331 754 206 677
3105 4 2 1 1  563 395 727 396
3106 4 2 1 1  288 675 705 280
3107 4 2 1 1  719 522 390 521
3108 4 2 1 1  585 549 756 624
3109 4 2 1 1  279 230 231 682
3110 4 2 1 1  331 754 675 206
3111 4 2 1 1  560 101 393 561
3112 4 2 1 1  232 278 231 705
3113 4 2 1 1  706 276 223 715
3114 4 2 1 1  434 433 599 745
3115 4 2 1 1  9 761 179 178
3116 4 2 1 1  747 489 674 490
3117 4 2 1 1  654 691 607 655
3118 4 2 1 1  730 400 731 568
3119 4 2 1 1  509 341 750 751
3120 4 2 1 1  748 659 613 663
3121 4 2 1 1  468 761 469 300
3122 4 2 1 1  354 61 226 62
3123 4 2 1 1  691 695 697 607
3124 4 2 1 1  8 9 178 300
3125 4 2 1 1  229 701 681 270
3126 4 2 1 1  331 754 500 675
3127 4 2 1 1  400 730 567 568
3128 4 2 1 1  400 401 731 568
3129 4 2 1 1  9 761 301 179
3130 4 2 1 1  9 761 300 301
3131 4 2 1 1  599 434 745 435
3132 4 2 1 1  599 434 142 141
3133 4 2 1 1  318 319 27 195
3134 4 2 1 1  580 686 581 416
3135 4 2 1 1  470 761 301 469
3136 4 2 1 1  319 28 195 320
3137 4 2 1 1  25 194 317 26
3138 4 2 1 1  668 728 765 773
3139 4 2 1 1  315 674 484 316
3140 4 2 1 1  592 427 134 426
3141 4 2 1 1  444 445 492 746
3142 4 2 1 1  586 422 587 129
3143 4 2 1 1  312 481 313 692
3144 4 2 1 1  677 672 740 753
3145 4 2 1 1  690 189 310 188
3146 4 2 1 1  753 473 672 740
3147 4 2 1 1  622 461 623 168
3148 4 2 1 1  622 460 461 168
3149 4 2 1 1  167 460 622 168
3150 4 2 1 1  194 318 27 195
3151 4 2 1 1  690 189 311 310
3152 4 2 1 1  87 88 379 550
3153 4 2 1 1  378 549 379 756
3154 4 2 1 1  690 189 673 311
3155 4 2 1 1  331 206 205 677
3156 4 2 1 1  87 549 379 378
3157 4 2 1 1  88 550 89 380
3158 4 2 1 1  9 761 178 300
3159 4 2 1 1  555 387 96 95
3160 4 2 1 1  331 754 677 500
3161 4 2 1 1  468 299 759 300
3162 4 2 1 1  709 762 310 188
3163 4 2 1 1  387 555 96 388
3164 4 2 1 1  372 371 693 244
3165 4 2 1 1  253 671 254 290
3166 4 2 1 1  482 692 481 745
3167 4 2 1 1  482 692 313 481
3168 4 2 1 1  549 550 379 756
3169 4 2 1 1  102 394 393 561
3170 4 2 1 1  549 87 379 550
3171 4 2 1 1  741 748 737 754
3172 4 2 1 1  473 425 740 737
3173 4 2 1 1  744 645 659 740
3174 4 2 1 1  736 738 671 670
3175 4 2 1 1  397 529 528 728
3176 4 2 1 1  655 606 656 746
3177 4 2 1 1  664 665 736 649
3178 4 2 1 1  67 232 359 360
3179 4 2 1 1  631 719 558 557
3180 4 2 1 1  358 230 357 681
3181 4 2 1 1  458 620 619 165
3182 4 2 1 1  619 620 458 702
3183 4 2 1 1  255 711 185 264
3184 4 2 1 1  394 526 726 395
3185 4 2 1 1  321 196 197 30
3186 4 2 1 1  482 692 745 674
3187 4 2 1 1  185 711 255 672
3188 4 2 1 1  586 766 647 587
3189 4 2 1 1  319 28 27 195
3190 4 2 1 1  762 256 257 188
3191 4 2 1 1  97 556 388 96
3192 4 2 1 1  659 645 646 740
3193 4 2 1 1  344 219 715 345
3194 4 2 1 1  716 713 715 756
3195 4 2 1 1  752 342 343 511
3196 4 2 1 1  703 352 353 518
3197 4 2 1 1  647 766 586 729
3198 4 2 1 1  752 276 219 218
3199 4 2 1 1  384 516 716 385
3200 4 2 1 1  342 343 50 218
3201 4 2 1 1  445 153 446 607
3202 4 2 1 1  433 598 140 141
3203 4 2 1 1  556 555 388 96
3204 4 2 1 1  483 674 314 482
3205 4 2 1 1  728 668 470 770
3206 4 2 1 1  420 378 512 756
3207 4 2 1 1  748 744 613 659
3208 4 2 1 1  226 61 353 225
3209 4 2 1 1  424 589 131 132
3210 4 2 1 1  134 133 591 426
3211 4 2 1 1  451 612 158 613
3212 4 2 1 1  219 276 752 715
3213 4 2 1 1  719 631 558 722
3214 4 2 1 1  715 512 713 752
3215 4 2 1 1  16 15 307 185
3216 4 2 1 1  713 512 715 756
3217 4 2 1 1  15 306 307 185
3218 4 2 1 1  443 745 604 605
3219 4 2 1 1  473 425 426 740
3220 4 2 1 1  490 674 745 692
3221 4 2 1 1  230 229 357 681
3222 4 2 1 1  609 697 653 652
3223 4 2 1 1  728 470 766 770
3224 4 2 1 1  745 674 490 747
3225 4 2 1 1  735 463 684 733
3226 4 2 1 1  78 371 79 243
3227 4 2 1 1  220 345 53 346
3228 4 2 1 1  220 715 346 221
3229 4 2 1 1  220 219 715 277
3230 4 2 1 1  684 463 735 758
3231 4 2 1 1  718 625 548 713
3232 4 2 1 1  680 701 757 700
3233 4 2 1 1  671 738 736 737
3234 4 2 1 1  757 701 680 707
3235 4 2 1 1  741 748 663 646
3236 4 2 1 1  679 722 702 701
3237 4 2 1 1  671 253 254 181
3238 4 2 1 1  768 771 770 769
3239 4 2 1 1  762 287 201 256
3240 4 2 1 1  702 722 679 723
3241 4 2 1 1  573 572 405 113
3242 4 2 1 1  288 278 280 705
3243 4 2 1 1  629 721 717 720
3244 4 2 1 1  308 186 307 709
3245 4 2 1 1  767 234 281 772
3246 4 2 1 1  748 613 452 614
3247 4 2 1 1  44 212 336 337
3248 4 2 1 1  325 199 324 695
3249 4 2 1 1  201 287 762 696
3250 4 2 1 1  362 361 234 69
3251 4 2 1 1  705 764 714 763
3252 4 2 1 1  467 687 418 419
3253 4 2 1 1  687 466 467 418
3254 4 2 1 1  703 707 680 717
3255 4 2 1 1  529 729 530 689
3256 4 2 1 1  678 724 763 714
3257 4 2 1 1  372 373 693 538
3258 4 2 1 1  770 771 768 773
3259 4 2 1 1  453 676 749 501
3260 4 2 1 1  279 714 211 678
3261 4 2 1 1  679 722 763 723
3262 4 2 1 1  676 675 749 501
3263 4 2 1 1  723 456 618 724
3264 4 2 1 1  714 279 682 678
3265 4 2 1 1  763 722 679 681
3266 4 2 1 1  582 417 581 686
3267 4 2 1 1  589 424 425 132
3268 4 2 1 1  566 729 730 398
3269 4 2 1 1  685 462 543 693
3270 4 2 1 1  127 583 584 419
3271 4 2 1 1  726 662 636 666
3272 4 2 1 1  476 308 709 477
3273 4 2 1 1  335 547 462 693
3274 4 2 1 1  338 339 46 214
3275 4 2 1 1  767 234 362 361
3276 4 2 1 1  685 462 545 543
3277 4 2 1 1  718 292 461 510
3278 4 2 1 1  709 762 696 697
3279 4 2 1 1  685 462 546 545
3280 4 2 1 1  387 704 518 386
3281 4 2 1 1  318 194 27 26
3282 4 2 1 1  263 229 681 270
3283 4 2 1 1  388 556 719 717
3284 4 2 1 1  681 522 722 701
3285 4 2 1 1  522 391 523 722
3286 4 2 1 1  723 724 679 505
3287 4 2 1 1  724 456 504 505
3288 4 2 1 1  723 506 457 505
3289 4 2 1 1  711 255 203 264
3290 4 2 1 1  423 588 131 424
3291 4 2 1 1  588 423 131 130
3292 4 2 1 1  633 723 763 722
3293 4 2 1 1  748 741 676 754
3294 4 2 1 1  685 462 693 546
3295 4 2 1 1  763 723 633 724
3296 4 2 1 1  681 522 523 722
3297 4 2 1 1  713 718 625 704
3298 4 2 1 1  39 38 330 205
3299 4 2 1 1  371 684 370 536
3300 4 2 1 1  404 734 535 403
3301 4 2 1 1  607 697 654 608
3302 4 2 1 1  328 203 36 202
3303 4 2 1 1  681 523 682 722
3304 4 2 1 1  705 708 525 683
3305 4 2 1 1  654 697 607 691
3306 4 2 1 1  523 708 682 722
3307 4 2 1 1  463 546 544 758
3308 4 2 1 1  641 642 733 580
3309 4 2 1 1  572 642 643 734
3310 4 2 1 1  396 527 727 528
3311 4 2 1 1  744 450 451 612
3312 4 2 1 1  677 499 500 748
3313 4 2 1 1  77 369 241 76
3314 4 2 1 1  598 691 745 433
3315 4 2 1 1  289 755 754 675
3316 4 2 1 1  754 755 289 712
3317 4 2 1 1  368 367 240 75
3318 4 2 1 1  176 298 6 7
3319 4 2 1 1  298 176 177 7
3320 4 2 1 1  646 645 591 740
3321 4 2 1 1  724 725 617 633
3322 4 2 1 1  290 291 671 254
3323 4 2 1 1  671 291 290 712
3324 4 2 1 1  326 495 327 698
3325 4 2 1 1  765 767 728 727
3326 4 2 1 1  665 765 736 649
3327 4 2 1 1  736 765 665 738
3328 4 2 1 1  737 667 738 664
3329 4 2 1 1  363 768 528 529
3330 4 2 1 1  733 464 684 686
3331 4 2 1 1  289 712 290 291
3332 4 2 1 1  336 44 43 211
3333 4 2 1 1  201 326 698 696
3334 4 2 1 1  732 641 733 686
3335 4 2 1 1  621 622 720 629
3336 4 2 1 1  460 622 461 720
3337 4 2 1 1  699 696 698 495
3338 4 2 1 1  497 699 449 743
3339 4 2 1 1  699 611 449 743
3340 4 2 1 1  460 509 508 720
3341 4 2 1 1  429 137 594 136
3342 4 2 1 1  635 625 553 704
3343 4 2 1 1  642 572 571 734
3344 4 2 1 1  450 497 449 743
3345 4 2 1 1  738 667 737 741
3346 4 2 1 1  685 735 734 694
3347 4 2 1 1  243 371 244 693
3348 4 2 1 1  729 530 710 730
3349 4 2 1 1  732 641 640 570
3350 4 2 1 1  417 466 731 418
3351 4 2 1 1  209 714 211 279
3352 4 2 1 1  245 374 246 693
3353 4 2 1 1  444 606 445 746
3354 4 2 1 1  532 367 688 533
3355 4 2 1 1  532 732 533 688
3356 4 2 1 1  732 532 533 401
3357 4 2 1 1  641 732 640 686
3358 4 2 1 1  242 684 369 370
3359 4 2 1 1  483 747 674 745
3360 4 2 1 1  728 767 765 773
3361 4 2 1 1  606 605 656 746
3362 4 2 1 1  245 374 81 82
3363 4 2 1 1  464 463 733 684
3364 4 2 1 1  463 735 415 733
3365 4 2 1 1  611 450 449 743
3366 4 2 1 1  737 671 677 753
3367 4 2 1 1  753 677 737 740
3368 4 2 1 1  688 368 369 534
3369 4 2 1 1  471 423 736 669
3370 4 2 1 1  123 414 579 415
3371 4 2 1 1  569 732 570 402
3372 4 2 1 1  424 423 736 471
3373 4 2 1 1  496 699 495 448
3374 4 2 1 1  599 598 656 745
3375 4 2 1 1  738 736 765 670
3376 4 2 1 1  671 738 712 670
3377 4 2 1 1  349 222 350 57
3378 4 2 1 1  246 375 82 83
3379 4 2 1 1  298 177 299 7
3380 4 2 1 1  742 709 697 478
3381 4 2 1 1  677 671 737 754
3382 4 2 1 1  691 695 746 673
3383 4 2 1 1  625 635 713 704
3384 4 2 1 1  607 446 697 608
3385 4 2 1 1  652 609 699 610
3386 4 2 1 1  433 598 599 745
3387 4 2 1 1  599 435 600 142
3388 4 2 1 1  219 344 752 343
3389 4 2 1 1  752 344 219 715
3390 4 2 1 1  493 325 324 695
3391 4 2 1 1  605 444 606 151
3392 4 2 1 1  94 553 385 93
3393 4 2 1 1  481 312 673 692
3394 4 2 1 1  699 447 495 448
3395 4 2 1 1  326 696 495 698
3396 4 2 1 1  236 71 363 235
3397 4 2 1 1  738 754 755 676
3398 4 2 1 1  715 348 347 221
3399 4 2 1 1  658 747 602 601
3400 4 2 1 1  25 193 24 316
3401 4 2 1 1  712 289 290 281
3402 4 2 1 1  755 754 738 712
3403 4 2 1 1  363 362 528 768
3404 4 2 1 1  353 519 703 518
3405 4 2 1 1  724 678 679 505
3406 4 2 1 1  747 658 603 604
3407 4 2 1 1  586 421 128 584
3408 4 2 1 1  361 527 362 767
3409 4 2 1 1  302 301 470 761
3410 4 2 1 1  648 669 728 627
3411 4 2 1 1  270 213 679 212
3412 4 2 1 1  362 69 234 70
3413 4 2 1 1  365 366 73 238
3414 4 2 1 1  354 355 707 520
3415 4 2 1 1  679 213 270 701
3416 4 2 1 1  757 700 507 680
3417 4 2 1 1  250 710 759 251
3418 4 2 1 1  97 98 389 557
3419 4 2 1 1  520 388 389 719
3420 4 2 1 1  712 767 281 772
3421 4 2 1 1  444 443 746 491
3422 4 2 1 1  183 305 13 14
3423 4 2 1 1  153 445 152 607
3424 4 2 1 1  605 443 745 746
3425 4 2 1 1  712 281 290 772
3426 4 2 1 1  234 768 767 362
3427 4 2 1 1  671 712 754 291
3428 4 2 1 1  332 675 501 333
3429 4 2 1 1  441 747 604 442
3430 4 2 1 1  305 183 184 14
3431 4 2 1 1  222 58 350 57
3432 4 2 1 1  289 675 268 266
3433 4 2 1 1  199 198 324 673
3434 4 2 1 1  767 768 234 772
3435 4 2 1 1  697 446 607 695
3436 4 2 1 1  464 295 686 296
3437 4 2 1 1  504 678 714 724
3438 4 2 1 1  504 724 714 725
3439 4 2 1 1  378 756 379 512
3440 4 2 1 1  311 480 312 673
3441 4 2 1 1  760 710 731 687
3442 4 2 1 1  48 340 215 47
3443 4 2 1 1  615 453 614 676
3444 4 2 1 1  695 493 494 446
3445 4 2 1 1  766 761 468 759
3446 4 2 1 1  761 468 759 300
3447 4 2 1 1  199 200 257 695
3448 4 2 1 1  445 695 492 746
3449 4 2 1 1  530 729 710 689
3450 4 2 1 1  365 366 238 710
3451 4 2 1 1  726 634 561 662
3452 4 2 1 1  501 502 749 454
3453 4 2 1 1  721 620 630 702
3454 4 2 1 1  731 710 760 688
3455 4 2 1 1  731 466 687 418
3456 4 2 1 1  715 220 277 221
3457 4 2 1 1  430 477 429 742
3458 4 2 1 1  756 550 551 624
3459 4 2 1 1  198 323 324 673
3460 4 2 1 1  471 670 668 669
3461 4 2 1 1  233 361 683 360
3462 4 2 1 1  186 709 287 264
3463 4 2 1 1  430 431 596 138
3464 4 2 1 1  673 695 492 324
3465 4 2 1 1  654 691 596 697
3466 4 2 1 1  691 433 432 480
3467 4 2 1 1  309 709 478 310
3468 4 2 1 1  232 705 360 683
3469 4 2 1 1  550 381 89 380
3470 4 2 1 1  687 466 731 760
3471 4 2 1 1  382 91 551 90
3472 4 2 1 1  755 281 712 767
3473 4 2 1 1  585 420 86 170
3474 4 2 1 1  89 381 551 90
3475 4 2 1 1  671 736 471 472
3476 4 2 1 1  511 344 752 512
3477 4 2 1 1  550 381 551 89
3478 4 2 1 1  199 695 673 324
3479 4 2 1 1  752 275 276 218
3480 4 2 1 1  471 736 671 670
3481 4 2 1 1  216 341 48 49
3482 4 2 1 1  325 199 200 33
3483 4 2 1 1  511 344 343 752
3484 4 2 1 1  681 279 230 263
3485 4 2 1 1  437 144 145 601
3486 4 2 1 1  298 467 760 466
3487 4 2 1 1  335 210 171 1
3488 4 2 1 1  758 283 172 247
3489 4 2 1 1  267 769 269 771
3490 4 2 1 1  760 467 298 759
3491 4 2 1 1  12 11 303 181
3492 4 2 1 1  607 746 695 445
3493 4 2 1 1  267 269 253 771
3494 4 2 1 1  536 404 734 535
3495 4 2 1 1  695 746 607 691
3496 4 2 1 1  638 687 731 730
3497 4 2 1 1  239 74 366 238
3498 4 2 1 1  733 734 403 535
3499 4 2 1 1  718 628 704 717
3500 4 2 1 1  715 222 221 277
3501 4 2 1 1  713 511 512 420
3502 4 2 1 1  766 587 728 647
3503 4 2 1 1  508 721 720 680
3504 4 2 1 1  213 338 337 45
3505 4 2 1 1  168 461 623 169
3506 4 2 1 1  512 511 713 752
3507 4 2 1 1  420 292 713 511
3508 4 2 1 1  230 279 681 682
3509 4 2 1 1  678 279 682 681
3510 4 2 1 1  578 735 414 413
3511 4 2 1 1  475 307 711 476
3512 4 2 1 1  595 430 697 596
3513 4 2 1 1  711 307 475 672
3514 4 2 1 1  331 206 207 40
3515 4 2 1 1  697 430 595 742
3516 4 2 1 1  678 682 763 681
3517 4 2 1 1  269 282 252 769
3518 4 2 1 1  251 759 689 710
3519 4 2 1 1  697 653 595 596
3520 4 2 1 1  343 219 218 752
3521 4 2 1 1  725 724 455 504
3522 4 2 1 1  556 719 630 557
3523 4 2 1 1  34 325 200 33
3524 4 2 1 1  759 760 710 250
3525 4 2 1 1  705 232 360 359
3526 4 2 1 1  642 641 733 571
3527 4 2 1 1  689 759 251 761
3528 4 2 1 1  671 183 182 285
3529 4 2 1 1  710 760 759 687
3530 4 2 1 1  506 700 679 702
3531 4 2 1 1  280 233 683 232
3532 4 2 1 1  32 199 324 33
3533 4 2 1 1  193 315 316 674
3534 4 2 1 1  471 670 669 736
3535 4 2 1 1  718 752 713 510
3536 4 2 1 1  674 194 261 195
3537 4 2 1 1  730 532 710 731
3538 4 2 1 1  683 233 280 755
3539 4 2 1 1  31 322 197 30
3540 4 2 1 1  288 714 208 209
3541 4 2 1 1  691 480 432 479
3542 4 2 1 1  222 223 277 715
3543 4 2 1 1  178 177 759 251
3544 4 2 1 1  282 236 252 769
3545 4 2 1 1  298 467 299 759
3546 4 2 1 1  540 694 693 539
3547 4 2 1 1  687 766 468 759
3548 4 2 1 1  236 252 689 237
3549 4 2 1 1  182 183 671 304
3550 4 2 1 1  212 213 679 337
3551 4 2 1 1  711 328 329 497
3552 4 2 1 1  265 671 291 285
3553 4 2 1 1  470 766 761 469
3554 4 2 1 1  208 714 288 675
3555 4 2 1 1  467 687 468 759
3556 4 2 1 1  252 761 251 178
3557 4 2 1 1  563 562 636 726
3558 4 2 1 1  237 252 689 251
3559 4 2 1 1  252 761 689 251
3560 4 2 1 1  291 671 265 754
3561 4 2 1 1  414 578 122 579
3562 4 2 1 1  724 456 455 504
3563 4 2 1 1  755 738 765 712
3564 4 2 1 1  765 738 755 726
3565 4 2 1 1  245 262 244 693
3566 4 2 1 1  734 733 684 535
3567 4 2 1 1  263 212 270 681
3568 4 2 1 1  425 473 472 737
3569 4 2 1 1  761 770 766 470
3570 4 2 1 1  423 728 668 470
3571 4 2 1 1  729 566 730 637
3572 4 2 1 1  668 728 423 669
3573 4 2 1 1  61 353 225 60
3574 4 2 1 1  199 325 324 33
3575 4 2 1 1  197 323 198 692
3576 4 2 1 1  729 529 530 398
3577 4 2 1 1  685 410 576 694
3578 4 2 1 1  491 322 692 323
3579 4 2 1 1  120 411 577 412
3580 4 2 1 1  473 671 472 737
3581 4 2 1 1  322 31 197 323
3582 4 2 1 1  695 691 690 673
3583 4 2 1 1  212 213 337 45
3584 4 2 1 1  766 770 761 689
3585 4 2 1 1  674 260 261 192
3586 4 2 1 1  716 552 624 551
3587 4 2 1 1  180 11 302 10
3588 4 2 1 1  279 681 211 263
3589 4 2 1 1  689 761 252 770
3590 4 2 1 1  322 197 692 323
3591 4 2 1 1  211 681 279 678
3592 4 2 1 1  292 718 713 510
3593 4 2 1 1  575 408 116 574
3594 4 2 1 1  754 265 291 268
3595 4 2 1 1  689 252 236 770
3596 4 2 1 1  265 753 671 285
3597 4 2 1 1  671 753 265 677
3598 4 2 1 1  219 344 51 52
3599 4 2 1 1  674 486 318 487
3600 4 2 1 1  457 506 702 458
3601 4 2 1 1  486 747 487 674
3602 4 2 1 1  147 602 439 146
3603 4 2 1 1  747 440 439 487
3604 4 2 1 1  544 758 735 463
3605 4 2 1 1  699 711 743 497
3606 4 2 1 1  407 539 694 408
3607 4 2 1 1  735 758 544 685
3608 4 2 1 1  325 493 494 695
3609 4 2 1 1  273 226 703 225
3610 4 2 1 1  143 600 601 436
3611 4 2 1 1  742 428 593 743
3612 4 2 1 1  671 736 472 737
3613 4 2 1 1  658 747 600 745
3614 4 2 1 1  227 272 707 271
3615 4 2 1 1  701 270 679 681
3616 4 2 1 1  282 269 267 769
3617 4 2 1 1  282 267 235 769
3618 4 2 1 1  734 404 571 403
3619 4 2 1 1  522 681 523 357
3620 4 2 1 1  245 374 373 81
3621 4 2 1 1  699 711 497 698
3622 4 2 1 1  308 709 477 309
3623 4 2 1 1  471 671 668 670
3624 4 2 1 1  127 418 583 419
3625 4 2 1 1  345 503 715 512
3626 4 2 1 1  729 397 398 566
3627 4 2 1 1  529 397 398 729
3628 4 2 1 1  104 563 564 396
3629 4 2 1 1  410 575 409 118
3630 4 2 1 1  684 371 370 243
3631 4 2 1 1  428 739 743 475
3632 4 2 1 1  635 552 624 716
3633 4 2 1 1  739 672 743 475
3634 4 2 1 1  326 494 495 696
3635 4 2 1 1  668 770 773 771
3636 4 2 1 1  504 725 502 455
3637 4 2 1 1  285 265 753 286
3638 4 2 1 1  156 611 157 449
3639 4 2 1 1  483 745 482 435
3640 4 2 1 1  745 483 482 674
3641 4 2 1 1  246 375 83 376
3642 4 2 1 1  552 384 383 716
3643 4 2 1 1  675 331 207 332
3644 4 2 1 1  206 331 39 40
3645 4 2 1 1  299 8 178 300
3646 4 2 1 1  362 363 235 768
3647 4 2 1 1  273 272 215 750
3648 4 2 1 1  745 434 482 435
3649 4 2 1 1  454 725 616 162
3650 4 2 1 1  772 668 773 771
3651 4 2 1 1  232 68 233 360
3652 4 2 1 1  245 374 693 373
3653 4 2 1 1  375 374 540 693
3654 4 2 1 1  79 372 80 244
3655 4 2 1 1  651 742 743 699
$EndElements
